path,label,source,dataset,domain,generator,split_hint,sample_weight,is_hard_negative,added_iter
/ai_paas_jf/pangqs/AIGC/safepp_pytorch/data/test/chameleon/fake/004c5303-a7fa-4398-bf0d-c132a581f72d.jpg,1,chameleon_fake,chameleon,root,unknown_fake,seen,1.0,0,base
/ai_paas_jf/pangqs/AIGC/safepp_pytorch/data/test/chameleon/fake/00821f4f-b191-492e-b768-52612e6c9938.jpg,1,chameleon_fake,chameleon,root,unknown_fake,seen,1.0,0,base
/ai_paas_jf/pangqs/AIGC/safepp_pytorch/data/test/chameleon/fake/00a9c7f4-10fc-4a32-a609-76e7c6e9c1d6.jpg,1,chameleon_fake,chameleon,root,unknown_fake,seen,1.0,0,base
/ai_paas_jf/pangqs/AIGC/safepp_pytorch/data/test/chameleon/fake/012702d3-4ba3-493e-994b-f68db4324154.jpg,1,chameleon_fake,chameleon,root,unknown_fake,seen,1.0,0,base
/ai_paas_jf/pangqs/AIGC/safepp_pytorch/data/test/chameleon/fake/01d74ff1-97c0-4ab7-9fe6-4dd2e3fdf5c8.jpg,1,chameleon_fake,chameleon,root,unknown_fake,seen,1.0,0,base
/ai_paas_jf/pangqs/AIGC/safepp_pytorch/data/test/chameleon/fake/03dc3dee-9f7f-4fa3-b34c-e44cc9eb7ef0.jpg,1,chameleon_fake,chameleon,root,unknown_fake,seen,1.0,0,base
/ai_paas_jf/pangqs/AIGC/safepp_pytorch/data/test/chameleon/fake/0411d707-d30d-4247-8d6f-caf7df95fa30.jpg,1,chameleon_fake,chameleon,root,unknown_fake,seen,1.0,0,base
/ai_paas_jf/pangqs/AIGC/safepp_pytorch/data/test/chameleon/fake/0420772e-c69b-46c2-8d0e-d61153add1cf.jpg,1,chameleon_fake,chameleon,root,unknown_fake,seen,1.0,0,base
/ai_paas_jf/pangqs/AIGC/safepp_pytorch/data/test/chameleon/fake/0520b642-7b0d-430d-8344-d73cad47428f.jpg,1,chameleon_fake,chameleon,root,unknown_fake,seen,1.0,0,base
/ai_paas_jf/pangqs/AIGC/safepp_pytorch/data/test/chameleon/fake/054c4a56-64ec-4b66-809a-7348bc0f22bc.jpg,1,chameleon_fake,chameleon,root,unknown_fake,seen,1.0,0,base
/ai_paas_jf/pangqs/AIGC/safepp_pytorch/data/test/chameleon/fake/0592d774-e371-406d-9023-100439466f5f.jpg,1,chameleon_fake,chameleon,root,unknown_fake,seen,1.0,0,base
/ai_paas_jf/pangqs/AIGC/safepp_pytorch/data/test/chameleon/fake/0618c777-e661-4b6d-a2fc-2c00ff8787ee.jpg,1,chameleon_fake,chameleon,root,unknown_fake,seen,1.0,0,base
/ai_paas_jf/pangqs/AIGC/safepp_pytorch/data/test/chameleon/fake/06aaeede-af6c-461c-a375-279e85bbf906.jpg,1,chameleon_fake,chameleon,root,unknown_fake,seen,1.0,0,base
/ai_paas_jf/pangqs/AIGC/safepp_pytorch/data/test/chameleon/fake/06eab5b3-0c5e-472b-bcea-b1383bf611d7.jpg,1,chameleon_fake,chameleon,root,unknown_fake,seen,1.0,0,base
/ai_paas_jf/pangqs/AIGC/safepp_pytorch/data/test/chameleon/fake/07ab3020-3a20-4787-8719-11514c6bb466.jpg,1,chameleon_fake,chameleon,root,unknown_fake,seen,1.0,0,base
/ai_paas_jf/pangqs/AIGC/safepp_pytorch/data/test/chameleon/fake/08499751-4f0b-4094-b5bb-bc797c42d71a.jpg,1,chameleon_fake,chameleon,root,unknown_fake,seen,1.0,0,base
/ai_paas_jf/pangqs/AIGC/safepp_pytorch/data/test/chameleon/fake/08c740f6-96e6-46ca-8257-abcc8a7eac28.jpg,1,chameleon_fake,chameleon,root,unknown_fake,seen,1.0,0,base
/ai_paas_jf/pangqs/AIGC/safepp_pytorch/data/test/chameleon/fake/091df3cb-6ad5-4e3d-b3d2-dbbc08f1d579.jpg,1,chameleon_fake,chameleon,root,unknown_fake,seen,1.0,0,base
/ai_paas_jf/pangqs/AIGC/safepp_pytorch/data/test/chameleon/fake/092d5f0a-4ff1-423f-86ba-a01b6a8ddf63.jpg,1,chameleon_fake,chameleon,root,unknown_fake,seen,1.0,0,base
/ai_paas_jf/pangqs/AIGC/safepp_pytorch/data/test/chameleon/fake/09de3717-3a0f-4331-bddf-ce1bf1642f74.jpg,1,chameleon_fake,chameleon,root,unknown_fake,seen,1.0,0,base
/ai_paas_jf/pangqs/AIGC/safepp_pytorch/data/test/chameleon/fake/09eb7a28-45f8-4823-bb70-bf437f10e63d.jpg,1,chameleon_fake,chameleon,root,unknown_fake,seen,1.0,0,base
/ai_paas_jf/pangqs/AIGC/safepp_pytorch/data/test/chameleon/fake/0ac1f74f-4337-48e8-9205-ddecc00a333d.jpg,1,chameleon_fake,chameleon,root,unknown_fake,seen,1.0,0,base
/ai_paas_jf/pangqs/AIGC/safepp_pytorch/data/test/chameleon/fake/0b70bcac-5f54-49bd-a056-f132e9db38cc.jpg,1,chameleon_fake,chameleon,root,unknown_fake,seen,1.0,0,base
/ai_paas_jf/pangqs/AIGC/safepp_pytorch/data/test/chameleon/fake/0b733bff-f4a7-4ac8-b1b7-9367f040a4e2.jpg,1,chameleon_fake,chameleon,root,unknown_fake,seen,1.0,0,base
/ai_paas_jf/pangqs/AIGC/safepp_pytorch/data/test/chameleon/fake/0e6c573b-036d-44c0-815a-4e69a03b62bf.jpg,1,chameleon_fake,chameleon,root,unknown_fake,seen,1.0,0,base
/ai_paas_jf/pangqs/AIGC/safepp_pytorch/data/test/chameleon/fake/0f0e3a9f-ba21-42e5-a1ed-584e34ce4738.jpg,1,chameleon_fake,chameleon,root,unknown_fake,seen,1.0,0,base
/ai_paas_jf/pangqs/AIGC/safepp_pytorch/data/test/chameleon/fake/0f47b93c-78ea-4dc2-a6aa-c741e9b3b758.jpg,1,chameleon_fake,chameleon,root,unknown_fake,seen,1.0,0,base
/ai_paas_jf/pangqs/AIGC/safepp_pytorch/data/test/chameleon/fake/0f669a88-0303-4826-bf18-0f056f11c451.jpg,1,chameleon_fake,chameleon,root,unknown_fake,seen,1.0,0,base
/ai_paas_jf/pangqs/AIGC/safepp_pytorch/data/test/chameleon/fake/0fc72dd5-c006-4854-b5ad-822ba74ee3d5.jpg,1,chameleon_fake,chameleon,root,unknown_fake,seen,1.0,0,base
/ai_paas_jf/pangqs/AIGC/safepp_pytorch/data/test/chameleon/fake/107b50b8-c633-42de-b9eb-f5203d9818c4.jpg,1,chameleon_fake,chameleon,root,unknown_fake,seen,1.0,0,base
/ai_paas_jf/pangqs/AIGC/safepp_pytorch/data/test/chameleon/fake/10b56644-9d01-4c5c-8d41-db79612aa770.jpg,1,chameleon_fake,chameleon,root,unknown_fake,seen,1.0,0,base
/ai_paas_jf/pangqs/AIGC/safepp_pytorch/data/test/chameleon/fake/10c826b3-62ba-4aaa-91d5-c69ae78e8751.jpg,1,chameleon_fake,chameleon,root,unknown_fake,seen,1.0,0,base
/ai_paas_jf/pangqs/AIGC/safepp_pytorch/data/test/chameleon/fake/11687aaa-dcd9-484d-854e-ff14bff725cc.jpg,1,chameleon_fake,chameleon,root,unknown_fake,seen,1.0,0,base
/ai_paas_jf/pangqs/AIGC/safepp_pytorch/data/test/chameleon/fake/11ab3cd6-53ec-4973-b715-2580f1c77572.jpg,1,chameleon_fake,chameleon,root,unknown_fake,seen,1.0,0,base
/ai_paas_jf/pangqs/AIGC/safepp_pytorch/data/test/chameleon/fake/1384b31f-5449-4e85-9581-1ca2fdcdcccf.jpg,1,chameleon_fake,chameleon,root,unknown_fake,seen,1.0,0,base
/ai_paas_jf/pangqs/AIGC/safepp_pytorch/data/test/chameleon/fake/143acc46-f474-4977-a384-ee6d1499a562.jpg,1,chameleon_fake,chameleon,root,unknown_fake,seen,1.0,0,base
/ai_paas_jf/pangqs/AIGC/safepp_pytorch/data/test/chameleon/fake/14e676ae-5816-4ba7-85ea-e854adc50152.jpg,1,chameleon_fake,chameleon,root,unknown_fake,seen,1.0,0,base
/ai_paas_jf/pangqs/AIGC/safepp_pytorch/data/test/chameleon/fake/1594e7e5-357a-4e95-8930-55f8a282f9d4.jpg,1,chameleon_fake,chameleon,root,unknown_fake,seen,1.0,0,base
/ai_paas_jf/pangqs/AIGC/safepp_pytorch/data/test/chameleon/fake/16bd8e9c-25b9-49ae-8243-d3a5b1144032.jpg,1,chameleon_fake,chameleon,root,unknown_fake,seen,1.0,0,base
/ai_paas_jf/pangqs/AIGC/safepp_pytorch/data/test/chameleon/fake/182a355f-c6b7-4371-972c-069fdc79425d.jpg,1,chameleon_fake,chameleon,root,unknown_fake,seen,1.0,0,base
/ai_paas_jf/pangqs/AIGC/safepp_pytorch/data/test/chameleon/fake/18d00e97-7f7b-4fdf-aa68-ee953d4f1e57.jpg,1,chameleon_fake,chameleon,root,unknown_fake,seen,1.0,0,base
/ai_paas_jf/pangqs/AIGC/safepp_pytorch/data/test/chameleon/fake/19980f74-eb76-4817-9ffc-57db6259be2d.jpg,1,chameleon_fake,chameleon,root,unknown_fake,seen,1.0,0,base
/ai_paas_jf/pangqs/AIGC/safepp_pytorch/data/test/chameleon/fake/1b17fae8-a4c5-4f55-b4df-8405d4fe25f1.jpg,1,chameleon_fake,chameleon,root,unknown_fake,seen,1.0,0,base
/ai_paas_jf/pangqs/AIGC/safepp_pytorch/data/test/chameleon/fake/1c0bb835-d3a0-4bdf-8d80-a44c0f63b720.jpg,1,chameleon_fake,chameleon,root,unknown_fake,seen,1.0,0,base
/ai_paas_jf/pangqs/AIGC/safepp_pytorch/data/test/chameleon/fake/1c1db20d-a10c-45d4-8c34-7cd426c05acf.jpg,1,chameleon_fake,chameleon,root,unknown_fake,seen,1.0,0,base
/ai_paas_jf/pangqs/AIGC/safepp_pytorch/data/test/chameleon/fake/1c431b55-b701-45fa-aeda-2fd65ff9e60e.jpg,1,chameleon_fake,chameleon,root,unknown_fake,seen,1.0,0,base
/ai_paas_jf/pangqs/AIGC/safepp_pytorch/data/test/chameleon/fake/1ca9a3ee-eca8-400c-9aa4-6c36801ad9c3.jpg,1,chameleon_fake,chameleon,root,unknown_fake,seen,1.0,0,base
/ai_paas_jf/pangqs/AIGC/safepp_pytorch/data/test/chameleon/fake/1d6eb1c6-fc78-40ac-aed6-ab974becdc89.jpg,1,chameleon_fake,chameleon,root,unknown_fake,seen,1.0,0,base
/ai_paas_jf/pangqs/AIGC/safepp_pytorch/data/test/chameleon/fake/1d8f3d67-e273-4c0f-844d-9bc518e8d85a.jpg,1,chameleon_fake,chameleon,root,unknown_fake,seen,1.0,0,base
/ai_paas_jf/pangqs/AIGC/safepp_pytorch/data/test/chameleon/fake/1eb4b9ea-50a7-4779-a6b3-d6f7d79b741f.jpg,1,chameleon_fake,chameleon,root,unknown_fake,seen,1.0,0,base
/ai_paas_jf/pangqs/AIGC/safepp_pytorch/data/test/chameleon/fake/1fb13401-38fe-4094-b806-f932ec07f6d4.jpg,1,chameleon_fake,chameleon,root,unknown_fake,seen,1.0,0,base
/ai_paas_jf/pangqs/AIGC/safepp_pytorch/data/test/chameleon/fake/1fcd50af-9b4b-4284-b0d2-3afd2fcf0ba1.jpg,1,chameleon_fake,chameleon,root,unknown_fake,seen,1.0,0,base
/ai_paas_jf/pangqs/AIGC/safepp_pytorch/data/test/chameleon/fake/20c4af41-1d7a-46d4-9c77-cdab30128881.jpg,1,chameleon_fake,chameleon,root,unknown_fake,seen,1.0,0,base
/ai_paas_jf/pangqs/AIGC/safepp_pytorch/data/test/chameleon/fake/21a678be-d990-4082-8479-96a3e40261e2.jpg,1,chameleon_fake,chameleon,root,unknown_fake,seen,1.0,0,base
/ai_paas_jf/pangqs/AIGC/safepp_pytorch/data/test/chameleon/fake/21e7e005-8f24-4803-ba56-b432f721f950.jpg,1,chameleon_fake,chameleon,root,unknown_fake,seen,1.0,0,base
/ai_paas_jf/pangqs/AIGC/safepp_pytorch/data/test/chameleon/fake/22317d1e-889c-4e12-97d1-0de36c176116.jpg,1,chameleon_fake,chameleon,root,unknown_fake,seen,1.0,0,base
/ai_paas_jf/pangqs/AIGC/safepp_pytorch/data/test/chameleon/fake/22a72dc7-02b9-4db5-b957-0fb089b4f2d6.jpg,1,chameleon_fake,chameleon,root,unknown_fake,seen,1.0,0,base
/ai_paas_jf/pangqs/AIGC/safepp_pytorch/data/test/chameleon/fake/22c890e3-0d4d-4fca-8fc5-8074b24003b4.jpg,1,chameleon_fake,chameleon,root,unknown_fake,seen,1.0,0,base
/ai_paas_jf/pangqs/AIGC/safepp_pytorch/data/test/chameleon/fake/22e27c53-275a-4d55-976b-5912987fcd6b.jpg,1,chameleon_fake,chameleon,root,unknown_fake,seen,1.0,0,base
/ai_paas_jf/pangqs/AIGC/safepp_pytorch/data/test/chameleon/fake/22ed1c4b-fa1e-4ac6-a1a0-39cae81fbb4a.jpg,1,chameleon_fake,chameleon,root,unknown_fake,seen,1.0,0,base
/ai_paas_jf/pangqs/AIGC/safepp_pytorch/data/test/chameleon/fake/232d3d7c-f990-42b8-9ebe-47717e592dd0.jpg,1,chameleon_fake,chameleon,root,unknown_fake,seen,1.0,0,base
/ai_paas_jf/pangqs/AIGC/safepp_pytorch/data/test/chameleon/fake/243a13b6-299f-4c25-a347-31da6ba4eda9.jpg,1,chameleon_fake,chameleon,root,unknown_fake,seen,1.0,0,base
/ai_paas_jf/pangqs/AIGC/safepp_pytorch/data/test/chameleon/fake/24d1714d-55b1-4352-8956-6e50d0091a73.jpg,1,chameleon_fake,chameleon,root,unknown_fake,seen,1.0,0,base
/ai_paas_jf/pangqs/AIGC/safepp_pytorch/data/test/chameleon/fake/2511053a-901e-4d4b-9684-6660933c71cc.jpg,1,chameleon_fake,chameleon,root,unknown_fake,seen,1.0,0,base
/ai_paas_jf/pangqs/AIGC/safepp_pytorch/data/test/chameleon/fake/25c4303f-b14c-485e-95fc-a27264e78918.jpg,1,chameleon_fake,chameleon,root,unknown_fake,seen,1.0,0,base
/ai_paas_jf/pangqs/AIGC/safepp_pytorch/data/test/chameleon/fake/25d0d7b6-fc5f-4d3a-8288-0fafae414b3e.jpg,1,chameleon_fake,chameleon,root,unknown_fake,seen,1.0,0,base
/ai_paas_jf/pangqs/AIGC/safepp_pytorch/data/test/chameleon/fake/2643060c-8d72-44d0-bd2f-235f415f49b6.jpg,1,chameleon_fake,chameleon,root,unknown_fake,seen,1.0,0,base
/ai_paas_jf/pangqs/AIGC/safepp_pytorch/data/test/chameleon/fake/26431999-efde-4d8d-85ef-aca270fee33d.jpg,1,chameleon_fake,chameleon,root,unknown_fake,seen,1.0,0,base
/ai_paas_jf/pangqs/AIGC/safepp_pytorch/data/test/chameleon/fake/268cf65e-e753-4c27-a08c-8d588638b396.jpg,1,chameleon_fake,chameleon,root,unknown_fake,seen,1.0,0,base
/ai_paas_jf/pangqs/AIGC/safepp_pytorch/data/test/chameleon/fake/2704c073-7396-4c31-b493-d9b0c5f20493.jpg,1,chameleon_fake,chameleon,root,unknown_fake,seen,1.0,0,base
/ai_paas_jf/pangqs/AIGC/safepp_pytorch/data/test/chameleon/fake/2763d0e6-6a9c-4b4b-9ce6-e56790d7b70d.jpg,1,chameleon_fake,chameleon,root,unknown_fake,seen,1.0,0,base
/ai_paas_jf/pangqs/AIGC/safepp_pytorch/data/test/chameleon/fake/2785c04b-9f37-427e-87e4-c3e0fcfc2010.jpg,1,chameleon_fake,chameleon,root,unknown_fake,seen,1.0,0,base
/ai_paas_jf/pangqs/AIGC/safepp_pytorch/data/test/chameleon/fake/27aab31e-2444-4731-be9e-7bd1180b45ea.jpg,1,chameleon_fake,chameleon,root,unknown_fake,seen,1.0,0,base
/ai_paas_jf/pangqs/AIGC/safepp_pytorch/data/test/chameleon/fake/27ce2403-aaee-42ab-84bd-1cac9ac6194b.jpg,1,chameleon_fake,chameleon,root,unknown_fake,seen,1.0,0,base
/ai_paas_jf/pangqs/AIGC/safepp_pytorch/data/test/chameleon/fake/28076c4a-e884-4bbc-b376-22f4dcd89638.jpg,1,chameleon_fake,chameleon,root,unknown_fake,seen,1.0,0,base
/ai_paas_jf/pangqs/AIGC/safepp_pytorch/data/test/chameleon/fake/2afdade4-c26a-43a2-81f7-6491dffa79f9.jpg,1,chameleon_fake,chameleon,root,unknown_fake,seen,1.0,0,base
/ai_paas_jf/pangqs/AIGC/safepp_pytorch/data/test/chameleon/fake/2bcba8f7-e2e5-488c-8eba-e402f52faeee.jpg,1,chameleon_fake,chameleon,root,unknown_fake,seen,1.0,0,base
/ai_paas_jf/pangqs/AIGC/safepp_pytorch/data/test/chameleon/fake/2bd96e30-a16f-4b11-b56a-181448383461.jpg,1,chameleon_fake,chameleon,root,unknown_fake,seen,1.0,0,base
/ai_paas_jf/pangqs/AIGC/safepp_pytorch/data/test/chameleon/fake/2ca68687-3340-4b17-8f13-f3d6c9a3bd5d.jpg,1,chameleon_fake,chameleon,root,unknown_fake,seen,1.0,0,base
/ai_paas_jf/pangqs/AIGC/safepp_pytorch/data/test/chameleon/fake/2ea371dc-ac30-4840-8a2a-85298f76bb15.jpg,1,chameleon_fake,chameleon,root,unknown_fake,seen,1.0,0,base
/ai_paas_jf/pangqs/AIGC/safepp_pytorch/data/test/chameleon/fake/2f721efa-74fa-4830-afe7-06d89c3ead9c.jpg,1,chameleon_fake,chameleon,root,unknown_fake,seen,1.0,0,base
/ai_paas_jf/pangqs/AIGC/safepp_pytorch/data/test/chameleon/fake/2f916109-8b14-4266-862e-aaa1842dfec5.jpg,1,chameleon_fake,chameleon,root,unknown_fake,seen,1.0,0,base
/ai_paas_jf/pangqs/AIGC/safepp_pytorch/data/test/chameleon/fake/3002d01c-ead6-4f16-a7fe-c92f9927a1bb.jpg,1,chameleon_fake,chameleon,root,unknown_fake,seen,1.0,0,base
/ai_paas_jf/pangqs/AIGC/safepp_pytorch/data/test/chameleon/fake/304f8734-f45e-4250-a59f-28bd6de4bc20.jpg,1,chameleon_fake,chameleon,root,unknown_fake,seen,1.0,0,base
/ai_paas_jf/pangqs/AIGC/safepp_pytorch/data/test/chameleon/fake/3073bea9-1796-4239-9699-442dd53a4b84.jpg,1,chameleon_fake,chameleon,root,unknown_fake,seen,1.0,0,base
/ai_paas_jf/pangqs/AIGC/safepp_pytorch/data/test/chameleon/fake/30aead12-1c74-4ca0-b523-2743a121f0ef.jpg,1,chameleon_fake,chameleon,root,unknown_fake,seen,1.0,0,base
/ai_paas_jf/pangqs/AIGC/safepp_pytorch/data/test/chameleon/fake/3140538c-a7de-4201-940f-fb898476843c.jpg,1,chameleon_fake,chameleon,root,unknown_fake,seen,1.0,0,base
/ai_paas_jf/pangqs/AIGC/safepp_pytorch/data/test/chameleon/fake/3157a265-ff2b-45bb-ae8c-5cfa5ac559c7.jpg,1,chameleon_fake,chameleon,root,unknown_fake,seen,1.0,0,base
/ai_paas_jf/pangqs/AIGC/safepp_pytorch/data/test/chameleon/fake/333eb330-598f-4079-a000-54447870b4b3.jpg,1,chameleon_fake,chameleon,root,unknown_fake,seen,1.0,0,base
/ai_paas_jf/pangqs/AIGC/safepp_pytorch/data/test/chameleon/fake/33dbed9f-b3c6-462b-b2d2-dbe8c835f44f.jpg,1,chameleon_fake,chameleon,root,unknown_fake,seen,1.0,0,base
/ai_paas_jf/pangqs/AIGC/safepp_pytorch/data/test/chameleon/fake/34ca6eac-d30a-4d29-a91e-e9502b0358a8.jpg,1,chameleon_fake,chameleon,root,unknown_fake,seen,1.0,0,base
/ai_paas_jf/pangqs/AIGC/safepp_pytorch/data/test/chameleon/fake/35574020-924c-4859-b705-6e44052a1637.jpg,1,chameleon_fake,chameleon,root,unknown_fake,seen,1.0,0,base
/ai_paas_jf/pangqs/AIGC/safepp_pytorch/data/test/chameleon/fake/358af145-91a9-446c-90b2-7bf7a2f59311.jpg,1,chameleon_fake,chameleon,root,unknown_fake,seen,1.0,0,base
/ai_paas_jf/pangqs/AIGC/safepp_pytorch/data/test/chameleon/fake/35f388ca-0628-4e33-a760-188aa3576af2.jpg,1,chameleon_fake,chameleon,root,unknown_fake,seen,1.0,0,base
/ai_paas_jf/pangqs/AIGC/safepp_pytorch/data/test/chameleon/fake/36e7c5fa-546a-417b-b8c9-5f19a03935d2.jpg,1,chameleon_fake,chameleon,root,unknown_fake,seen,1.0,0,base
/ai_paas_jf/pangqs/AIGC/safepp_pytorch/data/test/chameleon/fake/377c0781-a892-4373-8ef9-9a73abb73831.jpg,1,chameleon_fake,chameleon,root,unknown_fake,seen,1.0,0,base
/ai_paas_jf/pangqs/AIGC/safepp_pytorch/data/test/chameleon/fake/37fdeb06-2686-4145-9753-fe490728b0a4.jpg,1,chameleon_fake,chameleon,root,unknown_fake,seen,1.0,0,base
/ai_paas_jf/pangqs/AIGC/safepp_pytorch/data/test/chameleon/fake/385a3f31-ce46-4cac-b70f-ac3073659a31.jpg,1,chameleon_fake,chameleon,root,unknown_fake,seen,1.0,0,base
/ai_paas_jf/pangqs/AIGC/safepp_pytorch/data/test/chameleon/fake/386fbf97-61a7-40b8-9797-0bb7136164f4.jpg,1,chameleon_fake,chameleon,root,unknown_fake,seen,1.0,0,base
/ai_paas_jf/pangqs/AIGC/safepp_pytorch/data/test/chameleon/fake/38792daa-8e81-4282-bb8e-2b7772babeed.jpg,1,chameleon_fake,chameleon,root,unknown_fake,seen,1.0,0,base
/ai_paas_jf/pangqs/AIGC/safepp_pytorch/data/test/chameleon/fake/38896977-9956-449d-9ea1-04fd1eb8c4b5.jpg,1,chameleon_fake,chameleon,root,unknown_fake,seen,1.0,0,base
/ai_paas_jf/pangqs/AIGC/safepp_pytorch/data/test/chameleon/fake/39f227fd-7556-4d81-abd7-302178c7432a.jpg,1,chameleon_fake,chameleon,root,unknown_fake,seen,1.0,0,base
/ai_paas_jf/pangqs/AIGC/safepp_pytorch/data/test/chameleon/fake/39fe4b3c-e3da-47bb-b713-98cac1034c27.jpg,1,chameleon_fake,chameleon,root,unknown_fake,seen,1.0,0,base
/ai_paas_jf/pangqs/AIGC/safepp_pytorch/data/test/chameleon/fake/3a556036-5be1-4572-bc84-c100f18485e6.jpg,1,chameleon_fake,chameleon,root,unknown_fake,seen,1.0,0,base
/ai_paas_jf/pangqs/AIGC/safepp_pytorch/data/test/chameleon/fake/3a61b9d0-0eb4-4ba7-9b75-dfccaa602880.jpg,1,chameleon_fake,chameleon,root,unknown_fake,seen,1.0,0,base
/ai_paas_jf/pangqs/AIGC/safepp_pytorch/data/test/chameleon/fake/3c1ca076-b7cd-4204-aa3f-f4043719fe22.jpg,1,chameleon_fake,chameleon,root,unknown_fake,seen,1.0,0,base
/ai_paas_jf/pangqs/AIGC/safepp_pytorch/data/test/chameleon/fake/3c9c9eaf-3a14-4775-b790-47d67a847167.jpg,1,chameleon_fake,chameleon,root,unknown_fake,seen,1.0,0,base
/ai_paas_jf/pangqs/AIGC/safepp_pytorch/data/test/chameleon/fake/3cc0ce8a-fee1-45f5-b8c3-2f7616c94c31.jpg,1,chameleon_fake,chameleon,root,unknown_fake,seen,1.0,0,base
/ai_paas_jf/pangqs/AIGC/safepp_pytorch/data/test/chameleon/fake/3ccbb478-89ef-412a-a166-8da2391230ce.jpg,1,chameleon_fake,chameleon,root,unknown_fake,seen,1.0,0,base
/ai_paas_jf/pangqs/AIGC/safepp_pytorch/data/test/chameleon/fake/3cd0348e-51b4-462b-a853-6a0126255845.jpg,1,chameleon_fake,chameleon,root,unknown_fake,seen,1.0,0,base
/ai_paas_jf/pangqs/AIGC/safepp_pytorch/data/test/chameleon/fake/3d058416-7968-41f0-a25a-9e583a66fa17.jpg,1,chameleon_fake,chameleon,root,unknown_fake,seen,1.0,0,base
/ai_paas_jf/pangqs/AIGC/safepp_pytorch/data/test/chameleon/fake/3d3e4703-03b8-44fe-94b7-b6b6a6ca1beb.jpg,1,chameleon_fake,chameleon,root,unknown_fake,seen,1.0,0,base
/ai_paas_jf/pangqs/AIGC/safepp_pytorch/data/test/chameleon/fake/3d42f287-dde7-40db-bef8-e8ebeebcdf93.jpg,1,chameleon_fake,chameleon,root,unknown_fake,seen,1.0,0,base
/ai_paas_jf/pangqs/AIGC/safepp_pytorch/data/test/chameleon/fake/3dd180e9-0b3b-46f2-8144-4b99de3ac281.jpg,1,chameleon_fake,chameleon,root,unknown_fake,seen,1.0,0,base
/ai_paas_jf/pangqs/AIGC/safepp_pytorch/data/test/chameleon/fake/3e20521f-336f-465e-aa05-5d2ded537436.jpg,1,chameleon_fake,chameleon,root,unknown_fake,seen,1.0,0,base
/ai_paas_jf/pangqs/AIGC/safepp_pytorch/data/test/chameleon/fake/3ebf5005-9625-43af-b0db-6a47d5d293dd.jpg,1,chameleon_fake,chameleon,root,unknown_fake,seen,1.0,0,base
/ai_paas_jf/pangqs/AIGC/safepp_pytorch/data/test/chameleon/fake/403e07ae-406d-4591-854a-2856e31011a2.jpg,1,chameleon_fake,chameleon,root,unknown_fake,seen,1.0,0,base
/ai_paas_jf/pangqs/AIGC/safepp_pytorch/data/test/chameleon/fake/40e3d09a-0fba-45c1-9092-ce39da23801e.jpg,1,chameleon_fake,chameleon,root,unknown_fake,seen,1.0,0,base
/ai_paas_jf/pangqs/AIGC/safepp_pytorch/data/test/chameleon/fake/41c1cd36-07e6-4883-9cc0-1a6a00994631.jpg,1,chameleon_fake,chameleon,root,unknown_fake,seen,1.0,0,base
/ai_paas_jf/pangqs/AIGC/safepp_pytorch/data/test/chameleon/fake/42117af1-af0a-433d-bbeb-5af7db8fc0bf.jpg,1,chameleon_fake,chameleon,root,unknown_fake,seen,1.0,0,base
/ai_paas_jf/pangqs/AIGC/safepp_pytorch/data/test/chameleon/fake/42f6bdf5-cb11-470f-914d-7cfc01d510c5.jpg,1,chameleon_fake,chameleon,root,unknown_fake,seen,1.0,0,base
/ai_paas_jf/pangqs/AIGC/safepp_pytorch/data/test/chameleon/fake/4302b8fb-0407-4095-9105-e07ef5b5d7f7.jpg,1,chameleon_fake,chameleon,root,unknown_fake,seen,1.0,0,base
/ai_paas_jf/pangqs/AIGC/safepp_pytorch/data/test/chameleon/fake/44ec335b-3509-4057-b70e-aada835d211e.jpg,1,chameleon_fake,chameleon,root,unknown_fake,seen,1.0,0,base
/ai_paas_jf/pangqs/AIGC/safepp_pytorch/data/test/chameleon/fake/460d3a5f-e595-424c-9b9d-53cff2bf7d22.jpg,1,chameleon_fake,chameleon,root,unknown_fake,seen,1.0,0,base
/ai_paas_jf/pangqs/AIGC/safepp_pytorch/data/test/chameleon/fake/46986a80-6356-40a8-aa44-e8cecdf71675.jpg,1,chameleon_fake,chameleon,root,unknown_fake,seen,1.0,0,base
/ai_paas_jf/pangqs/AIGC/safepp_pytorch/data/test/chameleon/fake/488f3add-e69c-4308-b462-4035ab57115e.jpg,1,chameleon_fake,chameleon,root,unknown_fake,seen,1.0,0,base
/ai_paas_jf/pangqs/AIGC/safepp_pytorch/data/test/chameleon/fake/48937ce7-1560-41ec-aba7-4ae9a21a093a.jpg,1,chameleon_fake,chameleon,root,unknown_fake,seen,1.0,0,base
/ai_paas_jf/pangqs/AIGC/safepp_pytorch/data/test/chameleon/fake/48a136de-f663-490a-83d7-97ef0e80eca6.jpg,1,chameleon_fake,chameleon,root,unknown_fake,seen,1.0,0,base
/ai_paas_jf/pangqs/AIGC/safepp_pytorch/data/test/chameleon/fake/492b2e59-5da3-4218-8ff0-ea6283c8bae3.jpg,1,chameleon_fake,chameleon,root,unknown_fake,seen,1.0,0,base
/ai_paas_jf/pangqs/AIGC/safepp_pytorch/data/test/chameleon/fake/497742bc-e278-46a0-9f83-df6d565e37b2.jpg,1,chameleon_fake,chameleon,root,unknown_fake,seen,1.0,0,base
/ai_paas_jf/pangqs/AIGC/safepp_pytorch/data/test/chameleon/fake/4990f8eb-e746-4e37-97d2-594b44c49223.jpg,1,chameleon_fake,chameleon,root,unknown_fake,seen,1.0,0,base
/ai_paas_jf/pangqs/AIGC/safepp_pytorch/data/test/chameleon/fake/4a31b87f-add6-4ac3-9eb2-8ff9dbfebf33.jpg,1,chameleon_fake,chameleon,root,unknown_fake,seen,1.0,0,base
/ai_paas_jf/pangqs/AIGC/safepp_pytorch/data/test/chameleon/fake/4a446af5-a74c-404c-a8ec-93dcb09dd88e.jpg,1,chameleon_fake,chameleon,root,unknown_fake,seen,1.0,0,base
/ai_paas_jf/pangqs/AIGC/safepp_pytorch/data/test/chameleon/fake/4afb7fc2-69d2-4688-a4dd-707315cc8fce.jpg,1,chameleon_fake,chameleon,root,unknown_fake,seen,1.0,0,base
/ai_paas_jf/pangqs/AIGC/safepp_pytorch/data/test/chameleon/fake/4bd5e56a-e837-461c-a839-9362192d4ecf.jpg,1,chameleon_fake,chameleon,root,unknown_fake,seen,1.0,0,base
/ai_paas_jf/pangqs/AIGC/safepp_pytorch/data/test/chameleon/fake/4bee16e3-9711-4106-b79d-3f4c5005ca12.jpg,1,chameleon_fake,chameleon,root,unknown_fake,seen,1.0,0,base
/ai_paas_jf/pangqs/AIGC/safepp_pytorch/data/test/chameleon/fake/4c5136ce-0c04-4fc6-a54c-29a4fbe769b8.jpg,1,chameleon_fake,chameleon,root,unknown_fake,seen,1.0,0,base
/ai_paas_jf/pangqs/AIGC/safepp_pytorch/data/test/chameleon/fake/4d7c4d18-79dc-456e-88b5-6edc2e9f1536.jpg,1,chameleon_fake,chameleon,root,unknown_fake,seen,1.0,0,base
/ai_paas_jf/pangqs/AIGC/safepp_pytorch/data/test/chameleon/fake/4f8614b6-0751-48f7-809e-1c8fd3f33fe5.jpg,1,chameleon_fake,chameleon,root,unknown_fake,seen,1.0,0,base
/ai_paas_jf/pangqs/AIGC/safepp_pytorch/data/test/chameleon/fake/4fcdcc23-9e2c-4e78-bb2d-5b4d630806af.jpg,1,chameleon_fake,chameleon,root,unknown_fake,seen,1.0,0,base
/ai_paas_jf/pangqs/AIGC/safepp_pytorch/data/test/chameleon/fake/4fda9f48-7268-4208-a5b0-aa2ce6a595e1.jpg,1,chameleon_fake,chameleon,root,unknown_fake,seen,1.0,0,base
/ai_paas_jf/pangqs/AIGC/safepp_pytorch/data/test/chameleon/fake/50541c9b-17f2-45ee-9764-11e853fc0863.jpg,1,chameleon_fake,chameleon,root,unknown_fake,seen,1.0,0,base
/ai_paas_jf/pangqs/AIGC/safepp_pytorch/data/test/chameleon/fake/5073f1ba-d177-4075-8711-fd8ac5958463.jpg,1,chameleon_fake,chameleon,root,unknown_fake,seen,1.0,0,base
/ai_paas_jf/pangqs/AIGC/safepp_pytorch/data/test/chameleon/fake/5093f08e-fd07-45c6-9cd2-b179fa5fe58b.jpg,1,chameleon_fake,chameleon,root,unknown_fake,seen,1.0,0,base
/ai_paas_jf/pangqs/AIGC/safepp_pytorch/data/test/chameleon/fake/50f42863-944a-47a8-9073-8d9f93107f5d.jpg,1,chameleon_fake,chameleon,root,unknown_fake,seen,1.0,0,base
/ai_paas_jf/pangqs/AIGC/safepp_pytorch/data/test/chameleon/fake/522b6230-93ce-4836-9d18-0f0b8339bbe8.jpg,1,chameleon_fake,chameleon,root,unknown_fake,seen,1.0,0,base
/ai_paas_jf/pangqs/AIGC/safepp_pytorch/data/test/chameleon/fake/52ad5573-b7c0-48a0-acea-32facfaea8b2.jpg,1,chameleon_fake,chameleon,root,unknown_fake,seen,1.0,0,base
/ai_paas_jf/pangqs/AIGC/safepp_pytorch/data/test/chameleon/fake/52cdb36c-521a-4450-b144-e749c9740472.jpg,1,chameleon_fake,chameleon,root,unknown_fake,seen,1.0,0,base
/ai_paas_jf/pangqs/AIGC/safepp_pytorch/data/test/chameleon/fake/5367aa1f-1e59-4d27-b09d-f26164e42943.jpg,1,chameleon_fake,chameleon,root,unknown_fake,seen,1.0,0,base
/ai_paas_jf/pangqs/AIGC/safepp_pytorch/data/test/chameleon/fake/54073096-446a-48ff-bfc4-684d17fc126f.jpg,1,chameleon_fake,chameleon,root,unknown_fake,seen,1.0,0,base
/ai_paas_jf/pangqs/AIGC/safepp_pytorch/data/test/chameleon/fake/546df4f1-24a5-44e0-8a1a-1857ec601944.jpg,1,chameleon_fake,chameleon,root,unknown_fake,seen,1.0,0,base
/ai_paas_jf/pangqs/AIGC/safepp_pytorch/data/test/chameleon/fake/54b6ea06-4bfd-451b-9c6f-4f5c4d779534.jpg,1,chameleon_fake,chameleon,root,unknown_fake,seen,1.0,0,base
/ai_paas_jf/pangqs/AIGC/safepp_pytorch/data/test/chameleon/fake/54feec9e-d5ba-4139-b389-eeae99fa69ba.jpg,1,chameleon_fake,chameleon,root,unknown_fake,seen,1.0,0,base
/ai_paas_jf/pangqs/AIGC/safepp_pytorch/data/test/chameleon/fake/5537f506-9de1-4080-ba14-7a12d70d0f4b.jpg,1,chameleon_fake,chameleon,root,unknown_fake,seen,1.0,0,base
/ai_paas_jf/pangqs/AIGC/safepp_pytorch/data/test/chameleon/fake/5640f688-46e1-430a-9508-7d3b5b33ec32.jpg,1,chameleon_fake,chameleon,root,unknown_fake,seen,1.0,0,base
/ai_paas_jf/pangqs/AIGC/safepp_pytorch/data/test/chameleon/fake/57283193-dd8d-4d81-8717-1e733048207b.jpg,1,chameleon_fake,chameleon,root,unknown_fake,seen,1.0,0,base
/ai_paas_jf/pangqs/AIGC/safepp_pytorch/data/test/chameleon/fake/5a0854a6-eeb5-477d-8873-3dabcda170ff.jpg,1,chameleon_fake,chameleon,root,unknown_fake,seen,1.0,0,base
/ai_paas_jf/pangqs/AIGC/safepp_pytorch/data/test/chameleon/fake/5d6c6ce8-645d-4bc1-b63f-e50e1b64682e.jpg,1,chameleon_fake,chameleon,root,unknown_fake,seen,1.0,0,base
/ai_paas_jf/pangqs/AIGC/safepp_pytorch/data/test/chameleon/fake/5da0fde2-2794-4340-b446-8373fdedc5f3.jpg,1,chameleon_fake,chameleon,root,unknown_fake,seen,1.0,0,base
/ai_paas_jf/pangqs/AIGC/safepp_pytorch/data/test/chameleon/fake/5e59b536-96ea-402a-b782-ae7ee294cf72.jpg,1,chameleon_fake,chameleon,root,unknown_fake,seen,1.0,0,base
/ai_paas_jf/pangqs/AIGC/safepp_pytorch/data/test/chameleon/fake/5faf5998-2076-4888-b345-895cce189113.jpg,1,chameleon_fake,chameleon,root,unknown_fake,seen,1.0,0,base
/ai_paas_jf/pangqs/AIGC/safepp_pytorch/data/test/chameleon/fake/60294cf1-e983-417f-ba57-5dff47a8aec5.jpg,1,chameleon_fake,chameleon,root,unknown_fake,seen,1.0,0,base
/ai_paas_jf/pangqs/AIGC/safepp_pytorch/data/test/chameleon/fake/6069070c-34d5-460d-932a-8e6ff1ba06af.jpg,1,chameleon_fake,chameleon,root,unknown_fake,seen,1.0,0,base
/ai_paas_jf/pangqs/AIGC/safepp_pytorch/data/test/chameleon/fake/606ade3e-0e51-4293-9b6f-12522497c6e1.jpg,1,chameleon_fake,chameleon,root,unknown_fake,seen,1.0,0,base
/ai_paas_jf/pangqs/AIGC/safepp_pytorch/data/test/chameleon/fake/61579688-2dce-4e5e-9639-6f2919ee719c.jpg,1,chameleon_fake,chameleon,root,unknown_fake,seen,1.0,0,base
/ai_paas_jf/pangqs/AIGC/safepp_pytorch/data/test/chameleon/fake/617d18b7-8600-4db6-ba64-0b75f755bccf.jpg,1,chameleon_fake,chameleon,root,unknown_fake,seen,1.0,0,base
/ai_paas_jf/pangqs/AIGC/safepp_pytorch/data/test/chameleon/fake/621b7e31-e062-4dd2-845e-6b66b3e31c19.jpg,1,chameleon_fake,chameleon,root,unknown_fake,seen,1.0,0,base
/ai_paas_jf/pangqs/AIGC/safepp_pytorch/data/test/chameleon/fake/6292f6bd-42fa-4b5a-88b2-b3b2fbc421a9.jpg,1,chameleon_fake,chameleon,root,unknown_fake,seen,1.0,0,base
/ai_paas_jf/pangqs/AIGC/safepp_pytorch/data/test/chameleon/fake/62cddb7f-1d38-4413-a8e1-24b4f6bed3e1.jpg,1,chameleon_fake,chameleon,root,unknown_fake,seen,1.0,0,base
/ai_paas_jf/pangqs/AIGC/safepp_pytorch/data/test/chameleon/fake/62f729db-382d-4146-834d-740a37a97fe5.jpg,1,chameleon_fake,chameleon,root,unknown_fake,seen,1.0,0,base
/ai_paas_jf/pangqs/AIGC/safepp_pytorch/data/test/chameleon/fake/636c3245-5a96-4ba1-9ec9-c1fcc568c1ca.jpg,1,chameleon_fake,chameleon,root,unknown_fake,seen,1.0,0,base
/ai_paas_jf/pangqs/AIGC/safepp_pytorch/data/test/chameleon/fake/640f5970-d1f8-451f-a4dc-0d1010d4fbe2.jpg,1,chameleon_fake,chameleon,root,unknown_fake,seen,1.0,0,base
/ai_paas_jf/pangqs/AIGC/safepp_pytorch/data/test/chameleon/fake/653c7a4a-7ade-4652-8c12-92b82e79aad5.jpg,1,chameleon_fake,chameleon,root,unknown_fake,seen,1.0,0,base
/ai_paas_jf/pangqs/AIGC/safepp_pytorch/data/test/chameleon/fake/654f237d-e476-419c-abb0-0ff8c067428a.jpg,1,chameleon_fake,chameleon,root,unknown_fake,seen,1.0,0,base
/ai_paas_jf/pangqs/AIGC/safepp_pytorch/data/test/chameleon/fake/6605d56e-54ec-4e0c-ae08-7429f2935037.jpg,1,chameleon_fake,chameleon,root,unknown_fake,seen,1.0,0,base
/ai_paas_jf/pangqs/AIGC/safepp_pytorch/data/test/chameleon/fake/663a714f-11af-4110-9b59-7326ffe07eb4.jpg,1,chameleon_fake,chameleon,root,unknown_fake,seen,1.0,0,base
/ai_paas_jf/pangqs/AIGC/safepp_pytorch/data/test/chameleon/fake/66cf0011-ad95-432f-a01d-eed1c76fec5a.jpg,1,chameleon_fake,chameleon,root,unknown_fake,seen,1.0,0,base
/ai_paas_jf/pangqs/AIGC/safepp_pytorch/data/test/chameleon/fake/677409c0-caa0-4508-bc64-5f9db212d4f9.jpg,1,chameleon_fake,chameleon,root,unknown_fake,seen,1.0,0,base
/ai_paas_jf/pangqs/AIGC/safepp_pytorch/data/test/chameleon/fake/680f05c9-9b60-4979-a3f0-8f43799963a6.jpg,1,chameleon_fake,chameleon,root,unknown_fake,seen,1.0,0,base
/ai_paas_jf/pangqs/AIGC/safepp_pytorch/data/test/chameleon/fake/689e20d5-3a8d-44dd-8627-3f67a9e4ee7f.jpg,1,chameleon_fake,chameleon,root,unknown_fake,seen,1.0,0,base
/ai_paas_jf/pangqs/AIGC/safepp_pytorch/data/test/chameleon/fake/68cdd6fc-9657-4581-b4fa-fa808536d396.jpg,1,chameleon_fake,chameleon,root,unknown_fake,seen,1.0,0,base
/ai_paas_jf/pangqs/AIGC/safepp_pytorch/data/test/chameleon/fake/690e8fc1-90d4-4bde-921b-be03a8dae517.jpg,1,chameleon_fake,chameleon,root,unknown_fake,seen,1.0,0,base
/ai_paas_jf/pangqs/AIGC/safepp_pytorch/data/test/chameleon/fake/697d2f2d-69da-41c9-9710-63d5854f08ea.jpg,1,chameleon_fake,chameleon,root,unknown_fake,seen,1.0,0,base
/ai_paas_jf/pangqs/AIGC/safepp_pytorch/data/test/chameleon/fake/6af103ea-0879-474d-9252-18c7b9a3d70a.jpg,1,chameleon_fake,chameleon,root,unknown_fake,seen,1.0,0,base
/ai_paas_jf/pangqs/AIGC/safepp_pytorch/data/test/chameleon/fake/6b05fcff-266d-4ba9-b6b6-14ca03d4d848.jpg,1,chameleon_fake,chameleon,root,unknown_fake,seen,1.0,0,base
/ai_paas_jf/pangqs/AIGC/safepp_pytorch/data/test/chameleon/fake/6b25f785-8557-4cdd-9c9d-1de598bf0f26.jpg,1,chameleon_fake,chameleon,root,unknown_fake,seen,1.0,0,base
/ai_paas_jf/pangqs/AIGC/safepp_pytorch/data/test/chameleon/fake/6b26905e-556a-4c80-95e1-830204f62404.jpg,1,chameleon_fake,chameleon,root,unknown_fake,seen,1.0,0,base
/ai_paas_jf/pangqs/AIGC/safepp_pytorch/data/test/chameleon/fake/6bdf8f49-b82e-4623-8bf8-5212fce7b6a0.jpg,1,chameleon_fake,chameleon,root,unknown_fake,seen,1.0,0,base
/ai_paas_jf/pangqs/AIGC/safepp_pytorch/data/test/chameleon/fake/6c369f97-fe6e-42a2-91ce-cdba26172271.jpg,1,chameleon_fake,chameleon,root,unknown_fake,seen,1.0,0,base
/ai_paas_jf/pangqs/AIGC/safepp_pytorch/data/test/chameleon/fake/6c7424dd-73ca-4b5d-9e54-f623b3722f77.jpg,1,chameleon_fake,chameleon,root,unknown_fake,seen,1.0,0,base
/ai_paas_jf/pangqs/AIGC/safepp_pytorch/data/test/chameleon/fake/6ce695d9-368e-408b-bed3-346d6bcac0af.jpg,1,chameleon_fake,chameleon,root,unknown_fake,seen,1.0,0,base
/ai_paas_jf/pangqs/AIGC/safepp_pytorch/data/test/chameleon/fake/6cebc65c-a3b2-4c44-aa6d-5742f6cb8b76.jpg,1,chameleon_fake,chameleon,root,unknown_fake,seen,1.0,0,base
/ai_paas_jf/pangqs/AIGC/safepp_pytorch/data/test/chameleon/fake/6d98fdcf-d5cf-4a8d-abea-abc6243575b0.jpg,1,chameleon_fake,chameleon,root,unknown_fake,seen,1.0,0,base
/ai_paas_jf/pangqs/AIGC/safepp_pytorch/data/test/chameleon/fake/6e44e6c1-5147-48e0-9b54-06d7db894a57.jpg,1,chameleon_fake,chameleon,root,unknown_fake,seen,1.0,0,base
/ai_paas_jf/pangqs/AIGC/safepp_pytorch/data/test/chameleon/fake/6f99026b-bae3-4076-8226-2670d47395e2.jpg,1,chameleon_fake,chameleon,root,unknown_fake,seen,1.0,0,base
/ai_paas_jf/pangqs/AIGC/safepp_pytorch/data/test/chameleon/fake/6ff117bb-f4a2-4dc1-b6d7-adbef4763161.jpg,1,chameleon_fake,chameleon,root,unknown_fake,seen,1.0,0,base
/ai_paas_jf/pangqs/AIGC/safepp_pytorch/data/test/chameleon/fake/6ffbb371-8da7-4879-8f6e-61220da7db30.jpg,1,chameleon_fake,chameleon,root,unknown_fake,seen,1.0,0,base
/ai_paas_jf/pangqs/AIGC/safepp_pytorch/data/test/chameleon/fake/70ea9c5a-ca0a-4569-ad12-9be484d65b44.jpg,1,chameleon_fake,chameleon,root,unknown_fake,seen,1.0,0,base
/ai_paas_jf/pangqs/AIGC/safepp_pytorch/data/test/chameleon/fake/71039286-b1f9-4cd8-bad2-2b393ee7a647.jpg,1,chameleon_fake,chameleon,root,unknown_fake,seen,1.0,0,base
/ai_paas_jf/pangqs/AIGC/safepp_pytorch/data/test/chameleon/fake/714cd59e-13b8-4c36-93e0-4e656b936c07.jpg,1,chameleon_fake,chameleon,root,unknown_fake,seen,1.0,0,base
/ai_paas_jf/pangqs/AIGC/safepp_pytorch/data/test/chameleon/fake/71ec1b22-945b-4a6c-bfb7-36cb4e70bfa4.jpg,1,chameleon_fake,chameleon,root,unknown_fake,seen,1.0,0,base
/ai_paas_jf/pangqs/AIGC/safepp_pytorch/data/test/chameleon/fake/71fda3fc-4bb3-4750-a63b-6e9b4ba33f1f.jpg,1,chameleon_fake,chameleon,root,unknown_fake,seen,1.0,0,base
/ai_paas_jf/pangqs/AIGC/safepp_pytorch/data/test/chameleon/fake/727dc729-78d0-4dc3-a51d-255e537b4b3e.jpg,1,chameleon_fake,chameleon,root,unknown_fake,seen,1.0,0,base
/ai_paas_jf/pangqs/AIGC/safepp_pytorch/data/test/chameleon/fake/72e3356c-f1a6-47d0-856d-3019fe26396e.jpg,1,chameleon_fake,chameleon,root,unknown_fake,seen,1.0,0,base
/ai_paas_jf/pangqs/AIGC/safepp_pytorch/data/test/chameleon/fake/7305ae37-d1c8-4565-bf35-d0502c747e33.jpg,1,chameleon_fake,chameleon,root,unknown_fake,seen,1.0,0,base
/ai_paas_jf/pangqs/AIGC/safepp_pytorch/data/test/chameleon/fake/7317285f-d2b4-402c-909e-e4cf72861406.jpg,1,chameleon_fake,chameleon,root,unknown_fake,seen,1.0,0,base
/ai_paas_jf/pangqs/AIGC/safepp_pytorch/data/test/chameleon/fake/74714086-8b2d-440e-9b24-01d5eadabb4f.jpg,1,chameleon_fake,chameleon,root,unknown_fake,seen,1.0,0,base
/ai_paas_jf/pangqs/AIGC/safepp_pytorch/data/test/chameleon/fake/76078070-1fa1-4265-885a-b55b1209cd08.jpg,1,chameleon_fake,chameleon,root,unknown_fake,seen,1.0,0,base
/ai_paas_jf/pangqs/AIGC/safepp_pytorch/data/test/chameleon/fake/762482d5-d381-4586-8964-c3d567e233cf.jpg,1,chameleon_fake,chameleon,root,unknown_fake,seen,1.0,0,base
/ai_paas_jf/pangqs/AIGC/safepp_pytorch/data/test/chameleon/fake/765998a3-e9fa-4582-bee9-687972ad35c8.jpg,1,chameleon_fake,chameleon,root,unknown_fake,seen,1.0,0,base
/ai_paas_jf/pangqs/AIGC/safepp_pytorch/data/test/chameleon/fake/76eccdec-2f9a-41c1-b982-29e38b3c34fd.jpg,1,chameleon_fake,chameleon,root,unknown_fake,seen,1.0,0,base
/ai_paas_jf/pangqs/AIGC/safepp_pytorch/data/test/chameleon/fake/77733d2d-c867-4996-b747-a6952a54f6e5.jpg,1,chameleon_fake,chameleon,root,unknown_fake,seen,1.0,0,base
/ai_paas_jf/pangqs/AIGC/safepp_pytorch/data/test/chameleon/fake/77ac7309-0a9c-4ac0-a81e-0012b29c4685.jpg,1,chameleon_fake,chameleon,root,unknown_fake,seen,1.0,0,base
/ai_paas_jf/pangqs/AIGC/safepp_pytorch/data/test/chameleon/fake/7861de1f-5e82-4560-9fde-805b8621dd6c.jpg,1,chameleon_fake,chameleon,root,unknown_fake,seen,1.0,0,base
/ai_paas_jf/pangqs/AIGC/safepp_pytorch/data/test/chameleon/fake/7a178297-2c78-4b70-b25d-d852979f373b.jpg,1,chameleon_fake,chameleon,root,unknown_fake,seen,1.0,0,base
/ai_paas_jf/pangqs/AIGC/safepp_pytorch/data/test/chameleon/fake/7a3e059b-3838-45a0-a38a-9bc6a08f38b0.jpg,1,chameleon_fake,chameleon,root,unknown_fake,seen,1.0,0,base
/ai_paas_jf/pangqs/AIGC/safepp_pytorch/data/test/chameleon/fake/7abd362d-fe44-49e9-b8e8-900b49b342c7.jpg,1,chameleon_fake,chameleon,root,unknown_fake,seen,1.0,0,base
/ai_paas_jf/pangqs/AIGC/safepp_pytorch/data/test/chameleon/fake/7bd35da7-409c-42b6-867e-e6c217a9a3a6.jpg,1,chameleon_fake,chameleon,root,unknown_fake,seen,1.0,0,base
/ai_paas_jf/pangqs/AIGC/safepp_pytorch/data/test/chameleon/fake/7c23ddaa-d246-4309-82d4-d6c4066535d2.jpg,1,chameleon_fake,chameleon,root,unknown_fake,seen,1.0,0,base
/ai_paas_jf/pangqs/AIGC/safepp_pytorch/data/test/chameleon/fake/7c8be011-27ec-4fa6-bc6d-8c6508521dbc.jpg,1,chameleon_fake,chameleon,root,unknown_fake,seen,1.0,0,base
/ai_paas_jf/pangqs/AIGC/safepp_pytorch/data/test/chameleon/fake/7ce9702a-cfd3-40ca-99ca-37ddf0364150.jpg,1,chameleon_fake,chameleon,root,unknown_fake,seen,1.0,0,base
/ai_paas_jf/pangqs/AIGC/safepp_pytorch/data/test/chameleon/fake/7d5d585b-329b-48ef-b9e4-f5a9fd578549.jpg,1,chameleon_fake,chameleon,root,unknown_fake,seen,1.0,0,base
/ai_paas_jf/pangqs/AIGC/safepp_pytorch/data/test/chameleon/fake/7e6c7203-fb16-49cd-aadb-3495e11974a5.jpg,1,chameleon_fake,chameleon,root,unknown_fake,seen,1.0,0,base
/ai_paas_jf/pangqs/AIGC/safepp_pytorch/data/test/chameleon/fake/7e838679-0039-4d8b-80a8-cf645b9c0fcd.jpg,1,chameleon_fake,chameleon,root,unknown_fake,seen,1.0,0,base
/ai_paas_jf/pangqs/AIGC/safepp_pytorch/data/test/chameleon/fake/7ec18de2-6995-42cb-9361-3611ecb098a1.jpg,1,chameleon_fake,chameleon,root,unknown_fake,seen,1.0,0,base
/ai_paas_jf/pangqs/AIGC/safepp_pytorch/data/test/chameleon/fake/7f8e13a9-08ce-4b82-8e4c-0de16655c78d.jpg,1,chameleon_fake,chameleon,root,unknown_fake,seen,1.0,0,base
/ai_paas_jf/pangqs/AIGC/safepp_pytorch/data/test/chameleon/fake/7ffe9bb8-1687-4367-8fcd-0af088fe735a.jpg,1,chameleon_fake,chameleon,root,unknown_fake,seen,1.0,0,base
/ai_paas_jf/pangqs/AIGC/safepp_pytorch/data/test/chameleon/fake/80e88b5b-acc7-496a-833c-b121577861e1.jpg,1,chameleon_fake,chameleon,root,unknown_fake,seen,1.0,0,base
/ai_paas_jf/pangqs/AIGC/safepp_pytorch/data/test/chameleon/fake/80f729ea-99f5-4213-a487-0b7cba8aee10.jpg,1,chameleon_fake,chameleon,root,unknown_fake,seen,1.0,0,base
/ai_paas_jf/pangqs/AIGC/safepp_pytorch/data/test/chameleon/fake/812d1923-f36f-41b6-8587-22532f1583e7.jpg,1,chameleon_fake,chameleon,root,unknown_fake,seen,1.0,0,base
/ai_paas_jf/pangqs/AIGC/safepp_pytorch/data/test/chameleon/fake/82957dd9-ebac-436f-95b3-63f82b8a1417.jpg,1,chameleon_fake,chameleon,root,unknown_fake,seen,1.0,0,base
/ai_paas_jf/pangqs/AIGC/safepp_pytorch/data/test/chameleon/fake/82c34b0f-4d26-4212-9c96-66680aa17603.jpg,1,chameleon_fake,chameleon,root,unknown_fake,seen,1.0,0,base
/ai_paas_jf/pangqs/AIGC/safepp_pytorch/data/test/chameleon/fake/83ba19de-4649-4c6f-b14b-ee035debcb7f.jpg,1,chameleon_fake,chameleon,root,unknown_fake,seen,1.0,0,base
/ai_paas_jf/pangqs/AIGC/safepp_pytorch/data/test/chameleon/fake/84a46a94-e398-4132-822e-37a32f73128c.jpg,1,chameleon_fake,chameleon,root,unknown_fake,seen,1.0,0,base
/ai_paas_jf/pangqs/AIGC/safepp_pytorch/data/test/chameleon/fake/85572263-4c0b-4d99-8faa-1a00aa9b4219.jpg,1,chameleon_fake,chameleon,root,unknown_fake,seen,1.0,0,base
/ai_paas_jf/pangqs/AIGC/safepp_pytorch/data/test/chameleon/fake/87920077-220c-4052-8c8e-40dc4f45e51f.jpg,1,chameleon_fake,chameleon,root,unknown_fake,seen,1.0,0,base
/ai_paas_jf/pangqs/AIGC/safepp_pytorch/data/test/chameleon/fake/8ae54cc4-2a1b-412c-96ec-fc0e3a0eb9ff.jpg,1,chameleon_fake,chameleon,root,unknown_fake,seen,1.0,0,base
/ai_paas_jf/pangqs/AIGC/safepp_pytorch/data/test/chameleon/fake/8c16ff93-804a-4348-b1d7-a38c12ca19f6.jpg,1,chameleon_fake,chameleon,root,unknown_fake,seen,1.0,0,base
/ai_paas_jf/pangqs/AIGC/safepp_pytorch/data/test/chameleon/fake/8c651c94-c298-46da-8686-6acf08c9a160.jpg,1,chameleon_fake,chameleon,root,unknown_fake,seen,1.0,0,base
/ai_paas_jf/pangqs/AIGC/safepp_pytorch/data/test/chameleon/fake/8cd8d7f1-1148-4df8-a360-b9fda126dc59.jpg,1,chameleon_fake,chameleon,root,unknown_fake,seen,1.0,0,base
/ai_paas_jf/pangqs/AIGC/safepp_pytorch/data/test/chameleon/fake/8cf1f096-0524-4170-a56e-487a104b6783.jpg,1,chameleon_fake,chameleon,root,unknown_fake,seen,1.0,0,base
/ai_paas_jf/pangqs/AIGC/safepp_pytorch/data/test/chameleon/fake/8d91ce43-6ffe-4436-b033-bcd2da78abb1.jpg,1,chameleon_fake,chameleon,root,unknown_fake,seen,1.0,0,base
/ai_paas_jf/pangqs/AIGC/safepp_pytorch/data/test/chameleon/fake/8df9bb7c-75ee-4928-a4fe-a93e3890bb06.jpg,1,chameleon_fake,chameleon,root,unknown_fake,seen,1.0,0,base
/ai_paas_jf/pangqs/AIGC/safepp_pytorch/data/test/chameleon/fake/8ec34a95-dff1-4ae8-9bcb-bd4cdee91e2e.jpg,1,chameleon_fake,chameleon,root,unknown_fake,seen,1.0,0,base
/ai_paas_jf/pangqs/AIGC/safepp_pytorch/data/test/chameleon/fake/8f05fe0f-3b17-442b-9b8b-cde419445110.jpg,1,chameleon_fake,chameleon,root,unknown_fake,seen,1.0,0,base
/ai_paas_jf/pangqs/AIGC/safepp_pytorch/data/test/chameleon/fake/8f1adae1-96f9-428b-82de-f4f2b5da724d.jpg,1,chameleon_fake,chameleon,root,unknown_fake,seen,1.0,0,base
/ai_paas_jf/pangqs/AIGC/safepp_pytorch/data/test/chameleon/fake/91a58304-4e1c-400d-b1a1-a5e7f4a77d74.jpg,1,chameleon_fake,chameleon,root,unknown_fake,seen,1.0,0,base
/ai_paas_jf/pangqs/AIGC/safepp_pytorch/data/test/chameleon/fake/9218fc52-a800-43ea-84f7-7b94abf0be71.jpg,1,chameleon_fake,chameleon,root,unknown_fake,seen,1.0,0,base
/ai_paas_jf/pangqs/AIGC/safepp_pytorch/data/test/chameleon/fake/92bff751-8992-40ce-81cc-20964c9d676e.jpg,1,chameleon_fake,chameleon,root,unknown_fake,seen,1.0,0,base
/ai_paas_jf/pangqs/AIGC/safepp_pytorch/data/test/chameleon/fake/9358906e-b7ca-4d6e-9573-1e2f5558d9b1.jpg,1,chameleon_fake,chameleon,root,unknown_fake,seen,1.0,0,base
/ai_paas_jf/pangqs/AIGC/safepp_pytorch/data/test/chameleon/fake/9370ee6d-2cbf-47b7-81d6-c6eb39ff9667.jpg,1,chameleon_fake,chameleon,root,unknown_fake,seen,1.0,0,base
/ai_paas_jf/pangqs/AIGC/safepp_pytorch/data/test/chameleon/fake/939a1cf4-ba98-4570-abc7-a7a3f23c6b08.jpg,1,chameleon_fake,chameleon,root,unknown_fake,seen,1.0,0,base
/ai_paas_jf/pangqs/AIGC/safepp_pytorch/data/test/chameleon/fake/93e6792d-2240-4fa3-a6c7-f2cfd5ed40ce.jpg,1,chameleon_fake,chameleon,root,unknown_fake,seen,1.0,0,base
/ai_paas_jf/pangqs/AIGC/safepp_pytorch/data/test/chameleon/fake/94c16d39-5ed4-4b62-84ff-b67e6c55edcd.jpg,1,chameleon_fake,chameleon,root,unknown_fake,seen,1.0,0,base
/ai_paas_jf/pangqs/AIGC/safepp_pytorch/data/test/chameleon/fake/96592132-5696-4c8b-9eff-48102ea7e8ad.jpg,1,chameleon_fake,chameleon,root,unknown_fake,seen,1.0,0,base
/ai_paas_jf/pangqs/AIGC/safepp_pytorch/data/test/chameleon/fake/96759386-7d68-47fd-b5f3-2de50494a67c.jpg,1,chameleon_fake,chameleon,root,unknown_fake,seen,1.0,0,base
/ai_paas_jf/pangqs/AIGC/safepp_pytorch/data/test/chameleon/fake/96a9da6d-fe34-42d2-9ca5-865b6db98d61.jpg,1,chameleon_fake,chameleon,root,unknown_fake,seen,1.0,0,base
/ai_paas_jf/pangqs/AIGC/safepp_pytorch/data/test/chameleon/fake/96b05a03-04ce-456c-9322-07176dbd2936.jpg,1,chameleon_fake,chameleon,root,unknown_fake,seen,1.0,0,base
/ai_paas_jf/pangqs/AIGC/safepp_pytorch/data/test/chameleon/fake/96d599ed-ee8f-44c0-b1dc-5dfb1ea38c14.jpg,1,chameleon_fake,chameleon,root,unknown_fake,seen,1.0,0,base
/ai_paas_jf/pangqs/AIGC/safepp_pytorch/data/test/chameleon/fake/97b815a1-1d57-4bf5-9fc0-08a8cf23a8ad.jpg,1,chameleon_fake,chameleon,root,unknown_fake,seen,1.0,0,base
/ai_paas_jf/pangqs/AIGC/safepp_pytorch/data/test/chameleon/fake/97bfff81-d0de-4579-92e1-fdb628a3c27e.jpg,1,chameleon_fake,chameleon,root,unknown_fake,seen,1.0,0,base
/ai_paas_jf/pangqs/AIGC/safepp_pytorch/data/test/chameleon/fake/98158ceb-4a7d-4f5a-8847-48666cc4700e.jpg,1,chameleon_fake,chameleon,root,unknown_fake,seen,1.0,0,base
/ai_paas_jf/pangqs/AIGC/safepp_pytorch/data/test/chameleon/fake/983e4be2-d0fa-4125-a38a-53f5df7c11e0.jpg,1,chameleon_fake,chameleon,root,unknown_fake,seen,1.0,0,base
/ai_paas_jf/pangqs/AIGC/safepp_pytorch/data/test/chameleon/fake/9891da77-fc67-481b-8fef-a244e5508a9b.jpg,1,chameleon_fake,chameleon,root,unknown_fake,seen,1.0,0,base
/ai_paas_jf/pangqs/AIGC/safepp_pytorch/data/test/chameleon/fake/99cd97e4-6c8f-4fe9-a80a-9b8d5f0971e8.jpg,1,chameleon_fake,chameleon,root,unknown_fake,seen,1.0,0,base
/ai_paas_jf/pangqs/AIGC/safepp_pytorch/data/test/chameleon/fake/9a81652e-b4a7-4ddf-a82c-d78c2f29658c.jpg,1,chameleon_fake,chameleon,root,unknown_fake,seen,1.0,0,base
/ai_paas_jf/pangqs/AIGC/safepp_pytorch/data/test/chameleon/fake/9ac98a80-2143-4096-864d-ff1d914411e3.jpg,1,chameleon_fake,chameleon,root,unknown_fake,seen,1.0,0,base
/ai_paas_jf/pangqs/AIGC/safepp_pytorch/data/test/chameleon/fake/9b2de956-2dde-41e2-9163-79d1c31c66ab.jpg,1,chameleon_fake,chameleon,root,unknown_fake,seen,1.0,0,base
/ai_paas_jf/pangqs/AIGC/safepp_pytorch/data/test/chameleon/fake/9b9f2f53-29fd-4967-9fc8-a7b1f4522f36.jpg,1,chameleon_fake,chameleon,root,unknown_fake,seen,1.0,0,base
/ai_paas_jf/pangqs/AIGC/safepp_pytorch/data/test/chameleon/fake/9c9c9eb9-c5e0-40c2-989e-24be762ae5ed.jpg,1,chameleon_fake,chameleon,root,unknown_fake,seen,1.0,0,base
/ai_paas_jf/pangqs/AIGC/safepp_pytorch/data/test/chameleon/fake/9d2f411d-c358-4aac-b2de-38fc98c0ed21.jpg,1,chameleon_fake,chameleon,root,unknown_fake,seen,1.0,0,base
/ai_paas_jf/pangqs/AIGC/safepp_pytorch/data/test/chameleon/fake/9e8a7b4c-8c9d-40d1-b211-e376549e1d0b.jpg,1,chameleon_fake,chameleon,root,unknown_fake,seen,1.0,0,base
/ai_paas_jf/pangqs/AIGC/safepp_pytorch/data/test/chameleon/fake/9ec1dad2-4aaa-43ed-931e-417bcf514749.jpg,1,chameleon_fake,chameleon,root,unknown_fake,seen,1.0,0,base
/ai_paas_jf/pangqs/AIGC/safepp_pytorch/data/test/chameleon/fake/9fbd6d16-9ec8-489f-b934-d56e31c338fd.jpg,1,chameleon_fake,chameleon,root,unknown_fake,seen,1.0,0,base
/ai_paas_jf/pangqs/AIGC/safepp_pytorch/data/test/chameleon/fake/9fe1da14-aa4f-465b-bd2b-2abb9dfbac1c.jpg,1,chameleon_fake,chameleon,root,unknown_fake,seen,1.0,0,base
/ai_paas_jf/pangqs/AIGC/safepp_pytorch/data/test/chameleon/fake/a0135550-a516-4af2-b9dc-8007be2b9362.jpg,1,chameleon_fake,chameleon,root,unknown_fake,seen,1.0,0,base
/ai_paas_jf/pangqs/AIGC/safepp_pytorch/data/test/chameleon/fake/a13258fa-81fe-45c5-aa2c-a73a775bc23d.jpg,1,chameleon_fake,chameleon,root,unknown_fake,seen,1.0,0,base
/ai_paas_jf/pangqs/AIGC/safepp_pytorch/data/test/chameleon/fake/a1f4e374-b58b-45ad-919f-ec5a5e48e390.jpg,1,chameleon_fake,chameleon,root,unknown_fake,seen,1.0,0,base
/ai_paas_jf/pangqs/AIGC/safepp_pytorch/data/test/chameleon/fake/a26ebfc3-3f5b-43ff-8fe2-bc1d0e977c1b.jpg,1,chameleon_fake,chameleon,root,unknown_fake,seen,1.0,0,base
/ai_paas_jf/pangqs/AIGC/safepp_pytorch/data/test/chameleon/fake/a3b14bad-51dd-411b-81dd-8ad5db31eef2.jpg,1,chameleon_fake,chameleon,root,unknown_fake,seen,1.0,0,base
/ai_paas_jf/pangqs/AIGC/safepp_pytorch/data/test/chameleon/fake/a4caa263-eb6e-4458-aa57-30352db84e98.jpg,1,chameleon_fake,chameleon,root,unknown_fake,seen,1.0,0,base
/ai_paas_jf/pangqs/AIGC/safepp_pytorch/data/test/chameleon/fake/a4cc2e2c-9f68-4564-877a-2a4908897a55.jpg,1,chameleon_fake,chameleon,root,unknown_fake,seen,1.0,0,base
/ai_paas_jf/pangqs/AIGC/safepp_pytorch/data/test/chameleon/fake/a515d3d1-be50-40c3-aa60-5ddf7be69332.jpg,1,chameleon_fake,chameleon,root,unknown_fake,seen,1.0,0,base
/ai_paas_jf/pangqs/AIGC/safepp_pytorch/data/test/chameleon/fake/a6104907-f73c-4183-a36a-88a68e4fd246.jpg,1,chameleon_fake,chameleon,root,unknown_fake,seen,1.0,0,base
/ai_paas_jf/pangqs/AIGC/safepp_pytorch/data/test/chameleon/fake/a657a561-8572-49f8-a744-0b15063fe00a.jpg,1,chameleon_fake,chameleon,root,unknown_fake,seen,1.0,0,base
/ai_paas_jf/pangqs/AIGC/safepp_pytorch/data/test/chameleon/fake/a6bab550-049c-434d-a440-c5c05580be1a.jpg,1,chameleon_fake,chameleon,root,unknown_fake,seen,1.0,0,base
/ai_paas_jf/pangqs/AIGC/safepp_pytorch/data/test/chameleon/fake/a7bc8c83-11bb-4011-8efd-772ca117faad.jpg,1,chameleon_fake,chameleon,root,unknown_fake,seen,1.0,0,base
/ai_paas_jf/pangqs/AIGC/safepp_pytorch/data/test/chameleon/fake/a7caa94a-a638-4a5d-9df8-b9086a5540e5.jpg,1,chameleon_fake,chameleon,root,unknown_fake,seen,1.0,0,base
/ai_paas_jf/pangqs/AIGC/safepp_pytorch/data/test/chameleon/fake/a8d02bbb-b4a6-4e91-8976-e1588d18c918.jpg,1,chameleon_fake,chameleon,root,unknown_fake,seen,1.0,0,base
/ai_paas_jf/pangqs/AIGC/safepp_pytorch/data/test/chameleon/fake/a9a8dd10-a80d-44e5-a839-3b62ef58bb93.jpg,1,chameleon_fake,chameleon,root,unknown_fake,seen,1.0,0,base
/ai_paas_jf/pangqs/AIGC/safepp_pytorch/data/test/chameleon/fake/a9e2d3a0-c776-4aff-8cfe-00d9c4f2a29a.jpg,1,chameleon_fake,chameleon,root,unknown_fake,seen,1.0,0,base
/ai_paas_jf/pangqs/AIGC/safepp_pytorch/data/test/chameleon/fake/aa0558b7-7bf5-49a6-a90b-87e444dfaf9d.jpg,1,chameleon_fake,chameleon,root,unknown_fake,seen,1.0,0,base
/ai_paas_jf/pangqs/AIGC/safepp_pytorch/data/test/chameleon/fake/aaef5a3a-a5cc-413b-bdfc-9c3f0999731f.jpg,1,chameleon_fake,chameleon,root,unknown_fake,seen,1.0,0,base
/ai_paas_jf/pangqs/AIGC/safepp_pytorch/data/test/chameleon/fake/ab13cc54-6146-49d2-a98a-a4d792c63edb.jpg,1,chameleon_fake,chameleon,root,unknown_fake,seen,1.0,0,base
/ai_paas_jf/pangqs/AIGC/safepp_pytorch/data/test/chameleon/fake/abeae6bb-4411-4811-ae7c-8e29d41f831d.jpg,1,chameleon_fake,chameleon,root,unknown_fake,seen,1.0,0,base
/ai_paas_jf/pangqs/AIGC/safepp_pytorch/data/test/chameleon/fake/abee6183-9761-43a7-b0ea-393f7bcea901.jpg,1,chameleon_fake,chameleon,root,unknown_fake,seen,1.0,0,base
/ai_paas_jf/pangqs/AIGC/safepp_pytorch/data/test/chameleon/fake/ac3800f9-f7bf-4943-978e-6dbfb06489ef.jpg,1,chameleon_fake,chameleon,root,unknown_fake,seen,1.0,0,base
/ai_paas_jf/pangqs/AIGC/safepp_pytorch/data/test/chameleon/fake/ace5ddc4-f399-46a7-ad62-b3de1c535938.jpg,1,chameleon_fake,chameleon,root,unknown_fake,seen,1.0,0,base
/ai_paas_jf/pangqs/AIGC/safepp_pytorch/data/test/chameleon/fake/ae325319-55d6-401c-829e-f357b2a97015.jpg,1,chameleon_fake,chameleon,root,unknown_fake,seen,1.0,0,base
/ai_paas_jf/pangqs/AIGC/safepp_pytorch/data/test/chameleon/fake/ae71ca3b-7f3b-4dfd-ad7a-a116fbe72cec.jpg,1,chameleon_fake,chameleon,root,unknown_fake,seen,1.0,0,base
/ai_paas_jf/pangqs/AIGC/safepp_pytorch/data/test/chameleon/fake/aeb7174b-f3cb-4f64-b4f8-56f8596e1149.jpg,1,chameleon_fake,chameleon,root,unknown_fake,seen,1.0,0,base
/ai_paas_jf/pangqs/AIGC/safepp_pytorch/data/test/chameleon/fake/af3a4f37-d791-4f22-a94d-f5d96354d507.jpg,1,chameleon_fake,chameleon,root,unknown_fake,seen,1.0,0,base
/ai_paas_jf/pangqs/AIGC/safepp_pytorch/data/test/chameleon/fake/af98643a-0a40-46a9-8e6e-98d15b26b951.jpg,1,chameleon_fake,chameleon,root,unknown_fake,seen,1.0,0,base
/ai_paas_jf/pangqs/AIGC/safepp_pytorch/data/test/chameleon/fake/b01055a2-470d-4bb3-bb41-96042ab5c55b.jpg,1,chameleon_fake,chameleon,root,unknown_fake,seen,1.0,0,base
/ai_paas_jf/pangqs/AIGC/safepp_pytorch/data/test/chameleon/fake/b050df13-2226-4b58-96ea-a5fb4cdbfb15.jpg,1,chameleon_fake,chameleon,root,unknown_fake,seen,1.0,0,base
/ai_paas_jf/pangqs/AIGC/safepp_pytorch/data/test/chameleon/fake/b0b3662c-c6a9-4a41-b8e5-05b4d061d9ac.jpg,1,chameleon_fake,chameleon,root,unknown_fake,seen,1.0,0,base
/ai_paas_jf/pangqs/AIGC/safepp_pytorch/data/test/chameleon/fake/b132f04b-9b68-4a85-825b-1fc31a6df60a.jpg,1,chameleon_fake,chameleon,root,unknown_fake,seen,1.0,0,base
/ai_paas_jf/pangqs/AIGC/safepp_pytorch/data/test/chameleon/fake/b1b76399-8c40-4d14-815b-256439833b69.jpg,1,chameleon_fake,chameleon,root,unknown_fake,seen,1.0,0,base
/ai_paas_jf/pangqs/AIGC/safepp_pytorch/data/test/chameleon/fake/b2270469-c872-4c85-bd4f-7be66ad60c51.jpg,1,chameleon_fake,chameleon,root,unknown_fake,seen,1.0,0,base
/ai_paas_jf/pangqs/AIGC/safepp_pytorch/data/test/chameleon/fake/b2f4a38e-18b5-4c9d-9a33-5a8d942da14b.jpg,1,chameleon_fake,chameleon,root,unknown_fake,seen,1.0,0,base
/ai_paas_jf/pangqs/AIGC/safepp_pytorch/data/test/chameleon/fake/b37931a9-85b2-41db-866f-47d44d3599e9.jpg,1,chameleon_fake,chameleon,root,unknown_fake,seen,1.0,0,base
/ai_paas_jf/pangqs/AIGC/safepp_pytorch/data/test/chameleon/fake/b47f18a3-7e6f-4bc5-a544-cebeb55374c1.jpg,1,chameleon_fake,chameleon,root,unknown_fake,seen,1.0,0,base
/ai_paas_jf/pangqs/AIGC/safepp_pytorch/data/test/chameleon/fake/b5adfe6d-1ea6-4402-888c-15b6147bb459.jpg,1,chameleon_fake,chameleon,root,unknown_fake,seen,1.0,0,base
/ai_paas_jf/pangqs/AIGC/safepp_pytorch/data/test/chameleon/fake/b636765f-39e7-4b01-a67e-2b49e7080c90.jpg,1,chameleon_fake,chameleon,root,unknown_fake,seen,1.0,0,base
/ai_paas_jf/pangqs/AIGC/safepp_pytorch/data/test/chameleon/fake/b668f98d-927c-4d9b-ac07-9405c79695ff.jpg,1,chameleon_fake,chameleon,root,unknown_fake,seen,1.0,0,base
/ai_paas_jf/pangqs/AIGC/safepp_pytorch/data/test/chameleon/fake/b71d298a-a546-4077-b15d-493518a0aef4.jpg,1,chameleon_fake,chameleon,root,unknown_fake,seen,1.0,0,base
/ai_paas_jf/pangqs/AIGC/safepp_pytorch/data/test/chameleon/fake/b73c6af5-4803-4463-82c1-da321bdd7c72.jpg,1,chameleon_fake,chameleon,root,unknown_fake,seen,1.0,0,base
/ai_paas_jf/pangqs/AIGC/safepp_pytorch/data/test/chameleon/fake/b7ee08f7-9f15-45c9-acb2-258f0c5ce5cb.jpg,1,chameleon_fake,chameleon,root,unknown_fake,seen,1.0,0,base
/ai_paas_jf/pangqs/AIGC/safepp_pytorch/data/test/chameleon/fake/b8789290-3ea5-4207-9376-ca33b499344a.jpg,1,chameleon_fake,chameleon,root,unknown_fake,seen,1.0,0,base
/ai_paas_jf/pangqs/AIGC/safepp_pytorch/data/test/chameleon/fake/b8e7419f-673d-45aa-b74f-c4097f232760.jpg,1,chameleon_fake,chameleon,root,unknown_fake,seen,1.0,0,base
/ai_paas_jf/pangqs/AIGC/safepp_pytorch/data/test/chameleon/fake/b8e876a6-bd70-4441-a534-7a4d51a84acb.jpg,1,chameleon_fake,chameleon,root,unknown_fake,seen,1.0,0,base
/ai_paas_jf/pangqs/AIGC/safepp_pytorch/data/test/chameleon/fake/b97646ff-acc1-4d6f-8103-d8138302890b.jpg,1,chameleon_fake,chameleon,root,unknown_fake,seen,1.0,0,base
/ai_paas_jf/pangqs/AIGC/safepp_pytorch/data/test/chameleon/fake/b9a405b5-bdde-4735-b056-4093318aa2f5.jpg,1,chameleon_fake,chameleon,root,unknown_fake,seen,1.0,0,base
/ai_paas_jf/pangqs/AIGC/safepp_pytorch/data/test/chameleon/fake/baacc4e3-0402-4718-ae83-69ce99a7a4b7.jpg,1,chameleon_fake,chameleon,root,unknown_fake,seen,1.0,0,base
/ai_paas_jf/pangqs/AIGC/safepp_pytorch/data/test/chameleon/fake/bbb71b0c-66bb-46e2-b7c8-444d183d5585.jpg,1,chameleon_fake,chameleon,root,unknown_fake,seen,1.0,0,base
/ai_paas_jf/pangqs/AIGC/safepp_pytorch/data/test/chameleon/fake/bbe7a3bb-9bb6-4e3b-a27a-72d462ff34af.jpg,1,chameleon_fake,chameleon,root,unknown_fake,seen,1.0,0,base
/ai_paas_jf/pangqs/AIGC/safepp_pytorch/data/test/chameleon/fake/bc75218d-e7ec-4e1b-81e3-5bba2c2c04a3.jpg,1,chameleon_fake,chameleon,root,unknown_fake,seen,1.0,0,base
/ai_paas_jf/pangqs/AIGC/safepp_pytorch/data/test/chameleon/fake/bc89839a-c9a9-4406-91fb-55161b5f4f9d.jpg,1,chameleon_fake,chameleon,root,unknown_fake,seen,1.0,0,base
/ai_paas_jf/pangqs/AIGC/safepp_pytorch/data/test/chameleon/fake/bca7f6a8-26f0-41a3-8987-15bbfd488265.jpg,1,chameleon_fake,chameleon,root,unknown_fake,seen,1.0,0,base
/ai_paas_jf/pangqs/AIGC/safepp_pytorch/data/test/chameleon/fake/bcbbc614-d953-42da-9193-088fae41a210.jpg,1,chameleon_fake,chameleon,root,unknown_fake,seen,1.0,0,base
/ai_paas_jf/pangqs/AIGC/safepp_pytorch/data/test/chameleon/fake/bd633846-235a-438e-92ce-6c6a800eb54f.jpg,1,chameleon_fake,chameleon,root,unknown_fake,seen,1.0,0,base
/ai_paas_jf/pangqs/AIGC/safepp_pytorch/data/test/chameleon/fake/bdbbdc3b-129d-4c0d-96a9-8016587e9fae.jpg,1,chameleon_fake,chameleon,root,unknown_fake,seen,1.0,0,base
/ai_paas_jf/pangqs/AIGC/safepp_pytorch/data/test/chameleon/fake/be548b11-a64f-46f3-9433-ff2887438854.jpg,1,chameleon_fake,chameleon,root,unknown_fake,seen,1.0,0,base
/ai_paas_jf/pangqs/AIGC/safepp_pytorch/data/test/chameleon/fake/c04c8065-fd07-4bbb-b5c8-7956149c7c10.jpg,1,chameleon_fake,chameleon,root,unknown_fake,seen,1.0,0,base
/ai_paas_jf/pangqs/AIGC/safepp_pytorch/data/test/chameleon/fake/c0b413fe-794d-4251-ad82-983a6b987a98.jpg,1,chameleon_fake,chameleon,root,unknown_fake,seen,1.0,0,base
/ai_paas_jf/pangqs/AIGC/safepp_pytorch/data/test/chameleon/fake/c23e4f54-8c0e-47a3-b17b-fde08bd0996a.jpg,1,chameleon_fake,chameleon,root,unknown_fake,seen,1.0,0,base
/ai_paas_jf/pangqs/AIGC/safepp_pytorch/data/test/chameleon/fake/c2ffaf60-2644-49b6-a2e9-ca80ee928108.jpg,1,chameleon_fake,chameleon,root,unknown_fake,seen,1.0,0,base
/ai_paas_jf/pangqs/AIGC/safepp_pytorch/data/test/chameleon/fake/c378afda-c8f1-49b2-a419-bb7f2880d594.jpg,1,chameleon_fake,chameleon,root,unknown_fake,seen,1.0,0,base
/ai_paas_jf/pangqs/AIGC/safepp_pytorch/data/test/chameleon/fake/c3a3e2ec-2c77-4fdd-83a8-3810bff5d591.jpg,1,chameleon_fake,chameleon,root,unknown_fake,seen,1.0,0,base
/ai_paas_jf/pangqs/AIGC/safepp_pytorch/data/test/chameleon/fake/c3f5f8c3-7e9b-4d99-ba65-2eb468afbacb.jpg,1,chameleon_fake,chameleon,root,unknown_fake,seen,1.0,0,base
/ai_paas_jf/pangqs/AIGC/safepp_pytorch/data/test/chameleon/fake/c500daf8-4ff8-4738-a69e-d55f4ca39309.jpg,1,chameleon_fake,chameleon,root,unknown_fake,seen,1.0,0,base
/ai_paas_jf/pangqs/AIGC/safepp_pytorch/data/test/chameleon/fake/c516c3d8-5608-4a62-a5d9-7c23f4578c5b.jpg,1,chameleon_fake,chameleon,root,unknown_fake,seen,1.0,0,base
/ai_paas_jf/pangqs/AIGC/safepp_pytorch/data/test/chameleon/fake/c6a795db-d260-4898-a2ae-19562e425b0b.jpg,1,chameleon_fake,chameleon,root,unknown_fake,seen,1.0,0,base
/ai_paas_jf/pangqs/AIGC/safepp_pytorch/data/test/chameleon/fake/c70dc4b0-19af-45c3-a041-71c29d543bb1.jpg,1,chameleon_fake,chameleon,root,unknown_fake,seen,1.0,0,base
/ai_paas_jf/pangqs/AIGC/safepp_pytorch/data/test/chameleon/fake/c71fe8c9-126c-4d8c-9aa1-4c90142f9d59.jpg,1,chameleon_fake,chameleon,root,unknown_fake,seen,1.0,0,base
/ai_paas_jf/pangqs/AIGC/safepp_pytorch/data/test/chameleon/fake/c76c04b3-2fae-40c0-8b9d-c82941f4335a.jpg,1,chameleon_fake,chameleon,root,unknown_fake,seen,1.0,0,base
/ai_paas_jf/pangqs/AIGC/safepp_pytorch/data/test/chameleon/fake/c814e6fe-1aed-4683-9860-70307a3950b8.jpg,1,chameleon_fake,chameleon,root,unknown_fake,seen,1.0,0,base
/ai_paas_jf/pangqs/AIGC/safepp_pytorch/data/test/chameleon/fake/c914e2da-81fa-469f-b919-3d1f3068c610.jpg,1,chameleon_fake,chameleon,root,unknown_fake,seen,1.0,0,base
/ai_paas_jf/pangqs/AIGC/safepp_pytorch/data/test/chameleon/fake/c9993d1d-9368-4204-8050-e200039beab8.jpg,1,chameleon_fake,chameleon,root,unknown_fake,seen,1.0,0,base
/ai_paas_jf/pangqs/AIGC/safepp_pytorch/data/test/chameleon/fake/c9c6a273-30ae-4e7f-bf21-2ac49639917b.jpg,1,chameleon_fake,chameleon,root,unknown_fake,seen,1.0,0,base
/ai_paas_jf/pangqs/AIGC/safepp_pytorch/data/test/chameleon/fake/ca6397da-eb76-41b6-9681-2b440f8ea6db.jpg,1,chameleon_fake,chameleon,root,unknown_fake,seen,1.0,0,base
/ai_paas_jf/pangqs/AIGC/safepp_pytorch/data/test/chameleon/fake/cac2d7e2-4241-434e-8d89-cfed7aa19596.jpg,1,chameleon_fake,chameleon,root,unknown_fake,seen,1.0,0,base
/ai_paas_jf/pangqs/AIGC/safepp_pytorch/data/test/chameleon/fake/cb6110a7-24bf-4ab4-bd32-7600b08fbb80.jpg,1,chameleon_fake,chameleon,root,unknown_fake,seen,1.0,0,base
/ai_paas_jf/pangqs/AIGC/safepp_pytorch/data/test/chameleon/fake/cb75437f-64fe-4fb3-8674-751cc10c2f2b.jpg,1,chameleon_fake,chameleon,root,unknown_fake,seen,1.0,0,base
/ai_paas_jf/pangqs/AIGC/safepp_pytorch/data/test/chameleon/fake/cbe843a7-eac9-4aa5-8667-f1ce0f4a8fb1.jpg,1,chameleon_fake,chameleon,root,unknown_fake,seen,1.0,0,base
/ai_paas_jf/pangqs/AIGC/safepp_pytorch/data/test/chameleon/fake/cc745a95-5754-461a-aca0-3c00a83a9ce7.jpg,1,chameleon_fake,chameleon,root,unknown_fake,seen,1.0,0,base
/ai_paas_jf/pangqs/AIGC/safepp_pytorch/data/test/chameleon/fake/cd1d679d-ed8d-4773-b1cc-849f0bc56827.jpg,1,chameleon_fake,chameleon,root,unknown_fake,seen,1.0,0,base
/ai_paas_jf/pangqs/AIGC/safepp_pytorch/data/test/chameleon/fake/ceb822c7-2de6-4167-ba8a-a859ca588198.jpg,1,chameleon_fake,chameleon,root,unknown_fake,seen,1.0,0,base
/ai_paas_jf/pangqs/AIGC/safepp_pytorch/data/test/chameleon/fake/cf844cee-f314-4b68-84c3-0dc384a20419.jpg,1,chameleon_fake,chameleon,root,unknown_fake,seen,1.0,0,base
/ai_paas_jf/pangqs/AIGC/safepp_pytorch/data/test/chameleon/fake/cf96ecf3-6c06-4aa7-b3e3-f653f6bb23a3.jpg,1,chameleon_fake,chameleon,root,unknown_fake,seen,1.0,0,base
/ai_paas_jf/pangqs/AIGC/safepp_pytorch/data/test/chameleon/fake/cfd8065b-6817-442d-9af1-8202f43eb07d.jpg,1,chameleon_fake,chameleon,root,unknown_fake,seen,1.0,0,base
/ai_paas_jf/pangqs/AIGC/safepp_pytorch/data/test/chameleon/fake/cfee8ef7-0ba8-4191-93ef-4f4d52d0fbe9.jpg,1,chameleon_fake,chameleon,root,unknown_fake,seen,1.0,0,base
/ai_paas_jf/pangqs/AIGC/safepp_pytorch/data/test/chameleon/fake/d04ade33-81fb-46de-89fa-bf965af00e72.jpg,1,chameleon_fake,chameleon,root,unknown_fake,seen,1.0,0,base
/ai_paas_jf/pangqs/AIGC/safepp_pytorch/data/test/chameleon/fake/d0e258cb-08b1-4a37-827d-ac20be62804a.jpg,1,chameleon_fake,chameleon,root,unknown_fake,seen,1.0,0,base
/ai_paas_jf/pangqs/AIGC/safepp_pytorch/data/test/chameleon/fake/d2704259-a2e3-4b60-a02b-7e2801834f30.jpg,1,chameleon_fake,chameleon,root,unknown_fake,seen,1.0,0,base
/ai_paas_jf/pangqs/AIGC/safepp_pytorch/data/test/chameleon/fake/d365367e-bb54-4e1a-8a0b-79967935edc0.jpg,1,chameleon_fake,chameleon,root,unknown_fake,seen,1.0,0,base
/ai_paas_jf/pangqs/AIGC/safepp_pytorch/data/test/chameleon/fake/d395a58d-ceda-4f29-9cdb-4170d87df8ef.jpg,1,chameleon_fake,chameleon,root,unknown_fake,seen,1.0,0,base
/ai_paas_jf/pangqs/AIGC/safepp_pytorch/data/test/chameleon/fake/d5fa9481-deff-48f8-a2d8-80764c5df120.jpg,1,chameleon_fake,chameleon,root,unknown_fake,seen,1.0,0,base
/ai_paas_jf/pangqs/AIGC/safepp_pytorch/data/test/chameleon/fake/d8167bc7-176d-413f-9b0c-6e5a5503ee9c.jpg,1,chameleon_fake,chameleon,root,unknown_fake,seen,1.0,0,base
/ai_paas_jf/pangqs/AIGC/safepp_pytorch/data/test/chameleon/fake/d82b8157-457c-44a9-adea-56b2a9fe601f.jpg,1,chameleon_fake,chameleon,root,unknown_fake,seen,1.0,0,base
/ai_paas_jf/pangqs/AIGC/safepp_pytorch/data/test/chameleon/fake/d83465e8-d24f-4495-ba4e-b9272c4e0d5b.jpg,1,chameleon_fake,chameleon,root,unknown_fake,seen,1.0,0,base
/ai_paas_jf/pangqs/AIGC/safepp_pytorch/data/test/chameleon/fake/d8db8a76-aa72-427a-9ac6-bf0cb6b1d04e.jpg,1,chameleon_fake,chameleon,root,unknown_fake,seen,1.0,0,base
/ai_paas_jf/pangqs/AIGC/safepp_pytorch/data/test/chameleon/fake/d8e3ed24-4fb5-495b-9ab2-8248463f0621.jpg,1,chameleon_fake,chameleon,root,unknown_fake,seen,1.0,0,base
/ai_paas_jf/pangqs/AIGC/safepp_pytorch/data/test/chameleon/fake/d933f3e9-6c27-4db9-9851-d89659a58511.jpg,1,chameleon_fake,chameleon,root,unknown_fake,seen,1.0,0,base
/ai_paas_jf/pangqs/AIGC/safepp_pytorch/data/test/chameleon/fake/d99f18c1-0ad2-4730-9ccd-35e92cb478dc.jpg,1,chameleon_fake,chameleon,root,unknown_fake,seen,1.0,0,base
/ai_paas_jf/pangqs/AIGC/safepp_pytorch/data/test/chameleon/fake/daa66d08-90ab-4fe2-98e2-b2eff20907bb.jpg,1,chameleon_fake,chameleon,root,unknown_fake,seen,1.0,0,base
/ai_paas_jf/pangqs/AIGC/safepp_pytorch/data/test/chameleon/fake/daa69861-ebe6-4a38-976b-454af5e4a68f.jpg,1,chameleon_fake,chameleon,root,unknown_fake,seen,1.0,0,base
/ai_paas_jf/pangqs/AIGC/safepp_pytorch/data/test/chameleon/fake/daa89eff-d21c-4a42-a013-7052fcd18243.jpg,1,chameleon_fake,chameleon,root,unknown_fake,seen,1.0,0,base
/ai_paas_jf/pangqs/AIGC/safepp_pytorch/data/test/chameleon/fake/db47c940-2b34-4dbb-b6b8-15b0f65d5183.jpg,1,chameleon_fake,chameleon,root,unknown_fake,seen,1.0,0,base
/ai_paas_jf/pangqs/AIGC/safepp_pytorch/data/test/chameleon/fake/dbc49534-c16a-4541-b3bb-582df1823156.jpg,1,chameleon_fake,chameleon,root,unknown_fake,seen,1.0,0,base
/ai_paas_jf/pangqs/AIGC/safepp_pytorch/data/test/chameleon/fake/dcd391d6-bad0-473c-adb7-ee888b287291.jpg,1,chameleon_fake,chameleon,root,unknown_fake,seen,1.0,0,base
/ai_paas_jf/pangqs/AIGC/safepp_pytorch/data/test/chameleon/fake/dd8ecbc7-2def-4124-be07-90d6ed6d444e.jpg,1,chameleon_fake,chameleon,root,unknown_fake,seen,1.0,0,base
/ai_paas_jf/pangqs/AIGC/safepp_pytorch/data/test/chameleon/fake/dda9cde3-6491-42ca-99eb-910c94549cd7.jpg,1,chameleon_fake,chameleon,root,unknown_fake,seen,1.0,0,base
/ai_paas_jf/pangqs/AIGC/safepp_pytorch/data/test/chameleon/fake/e0d475ec-2936-4a0c-9b90-9df211122d17.jpg,1,chameleon_fake,chameleon,root,unknown_fake,seen,1.0,0,base
/ai_paas_jf/pangqs/AIGC/safepp_pytorch/data/test/chameleon/fake/e11fd0af-c76d-4663-b141-e2791375f1ec.jpg,1,chameleon_fake,chameleon,root,unknown_fake,seen,1.0,0,base
/ai_paas_jf/pangqs/AIGC/safepp_pytorch/data/test/chameleon/fake/e15aa5b1-419a-4b0d-bd17-e4045e473ae4.jpg,1,chameleon_fake,chameleon,root,unknown_fake,seen,1.0,0,base
/ai_paas_jf/pangqs/AIGC/safepp_pytorch/data/test/chameleon/fake/e16f08a0-3ba8-49df-bbee-55d5ebb33451.jpg,1,chameleon_fake,chameleon,root,unknown_fake,seen,1.0,0,base
/ai_paas_jf/pangqs/AIGC/safepp_pytorch/data/test/chameleon/fake/e2984d50-0eda-479f-997e-cf54eb5d5db1.jpg,1,chameleon_fake,chameleon,root,unknown_fake,seen,1.0,0,base
/ai_paas_jf/pangqs/AIGC/safepp_pytorch/data/test/chameleon/fake/e2aa3973-ce4b-4cef-8e2b-397d230393f4.jpg,1,chameleon_fake,chameleon,root,unknown_fake,seen,1.0,0,base
/ai_paas_jf/pangqs/AIGC/safepp_pytorch/data/test/chameleon/fake/e2b68126-559c-4953-ae08-8b88b2e91922.jpg,1,chameleon_fake,chameleon,root,unknown_fake,seen,1.0,0,base
/ai_paas_jf/pangqs/AIGC/safepp_pytorch/data/test/chameleon/fake/e2de1abf-7caa-4b28-a1f3-5bee9dc9a9e4.jpg,1,chameleon_fake,chameleon,root,unknown_fake,seen,1.0,0,base
/ai_paas_jf/pangqs/AIGC/safepp_pytorch/data/test/chameleon/fake/e2efe856-b118-4ebb-b610-dfc0d9e2d395.jpg,1,chameleon_fake,chameleon,root,unknown_fake,seen,1.0,0,base
/ai_paas_jf/pangqs/AIGC/safepp_pytorch/data/test/chameleon/fake/e2f290c9-3d74-4f73-932d-bafe41d3fc02.jpg,1,chameleon_fake,chameleon,root,unknown_fake,seen,1.0,0,base
/ai_paas_jf/pangqs/AIGC/safepp_pytorch/data/test/chameleon/fake/e35709aa-de57-4507-a792-9f2011417279.jpg,1,chameleon_fake,chameleon,root,unknown_fake,seen,1.0,0,base
/ai_paas_jf/pangqs/AIGC/safepp_pytorch/data/test/chameleon/fake/e411665b-a0d8-4ced-bbec-cd5a8e447555.jpg,1,chameleon_fake,chameleon,root,unknown_fake,seen,1.0,0,base
/ai_paas_jf/pangqs/AIGC/safepp_pytorch/data/test/chameleon/fake/e44a5218-5cb9-43f1-aad9-9b0ad2b48fd6.jpg,1,chameleon_fake,chameleon,root,unknown_fake,seen,1.0,0,base
/ai_paas_jf/pangqs/AIGC/safepp_pytorch/data/test/chameleon/fake/e483bfce-2c20-494b-a11b-0b2064424114.jpg,1,chameleon_fake,chameleon,root,unknown_fake,seen,1.0,0,base
/ai_paas_jf/pangqs/AIGC/safepp_pytorch/data/test/chameleon/fake/e4d72e26-52c6-4d7c-9fb0-01dcb84cd351.jpg,1,chameleon_fake,chameleon,root,unknown_fake,seen,1.0,0,base
/ai_paas_jf/pangqs/AIGC/safepp_pytorch/data/test/chameleon/fake/e62345c7-65a7-4b6e-a648-98fecc0dd6cb.jpg,1,chameleon_fake,chameleon,root,unknown_fake,seen,1.0,0,base
/ai_paas_jf/pangqs/AIGC/safepp_pytorch/data/test/chameleon/fake/e73594c8-8f9f-4d9c-9b58-561a3c415c46.jpg,1,chameleon_fake,chameleon,root,unknown_fake,seen,1.0,0,base
/ai_paas_jf/pangqs/AIGC/safepp_pytorch/data/test/chameleon/fake/e828801d-22e1-4fac-9f3a-bd766c564419.jpg,1,chameleon_fake,chameleon,root,unknown_fake,seen,1.0,0,base
/ai_paas_jf/pangqs/AIGC/safepp_pytorch/data/test/chameleon/fake/e86a709d-9956-47fb-9152-3031b2ee10cb.jpg,1,chameleon_fake,chameleon,root,unknown_fake,seen,1.0,0,base
/ai_paas_jf/pangqs/AIGC/safepp_pytorch/data/test/chameleon/fake/ea3e5751-e76f-4e42-8a5d-9dfb1e9dc7fd.jpg,1,chameleon_fake,chameleon,root,unknown_fake,seen,1.0,0,base
/ai_paas_jf/pangqs/AIGC/safepp_pytorch/data/test/chameleon/fake/eacf8220-170c-4dbf-84e7-d60453962d07.jpg,1,chameleon_fake,chameleon,root,unknown_fake,seen,1.0,0,base
/ai_paas_jf/pangqs/AIGC/safepp_pytorch/data/test/chameleon/fake/ec03b94b-637d-4a92-a220-e95d38ce9543.jpg,1,chameleon_fake,chameleon,root,unknown_fake,seen,1.0,0,base
/ai_paas_jf/pangqs/AIGC/safepp_pytorch/data/test/chameleon/fake/ed1dd549-7931-4294-9c2f-def66f98194b.jpg,1,chameleon_fake,chameleon,root,unknown_fake,seen,1.0,0,base
/ai_paas_jf/pangqs/AIGC/safepp_pytorch/data/test/chameleon/fake/ed868456-4e1c-4f48-8c44-e04589e62f62.jpg,1,chameleon_fake,chameleon,root,unknown_fake,seen,1.0,0,base
/ai_paas_jf/pangqs/AIGC/safepp_pytorch/data/test/chameleon/fake/edc24451-fb9f-4832-b45f-e2bc9f1c199a.jpg,1,chameleon_fake,chameleon,root,unknown_fake,seen,1.0,0,base
/ai_paas_jf/pangqs/AIGC/safepp_pytorch/data/test/chameleon/fake/ef1243d0-f348-4bcb-ade9-61c516e20e64.jpg,1,chameleon_fake,chameleon,root,unknown_fake,seen,1.0,0,base
/ai_paas_jf/pangqs/AIGC/safepp_pytorch/data/test/chameleon/fake/ef96d9a5-099f-45e2-9665-fe3246edcf62.jpg,1,chameleon_fake,chameleon,root,unknown_fake,seen,1.0,0,base
/ai_paas_jf/pangqs/AIGC/safepp_pytorch/data/test/chameleon/fake/efe63095-70b7-4c53-a47f-e40af9a12e58.jpg,1,chameleon_fake,chameleon,root,unknown_fake,seen,1.0,0,base
/ai_paas_jf/pangqs/AIGC/safepp_pytorch/data/test/chameleon/fake/f0850c2d-80ee-47f3-8ac5-7498e3a9553c.jpg,1,chameleon_fake,chameleon,root,unknown_fake,seen,1.0,0,base
/ai_paas_jf/pangqs/AIGC/safepp_pytorch/data/test/chameleon/fake/f0a8ca9f-72b4-4d95-a224-f908b1decef6.jpg,1,chameleon_fake,chameleon,root,unknown_fake,seen,1.0,0,base
/ai_paas_jf/pangqs/AIGC/safepp_pytorch/data/test/chameleon/fake/f1159a40-3475-4ffc-bd87-7ae9b73e925a.jpg,1,chameleon_fake,chameleon,root,unknown_fake,seen,1.0,0,base
/ai_paas_jf/pangqs/AIGC/safepp_pytorch/data/test/chameleon/fake/f18c8cc6-4405-4c1e-9e1d-508326d299c7.jpg,1,chameleon_fake,chameleon,root,unknown_fake,seen,1.0,0,base
/ai_paas_jf/pangqs/AIGC/safepp_pytorch/data/test/chameleon/fake/f1f3704c-1161-4a66-a0ed-db6e3f630116.jpg,1,chameleon_fake,chameleon,root,unknown_fake,seen,1.0,0,base
/ai_paas_jf/pangqs/AIGC/safepp_pytorch/data/test/chameleon/fake/f2781454-2aee-4c36-8710-08173a3eebb4.jpg,1,chameleon_fake,chameleon,root,unknown_fake,seen,1.0,0,base
/ai_paas_jf/pangqs/AIGC/safepp_pytorch/data/test/chameleon/fake/f2e9fb62-86c9-4d9b-958a-528b0c41b2b5.jpg,1,chameleon_fake,chameleon,root,unknown_fake,seen,1.0,0,base
/ai_paas_jf/pangqs/AIGC/safepp_pytorch/data/test/chameleon/fake/f3e55be9-70d3-490d-899e-73357d02499f.jpg,1,chameleon_fake,chameleon,root,unknown_fake,seen,1.0,0,base
/ai_paas_jf/pangqs/AIGC/safepp_pytorch/data/test/chameleon/fake/f51fe197-0bd1-45ac-8656-8d09bb967fcd.jpg,1,chameleon_fake,chameleon,root,unknown_fake,seen,1.0,0,base
/ai_paas_jf/pangqs/AIGC/safepp_pytorch/data/test/chameleon/fake/f56d83c1-6a90-4ab2-bde3-f1f491b6d784.jpg,1,chameleon_fake,chameleon,root,unknown_fake,seen,1.0,0,base
/ai_paas_jf/pangqs/AIGC/safepp_pytorch/data/test/chameleon/fake/f5736992-bd30-422a-b319-b2bb471ba9f8.jpg,1,chameleon_fake,chameleon,root,unknown_fake,seen,1.0,0,base
/ai_paas_jf/pangqs/AIGC/safepp_pytorch/data/test/chameleon/fake/f5900c64-5879-471a-b4f8-ad30d4cb7c87.jpg,1,chameleon_fake,chameleon,root,unknown_fake,seen,1.0,0,base
/ai_paas_jf/pangqs/AIGC/safepp_pytorch/data/test/chameleon/fake/f5aa8395-5485-457c-8bb1-c9093996f9ef.jpg,1,chameleon_fake,chameleon,root,unknown_fake,seen,1.0,0,base
/ai_paas_jf/pangqs/AIGC/safepp_pytorch/data/test/chameleon/fake/f5b471f4-0361-457a-be89-f09f04e074d5.jpg,1,chameleon_fake,chameleon,root,unknown_fake,seen,1.0,0,base
/ai_paas_jf/pangqs/AIGC/safepp_pytorch/data/test/chameleon/fake/f5dcbbfc-511c-452c-a9b5-4eeb13ed1e34.jpg,1,chameleon_fake,chameleon,root,unknown_fake,seen,1.0,0,base
/ai_paas_jf/pangqs/AIGC/safepp_pytorch/data/test/chameleon/fake/f61e1fc7-611b-4b91-ba29-e0e340a5f0ee.jpg,1,chameleon_fake,chameleon,root,unknown_fake,seen,1.0,0,base
/ai_paas_jf/pangqs/AIGC/safepp_pytorch/data/test/chameleon/fake/f6587cc8-6db9-4851-837d-4e149fd7daf1.jpg,1,chameleon_fake,chameleon,root,unknown_fake,seen,1.0,0,base
/ai_paas_jf/pangqs/AIGC/safepp_pytorch/data/test/chameleon/fake/f6b0d64e-e3b0-45b3-b60e-7fefb80507f7.jpg,1,chameleon_fake,chameleon,root,unknown_fake,seen,1.0,0,base
/ai_paas_jf/pangqs/AIGC/safepp_pytorch/data/test/chameleon/fake/f7b75a43-1d36-41f4-aa8e-459cc210a0f4.jpg,1,chameleon_fake,chameleon,root,unknown_fake,seen,1.0,0,base
/ai_paas_jf/pangqs/AIGC/safepp_pytorch/data/test/chameleon/fake/f88fb724-6b80-4678-8536-bae1829bb72e.jpg,1,chameleon_fake,chameleon,root,unknown_fake,seen,1.0,0,base
/ai_paas_jf/pangqs/AIGC/safepp_pytorch/data/test/chameleon/fake/f90af931-851e-4f21-83f8-a35ece3d28cf.jpg,1,chameleon_fake,chameleon,root,unknown_fake,seen,1.0,0,base
/ai_paas_jf/pangqs/AIGC/safepp_pytorch/data/test/chameleon/fake/fa9dc7bc-ae03-490b-b548-8929e509e8a7.jpg,1,chameleon_fake,chameleon,root,unknown_fake,seen,1.0,0,base
/ai_paas_jf/pangqs/AIGC/safepp_pytorch/data/test/chameleon/fake/fb8268a5-8936-428d-bc88-dcf615c38675.jpg,1,chameleon_fake,chameleon,root,unknown_fake,seen,1.0,0,base
/ai_paas_jf/pangqs/AIGC/safepp_pytorch/data/test/chameleon/fake/fc819b6e-4002-4189-91ec-5ff33fc47920.jpg,1,chameleon_fake,chameleon,root,unknown_fake,seen,1.0,0,base
/ai_paas_jf/pangqs/AIGC/safepp_pytorch/data/test/chameleon/fake/fc944075-0a65-45f9-8ee8-b8a030a4462d.jpg,1,chameleon_fake,chameleon,root,unknown_fake,seen,1.0,0,base
/ai_paas_jf/pangqs/AIGC/safepp_pytorch/data/test/chameleon/fake/fce018b1-c54e-4baf-a579-ae86ce8fd22a.jpg,1,chameleon_fake,chameleon,root,unknown_fake,seen,1.0,0,base
/ai_paas_jf/pangqs/AIGC/safepp_pytorch/data/test/chameleon/fake/fde661bc-8b79-4b6c-97c4-d8c1c26763e4.jpg,1,chameleon_fake,chameleon,root,unknown_fake,seen,1.0,0,base
/ai_paas_jf/pangqs/AIGC/safepp_pytorch/data/test/chameleon/fake/fe2576db-cfe1-497f-9902-9f67ef71bb78.jpg,1,chameleon_fake,chameleon,root,unknown_fake,seen,1.0,0,base
/ai_paas_jf/pangqs/AIGC/safepp_pytorch/data/test/chameleon/fake/ff897f64-fea8-4aee-b4b6-3a39ad67b52f.jpg,1,chameleon_fake,chameleon,root,unknown_fake,seen,1.0,0,base
/ai_paas_jf/pangqs/AIGC/safepp_pytorch/data/test/chameleon/fake/ffc68a6e-8d07-4a47-9254-7e6ad8a41447.jpg,1,chameleon_fake,chameleon,root,unknown_fake,seen,1.0,0,base
/ai_paas_jf/pangqs/AIGC/safepp_pytorch/data/test/doc/real/test2017/010102_00030.jpg,0,doc_real,doc,test2017,real,seen,1.0,0,base
/ai_paas_jf/pangqs/AIGC/safepp_pytorch/data/test/doc/real/test2017/010102_00153.jpg,0,doc_real,doc,test2017,real,seen,1.0,0,base
/ai_paas_jf/pangqs/AIGC/safepp_pytorch/data/test/doc/real/test2017/010103_00166.jpg,0,doc_real,doc,test2017,real,seen,1.0,0,base
/ai_paas_jf/pangqs/AIGC/safepp_pytorch/data/test/doc/real/test2017/010103_00174.jpg,0,doc_real,doc,test2017,real,seen,1.0,0,base
/ai_paas_jf/pangqs/AIGC/safepp_pytorch/data/test/doc/real/test2017/010103_00182.jpg,0,doc_real,doc,test2017,real,seen,1.0,0,base
/ai_paas_jf/pangqs/AIGC/safepp_pytorch/data/test/doc/real/test2017/010103_00547.jpg,0,doc_real,doc,test2017,real,seen,1.0,0,base
/ai_paas_jf/pangqs/AIGC/safepp_pytorch/data/test/doc/real/test2017/010201_01199.jpg,0,doc_real,doc,test2017,real,seen,1.0,0,base
/ai_paas_jf/pangqs/AIGC/safepp_pytorch/data/test/doc/real/test2017/010203_00005.jpg,0,doc_real,doc,test2017,real,seen,1.0,0,base
/ai_paas_jf/pangqs/AIGC/safepp_pytorch/data/test/doc/real/test2017/010203_00093.jpg,0,doc_real,doc,test2017,real,seen,1.0,0,base
/ai_paas_jf/pangqs/AIGC/safepp_pytorch/data/test/doc/real/test2017/010302_00296.jpg,0,doc_real,doc,test2017,real,seen,1.0,0,base
/ai_paas_jf/pangqs/AIGC/safepp_pytorch/data/test/doc/real/test2017/010302_00368.jpg,0,doc_real,doc,test2017,real,seen,1.0,0,base
/ai_paas_jf/pangqs/AIGC/safepp_pytorch/data/test/doc/real/test2017/010302_00420.jpg,0,doc_real,doc,test2017,real,seen,1.0,0,base
/ai_paas_jf/pangqs/AIGC/safepp_pytorch/data/test/doc/real/test2017/010303_00353.jpg,0,doc_real,doc,test2017,real,seen,1.0,0,base
/ai_paas_jf/pangqs/AIGC/safepp_pytorch/data/test/doc/real/test2017/010303_00397.jpg,0,doc_real,doc,test2017,real,seen,1.0,0,base
/ai_paas_jf/pangqs/AIGC/safepp_pytorch/data/test/doc/real/test2017/010502_00108.jpg,0,doc_real,doc,test2017,real,seen,1.0,0,base
/ai_paas_jf/pangqs/AIGC/safepp_pytorch/data/test/doc/real/test2017/010502_00114.jpg,0,doc_real,doc,test2017,real,seen,1.0,0,base
/ai_paas_jf/pangqs/AIGC/safepp_pytorch/data/test/doc/real/test2017/010502_00183.jpg,0,doc_real,doc,test2017,real,seen,1.0,0,base
/ai_paas_jf/pangqs/AIGC/safepp_pytorch/data/test/doc/real/test2017/010503_00380.jpg,0,doc_real,doc,test2017,real,seen,1.0,0,base
/ai_paas_jf/pangqs/AIGC/safepp_pytorch/data/test/doc/real/test2017/010602_00007.jpg,0,doc_real,doc,test2017,real,seen,1.0,0,base
/ai_paas_jf/pangqs/AIGC/safepp_pytorch/data/test/doc/real/test2017/010602_00208.jpg,0,doc_real,doc,test2017,real,seen,1.0,0,base
/ai_paas_jf/pangqs/AIGC/safepp_pytorch/data/test/doc/real/test2017/010603_00051.jpg,0,doc_real,doc,test2017,real,seen,1.0,0,base
/ai_paas_jf/pangqs/AIGC/safepp_pytorch/data/test/doc/real/test2017/010702_00094.jpg,0,doc_real,doc,test2017,real,seen,1.0,0,base
/ai_paas_jf/pangqs/AIGC/safepp_pytorch/data/test/doc/real/test2017/010802_00245.jpg,0,doc_real,doc,test2017,real,seen,1.0,0,base
/ai_paas_jf/pangqs/AIGC/safepp_pytorch/data/test/doc/real/test2017/010902_00004.jpg,0,doc_real,doc,test2017,real,seen,1.0,0,base
/ai_paas_jf/pangqs/AIGC/safepp_pytorch/data/test/doc/real/test2017/010902_00049.jpg,0,doc_real,doc,test2017,real,seen,1.0,0,base
/ai_paas_jf/pangqs/AIGC/safepp_pytorch/data/test/doc/real/test2017/010902_00119.jpg,0,doc_real,doc,test2017,real,seen,1.0,0,base
/ai_paas_jf/pangqs/AIGC/safepp_pytorch/data/test/doc/real/test2017/010902_00130.jpg,0,doc_real,doc,test2017,real,seen,1.0,0,base
/ai_paas_jf/pangqs/AIGC/safepp_pytorch/data/test/doc/real/test2017/010902_00146.jpg,0,doc_real,doc,test2017,real,seen,1.0,0,base
/ai_paas_jf/pangqs/AIGC/safepp_pytorch/data/test/doc/real/test2017/010903_00164.jpg,0,doc_real,doc,test2017,real,seen,1.0,0,base
/ai_paas_jf/pangqs/AIGC/safepp_pytorch/data/test/doc/real/test2017/0201_2020092215.jpg,0,doc_real,doc,test2017,real,seen,1.0,0,base
/ai_paas_jf/pangqs/AIGC/safepp_pytorch/data/test/doc/real/test2017/0201_2020101503.jpg,0,doc_real,doc,test2017,real,seen,1.0,0,base
/ai_paas_jf/pangqs/AIGC/safepp_pytorch/data/test/doc/real/test2017/0201_2021040614.jpg,0,doc_real,doc,test2017,real,seen,1.0,0,base
/ai_paas_jf/pangqs/AIGC/safepp_pytorch/data/test/doc/real/test2017/0201_2021041317.jpg,0,doc_real,doc,test2017,real,seen,1.0,0,base
/ai_paas_jf/pangqs/AIGC/safepp_pytorch/data/test/doc/real/test2017/0201_2021102803.jpg,0,doc_real,doc,test2017,real,seen,1.0,0,base
/ai_paas_jf/pangqs/AIGC/safepp_pytorch/data/test/doc/real/test2017/0201_2021111013.jpg,0,doc_real,doc,test2017,real,seen,1.0,0,base
/ai_paas_jf/pangqs/AIGC/safepp_pytorch/data/test/doc/real/test2017/0201_2021120111.jpg,0,doc_real,doc,test2017,real,seen,1.0,0,base
/ai_paas_jf/pangqs/AIGC/safepp_pytorch/data/test/doc/real/test2017/0202_0008_0008.jpg,0,doc_real,doc,test2017,real,seen,1.0,0,base
/ai_paas_jf/pangqs/AIGC/safepp_pytorch/data/test/doc/real/test2017/0202_0008_0020.jpg,0,doc_real,doc,test2017,real,seen,1.0,0,base
/ai_paas_jf/pangqs/AIGC/safepp_pytorch/data/test/doc/real/test2017/0202_0024_0014.jpg,0,doc_real,doc,test2017,real,seen,1.0,0,base
/ai_paas_jf/pangqs/AIGC/safepp_pytorch/data/test/doc/real/test2017/0202_0045_0009.jpg,0,doc_real,doc,test2017,real,seen,1.0,0,base
/ai_paas_jf/pangqs/AIGC/safepp_pytorch/data/test/doc/real/test2017/0202_0057_0008.jpg,0,doc_real,doc,test2017,real,seen,1.0,0,base
/ai_paas_jf/pangqs/AIGC/safepp_pytorch/data/test/doc/real/test2017/0202_0059_0016.jpg,0,doc_real,doc,test2017,real,seen,1.0,0,base
/ai_paas_jf/pangqs/AIGC/safepp_pytorch/data/test/doc/real/test2017/0301_0002_0029.jpg,0,doc_real,doc,test2017,real,seen,1.0,0,base
/ai_paas_jf/pangqs/AIGC/safepp_pytorch/data/test/doc/real/test2017/0301_0055_0031.jpg,0,doc_real,doc,test2017,real,seen,1.0,0,base
/ai_paas_jf/pangqs/AIGC/safepp_pytorch/data/test/doc/real/test2017/0301_0091_0021.jpg,0,doc_real,doc,test2017,real,seen,1.0,0,base
/ai_paas_jf/pangqs/AIGC/safepp_pytorch/data/test/doc/real/test2017/0301_0097_0075.jpg,0,doc_real,doc,test2017,real,seen,1.0,0,base
/ai_paas_jf/pangqs/AIGC/safepp_pytorch/data/test/doc/real/test2017/0301_0109_0088.jpg,0,doc_real,doc,test2017,real,seen,1.0,0,base
/ai_paas_jf/pangqs/AIGC/safepp_pytorch/data/test/doc/real/test2017/0301_0109_0102.jpg,0,doc_real,doc,test2017,real,seen,1.0,0,base
/ai_paas_jf/pangqs/AIGC/safepp_pytorch/data/test/doc/real/test2017/0301_0188_0044.jpg,0,doc_real,doc,test2017,real,seen,1.0,0,base
/ai_paas_jf/pangqs/AIGC/safepp_pytorch/data/test/doc/real/test2017/0301_0195_0019.jpg,0,doc_real,doc,test2017,real,seen,1.0,0,base
/ai_paas_jf/pangqs/AIGC/safepp_pytorch/data/test/doc/real/test2017/0301_0213_0023.jpg,0,doc_real,doc,test2017,real,seen,1.0,0,base
/ai_paas_jf/pangqs/AIGC/safepp_pytorch/data/test/doc/real/test2017/0301_0224_0042.jpg,0,doc_real,doc,test2017,real,seen,1.0,0,base
/ai_paas_jf/pangqs/AIGC/safepp_pytorch/data/test/doc/real/test2017/0301_0228_0050.jpg,0,doc_real,doc,test2017,real,seen,1.0,0,base
/ai_paas_jf/pangqs/AIGC/safepp_pytorch/data/test/doc/real/test2017/0301_0236_0010.jpg,0,doc_real,doc,test2017,real,seen,1.0,0,base
/ai_paas_jf/pangqs/AIGC/safepp_pytorch/data/test/doc/real/test2017/0301_0236_0041.jpg,0,doc_real,doc,test2017,real,seen,1.0,0,base
/ai_paas_jf/pangqs/AIGC/safepp_pytorch/data/test/doc/real/test2017/0302_0002_0034.jpg,0,doc_real,doc,test2017,real,seen,1.0,0,base
/ai_paas_jf/pangqs/AIGC/safepp_pytorch/data/test/doc/real/test2017/0302_0002_0065.jpg,0,doc_real,doc,test2017,real,seen,1.0,0,base
/ai_paas_jf/pangqs/AIGC/safepp_pytorch/data/test/doc/real/test2017/0302_0002_0069.jpg,0,doc_real,doc,test2017,real,seen,1.0,0,base
/ai_paas_jf/pangqs/AIGC/safepp_pytorch/data/test/doc/real/test2017/0302_0003_0063.jpg,0,doc_real,doc,test2017,real,seen,1.0,0,base
/ai_paas_jf/pangqs/AIGC/safepp_pytorch/data/test/doc/real/test2017/0302_0004_0052.jpg,0,doc_real,doc,test2017,real,seen,1.0,0,base
/ai_paas_jf/pangqs/AIGC/safepp_pytorch/data/test/doc/real/test2017/0302_01_2022_02_0025.jpg,0,doc_real,doc,test2017,real,seen,1.0,0,base
/ai_paas_jf/pangqs/AIGC/safepp_pytorch/data/test/doc/real/test2017/0302_01_2022_04_0079.jpg,0,doc_real,doc,test2017,real,seen,1.0,0,base
/ai_paas_jf/pangqs/AIGC/safepp_pytorch/data/test/doc/real/test2017/0302_02_2021_04_0009.jpg,0,doc_real,doc,test2017,real,seen,1.0,0,base
/ai_paas_jf/pangqs/AIGC/safepp_pytorch/data/test/doc/real/test2017/0302_02_2021_07_0011.jpg,0,doc_real,doc,test2017,real,seen,1.0,0,base
/ai_paas_jf/pangqs/AIGC/safepp_pytorch/data/test/doc/real/test2017/0302_02_2021_07_0018.jpg,0,doc_real,doc,test2017,real,seen,1.0,0,base
/ai_paas_jf/pangqs/AIGC/safepp_pytorch/data/test/doc/real/test2017/0302_03_2020_08_0026.jpg,0,doc_real,doc,test2017,real,seen,1.0,0,base
/ai_paas_jf/pangqs/AIGC/safepp_pytorch/data/test/doc/real/test2017/0302_03_2020_08_0035.jpg,0,doc_real,doc,test2017,real,seen,1.0,0,base
/ai_paas_jf/pangqs/AIGC/safepp_pytorch/data/test/doc/real/test2017/0302_04_2021_04_0173.jpg,0,doc_real,doc,test2017,real,seen,1.0,0,base
/ai_paas_jf/pangqs/AIGC/safepp_pytorch/data/test/doc/real/test2017/0302_04_2021_06_0053.jpg,0,doc_real,doc,test2017,real,seen,1.0,0,base
/ai_paas_jf/pangqs/AIGC/safepp_pytorch/data/test/doc/real/test2017/0401_00268.jpg,0,doc_real,doc,test2017,real,seen,1.0,0,base
/ai_paas_jf/pangqs/AIGC/safepp_pytorch/data/test/doc/real/test2017/0401_00615.jpg,0,doc_real,doc,test2017,real,seen,1.0,0,base
/ai_paas_jf/pangqs/AIGC/safepp_pytorch/data/test/doc/real/test2017/0401_00621.jpg,0,doc_real,doc,test2017,real,seen,1.0,0,base
/ai_paas_jf/pangqs/AIGC/safepp_pytorch/data/test/doc/real/test2017/0401_01275.jpg,0,doc_real,doc,test2017,real,seen,1.0,0,base
/ai_paas_jf/pangqs/AIGC/safepp_pytorch/data/test/doc/real/test2017/0401_01488.jpg,0,doc_real,doc,test2017,real,seen,1.0,0,base
/ai_paas_jf/pangqs/AIGC/safepp_pytorch/data/test/doc/real/test2017/0401_02126.jpg,0,doc_real,doc,test2017,real,seen,1.0,0,base
/ai_paas_jf/pangqs/AIGC/safepp_pytorch/data/test/doc/real/test2017/0401_02426.jpg,0,doc_real,doc,test2017,real,seen,1.0,0,base
/ai_paas_jf/pangqs/AIGC/safepp_pytorch/data/test/doc/real/test2017/0401_02690.jpg,0,doc_real,doc,test2017,real,seen,1.0,0,base
/ai_paas_jf/pangqs/AIGC/safepp_pytorch/data/test/doc/real/test2017/0401_03278.jpg,0,doc_real,doc,test2017,real,seen,1.0,0,base
/ai_paas_jf/pangqs/AIGC/safepp_pytorch/data/test/doc/real/test2017/0401_03613.jpg,0,doc_real,doc,test2017,real,seen,1.0,0,base
/ai_paas_jf/pangqs/AIGC/safepp_pytorch/data/test/doc/real/test2017/0401_03833.jpg,0,doc_real,doc,test2017,real,seen,1.0,0,base
/ai_paas_jf/pangqs/AIGC/safepp_pytorch/data/test/doc/real/test2017/0401_04183.jpg,0,doc_real,doc,test2017,real,seen,1.0,0,base
/ai_paas_jf/pangqs/AIGC/safepp_pytorch/data/test/doc/real/test2017/0401_04457.jpg,0,doc_real,doc,test2017,real,seen,1.0,0,base
/ai_paas_jf/pangqs/AIGC/safepp_pytorch/data/test/doc/real/test2017/0401_04864.jpg,0,doc_real,doc,test2017,real,seen,1.0,0,base
/ai_paas_jf/pangqs/AIGC/safepp_pytorch/data/test/doc/real/test2017/0401_06064.jpg,0,doc_real,doc,test2017,real,seen,1.0,0,base
/ai_paas_jf/pangqs/AIGC/safepp_pytorch/data/test/doc/real/test2017/0401_06318.jpg,0,doc_real,doc,test2017,real,seen,1.0,0,base
/ai_paas_jf/pangqs/AIGC/safepp_pytorch/data/test/doc/real/test2017/0401_06466.jpg,0,doc_real,doc,test2017,real,seen,1.0,0,base
/ai_paas_jf/pangqs/AIGC/safepp_pytorch/data/test/doc/real/test2017/0401_08000.jpg,0,doc_real,doc,test2017,real,seen,1.0,0,base
/ai_paas_jf/pangqs/AIGC/safepp_pytorch/data/test/doc/real/test2017/0401_08151.jpg,0,doc_real,doc,test2017,real,seen,1.0,0,base
/ai_paas_jf/pangqs/AIGC/safepp_pytorch/data/test/doc/real/test2017/0401_08266.jpg,0,doc_real,doc,test2017,real,seen,1.0,0,base
/ai_paas_jf/pangqs/AIGC/safepp_pytorch/data/test/doc/real/test2017/0401_08288.jpg,0,doc_real,doc,test2017,real,seen,1.0,0,base
/ai_paas_jf/pangqs/AIGC/safepp_pytorch/data/test/doc/real/test2017/0401_08368.jpg,0,doc_real,doc,test2017,real,seen,1.0,0,base
/ai_paas_jf/pangqs/AIGC/safepp_pytorch/data/test/doc/real/test2017/0401_08541.jpg,0,doc_real,doc,test2017,real,seen,1.0,0,base
/ai_paas_jf/pangqs/AIGC/safepp_pytorch/data/test/doc/real/test2017/0401_09083.jpg,0,doc_real,doc,test2017,real,seen,1.0,0,base
/ai_paas_jf/pangqs/AIGC/safepp_pytorch/data/test/doc/real/test2017/0401_09101.jpg,0,doc_real,doc,test2017,real,seen,1.0,0,base
/ai_paas_jf/pangqs/AIGC/safepp_pytorch/data/test/doc/real/test2017/0401_09149.jpg,0,doc_real,doc,test2017,real,seen,1.0,0,base
/ai_paas_jf/pangqs/AIGC/safepp_pytorch/data/test/doc/real/test2017/0401_09151.jpg,0,doc_real,doc,test2017,real,seen,1.0,0,base
/ai_paas_jf/pangqs/AIGC/safepp_pytorch/data/test/doc/real/test2017/0501_0089_0005.jpg,0,doc_real,doc,test2017,real,seen,1.0,0,base
/ai_paas_jf/pangqs/AIGC/safepp_pytorch/data/test/doc/real/test2017/0501_0090_0000.jpg,0,doc_real,doc,test2017,real,seen,1.0,0,base
/ai_paas_jf/pangqs/AIGC/safepp_pytorch/data/test/doc/real/test2017/0501_0103_0024.jpg,0,doc_real,doc,test2017,real,seen,1.0,0,base
/ai_paas_jf/pangqs/AIGC/safepp_pytorch/data/test/doc/real/test2017/0501_0163_0048.jpg,0,doc_real,doc,test2017,real,seen,1.0,0,base
/ai_paas_jf/pangqs/AIGC/safepp_pytorch/data/test/doc/real/test2017/0501_0226_0011.jpg,0,doc_real,doc,test2017,real,seen,1.0,0,base
/ai_paas_jf/pangqs/AIGC/safepp_pytorch/data/test/doc/real/test2017/0501_0232_0023.jpg,0,doc_real,doc,test2017,real,seen,1.0,0,base
/ai_paas_jf/pangqs/AIGC/safepp_pytorch/data/test/doc/real/test2017/0501_0239_0004.jpg,0,doc_real,doc,test2017,real,seen,1.0,0,base
/ai_paas_jf/pangqs/AIGC/safepp_pytorch/data/test/doc/real/test2017/0601_0000_0055.jpg,0,doc_real,doc,test2017,real,seen,1.0,0,base
/ai_paas_jf/pangqs/AIGC/safepp_pytorch/data/test/doc/real/test2017/0601_0001_0015.jpg,0,doc_real,doc,test2017,real,seen,1.0,0,base
/ai_paas_jf/pangqs/AIGC/safepp_pytorch/data/test/doc/real/test2017/0601_0002_0033.jpg,0,doc_real,doc,test2017,real,seen,1.0,0,base
/ai_paas_jf/pangqs/AIGC/safepp_pytorch/data/test/doc/real/test2017/0601_0002_0038.jpg,0,doc_real,doc,test2017,real,seen,1.0,0,base
/ai_paas_jf/pangqs/AIGC/safepp_pytorch/data/test/doc/real/test2017/0601_0004_0019.jpg,0,doc_real,doc,test2017,real,seen,1.0,0,base
/ai_paas_jf/pangqs/AIGC/safepp_pytorch/data/test/doc/real/test2017/0601_0007_0039.jpg,0,doc_real,doc,test2017,real,seen,1.0,0,base
/ai_paas_jf/pangqs/AIGC/safepp_pytorch/data/test/doc/real/test2017/0601_0008_0044.jpg,0,doc_real,doc,test2017,real,seen,1.0,0,base
/ai_paas_jf/pangqs/AIGC/safepp_pytorch/data/test/doc/real/test2017/2125.jpg,0,doc_real,doc,test2017,real,seen,1.0,0,base
/ai_paas_jf/pangqs/AIGC/safepp_pytorch/data/test/doc/real/test2017/2170.jpg,0,doc_real,doc,test2017,real,seen,1.0,0,base
/ai_paas_jf/pangqs/AIGC/safepp_pytorch/data/test/doc/real/test2017/2217.jpg,0,doc_real,doc,test2017,real,seen,1.0,0,base
/ai_paas_jf/pangqs/AIGC/safepp_pytorch/data/test/doc/real/test2017/2269.jpg,0,doc_real,doc,test2017,real,seen,1.0,0,base
/ai_paas_jf/pangqs/AIGC/safepp_pytorch/data/test/doc/real/test2017/2392.jpg,0,doc_real,doc,test2017,real,seen,1.0,0,base
/ai_paas_jf/pangqs/AIGC/safepp_pytorch/data/test/doc/real/test2017/2466.jpg,0,doc_real,doc,test2017,real,seen,1.0,0,base
/ai_paas_jf/pangqs/AIGC/safepp_pytorch/data/test/doc/fake/magazine_ch_2/magazine_Ch_1014.jpg,1,doc_magazine_ch_2,doc,magazine_ch_2,magazine_ch_2,seen,1.0,0,base
/ai_paas_jf/pangqs/AIGC/safepp_pytorch/data/test/doc/fake/magazine_ch_2/magazine_Ch_1024.jpg,1,doc_magazine_ch_2,doc,magazine_ch_2,magazine_ch_2,seen,1.0,0,base
/ai_paas_jf/pangqs/AIGC/safepp_pytorch/data/test/doc/fake/magazine_ch_2/magazine_Ch_1030.jpg,1,doc_magazine_ch_2,doc,magazine_ch_2,magazine_ch_2,seen,1.0,0,base
/ai_paas_jf/pangqs/AIGC/safepp_pytorch/data/test/doc/fake/magazine_ch_2/magazine_Ch_1061.jpg,1,doc_magazine_ch_2,doc,magazine_ch_2,magazine_ch_2,seen,1.0,0,base
/ai_paas_jf/pangqs/AIGC/safepp_pytorch/data/test/doc/fake/magazine_ch_2/magazine_Ch_1082.jpg,1,doc_magazine_ch_2,doc,magazine_ch_2,magazine_ch_2,seen,1.0,0,base
/ai_paas_jf/pangqs/AIGC/safepp_pytorch/data/test/doc/fake/magazine_ch_2/magazine_Ch_1112.jpg,1,doc_magazine_ch_2,doc,magazine_ch_2,magazine_ch_2,seen,1.0,0,base
/ai_paas_jf/pangqs/AIGC/safepp_pytorch/data/test/doc/fake/magazine_ch_2/magazine_Ch_1143.jpg,1,doc_magazine_ch_2,doc,magazine_ch_2,magazine_ch_2,seen,1.0,0,base
/ai_paas_jf/pangqs/AIGC/safepp_pytorch/data/test/doc/fake/magazine_ch_2/magazine_Ch_1164.jpg,1,doc_magazine_ch_2,doc,magazine_ch_2,magazine_ch_2,seen,1.0,0,base
/ai_paas_jf/pangqs/AIGC/safepp_pytorch/data/test/doc/fake/magazine_ch_2/magazine_Ch_1177.jpg,1,doc_magazine_ch_2,doc,magazine_ch_2,magazine_ch_2,seen,1.0,0,base
/ai_paas_jf/pangqs/AIGC/safepp_pytorch/data/test/doc/fake/magazine_ch_2/magazine_Ch_1189.jpg,1,doc_magazine_ch_2,doc,magazine_ch_2,magazine_ch_2,seen,1.0,0,base
/ai_paas_jf/pangqs/AIGC/safepp_pytorch/data/test/doc/fake/magazine_ch_2/magazine_Ch_1245.jpg,1,doc_magazine_ch_2,doc,magazine_ch_2,magazine_ch_2,seen,1.0,0,base
/ai_paas_jf/pangqs/AIGC/safepp_pytorch/data/test/doc/fake/magazine_ch_2/magazine_Ch_163.jpg,1,doc_magazine_ch_2,doc,magazine_ch_2,magazine_ch_2,seen,1.0,0,base
/ai_paas_jf/pangqs/AIGC/safepp_pytorch/data/test/doc/fake/magazine_ch_2/magazine_Ch_229.jpg,1,doc_magazine_ch_2,doc,magazine_ch_2,magazine_ch_2,seen,1.0,0,base
/ai_paas_jf/pangqs/AIGC/safepp_pytorch/data/test/doc/fake/magazine_ch_2/magazine_Ch_23.jpg,1,doc_magazine_ch_2,doc,magazine_ch_2,magazine_ch_2,seen,1.0,0,base
/ai_paas_jf/pangqs/AIGC/safepp_pytorch/data/test/doc/fake/magazine_ch_2/magazine_Ch_24.jpg,1,doc_magazine_ch_2,doc,magazine_ch_2,magazine_ch_2,seen,1.0,0,base
/ai_paas_jf/pangqs/AIGC/safepp_pytorch/data/test/doc/fake/magazine_ch_2/magazine_Ch_25.jpg,1,doc_magazine_ch_2,doc,magazine_ch_2,magazine_ch_2,seen,1.0,0,base
/ai_paas_jf/pangqs/AIGC/safepp_pytorch/data/test/doc/fake/magazine_ch_2/magazine_Ch_255.jpg,1,doc_magazine_ch_2,doc,magazine_ch_2,magazine_ch_2,seen,1.0,0,base
/ai_paas_jf/pangqs/AIGC/safepp_pytorch/data/test/doc/fake/magazine_ch_2/magazine_Ch_268.jpg,1,doc_magazine_ch_2,doc,magazine_ch_2,magazine_ch_2,seen,1.0,0,base
/ai_paas_jf/pangqs/AIGC/safepp_pytorch/data/test/doc/fake/magazine_ch_2/magazine_Ch_272.jpg,1,doc_magazine_ch_2,doc,magazine_ch_2,magazine_ch_2,seen,1.0,0,base
/ai_paas_jf/pangqs/AIGC/safepp_pytorch/data/test/doc/fake/magazine_ch_2/magazine_Ch_273.jpg,1,doc_magazine_ch_2,doc,magazine_ch_2,magazine_ch_2,seen,1.0,0,base
/ai_paas_jf/pangqs/AIGC/safepp_pytorch/data/test/doc/fake/magazine_ch_2/magazine_Ch_286.jpg,1,doc_magazine_ch_2,doc,magazine_ch_2,magazine_ch_2,seen,1.0,0,base
/ai_paas_jf/pangqs/AIGC/safepp_pytorch/data/test/doc/fake/magazine_ch_2/magazine_Ch_295.jpg,1,doc_magazine_ch_2,doc,magazine_ch_2,magazine_ch_2,seen,1.0,0,base
/ai_paas_jf/pangqs/AIGC/safepp_pytorch/data/test/doc/fake/magazine_ch_2/magazine_Ch_32.jpg,1,doc_magazine_ch_2,doc,magazine_ch_2,magazine_ch_2,seen,1.0,0,base
/ai_paas_jf/pangqs/AIGC/safepp_pytorch/data/test/doc/fake/magazine_ch_2/magazine_Ch_323.jpg,1,doc_magazine_ch_2,doc,magazine_ch_2,magazine_ch_2,seen,1.0,0,base
/ai_paas_jf/pangqs/AIGC/safepp_pytorch/data/test/doc/fake/magazine_ch_2/magazine_Ch_342.jpg,1,doc_magazine_ch_2,doc,magazine_ch_2,magazine_ch_2,seen,1.0,0,base
/ai_paas_jf/pangqs/AIGC/safepp_pytorch/data/test/doc/fake/magazine_ch_2/magazine_Ch_408.jpg,1,doc_magazine_ch_2,doc,magazine_ch_2,magazine_ch_2,seen,1.0,0,base
/ai_paas_jf/pangqs/AIGC/safepp_pytorch/data/test/doc/fake/magazine_ch_2/magazine_Ch_421.jpg,1,doc_magazine_ch_2,doc,magazine_ch_2,magazine_ch_2,seen,1.0,0,base
/ai_paas_jf/pangqs/AIGC/safepp_pytorch/data/test/doc/fake/magazine_ch_2/magazine_Ch_425.jpg,1,doc_magazine_ch_2,doc,magazine_ch_2,magazine_ch_2,seen,1.0,0,base
/ai_paas_jf/pangqs/AIGC/safepp_pytorch/data/test/doc/fake/magazine_ch_2/magazine_Ch_438.jpg,1,doc_magazine_ch_2,doc,magazine_ch_2,magazine_ch_2,seen,1.0,0,base
/ai_paas_jf/pangqs/AIGC/safepp_pytorch/data/test/doc/fake/magazine_ch_2/magazine_Ch_524.jpg,1,doc_magazine_ch_2,doc,magazine_ch_2,magazine_ch_2,seen,1.0,0,base
/ai_paas_jf/pangqs/AIGC/safepp_pytorch/data/test/doc/fake/magazine_ch_2/magazine_Ch_538.jpg,1,doc_magazine_ch_2,doc,magazine_ch_2,magazine_ch_2,seen,1.0,0,base
/ai_paas_jf/pangqs/AIGC/safepp_pytorch/data/test/doc/fake/magazine_ch_2/magazine_Ch_545.jpg,1,doc_magazine_ch_2,doc,magazine_ch_2,magazine_ch_2,seen,1.0,0,base
/ai_paas_jf/pangqs/AIGC/safepp_pytorch/data/test/doc/fake/magazine_ch_2/magazine_Ch_547.jpg,1,doc_magazine_ch_2,doc,magazine_ch_2,magazine_ch_2,seen,1.0,0,base
/ai_paas_jf/pangqs/AIGC/safepp_pytorch/data/test/doc/fake/magazine_ch_2/magazine_Ch_550.jpg,1,doc_magazine_ch_2,doc,magazine_ch_2,magazine_ch_2,seen,1.0,0,base
/ai_paas_jf/pangqs/AIGC/safepp_pytorch/data/test/doc/fake/magazine_ch_2/magazine_Ch_689.jpg,1,doc_magazine_ch_2,doc,magazine_ch_2,magazine_ch_2,seen,1.0,0,base
/ai_paas_jf/pangqs/AIGC/safepp_pytorch/data/test/doc/fake/magazine_ch_2/magazine_Ch_692.jpg,1,doc_magazine_ch_2,doc,magazine_ch_2,magazine_ch_2,seen,1.0,0,base
/ai_paas_jf/pangqs/AIGC/safepp_pytorch/data/test/doc/fake/magazine_ch_2/magazine_Ch_696.jpg,1,doc_magazine_ch_2,doc,magazine_ch_2,magazine_ch_2,seen,1.0,0,base
/ai_paas_jf/pangqs/AIGC/safepp_pytorch/data/test/doc/fake/magazine_ch_2/magazine_Ch_717.jpg,1,doc_magazine_ch_2,doc,magazine_ch_2,magazine_ch_2,seen,1.0,0,base
/ai_paas_jf/pangqs/AIGC/safepp_pytorch/data/test/doc/fake/magazine_ch_2/magazine_Ch_733.jpg,1,doc_magazine_ch_2,doc,magazine_ch_2,magazine_ch_2,seen,1.0,0,base
/ai_paas_jf/pangqs/AIGC/safepp_pytorch/data/test/doc/fake/magazine_ch_2/magazine_Ch_753.jpg,1,doc_magazine_ch_2,doc,magazine_ch_2,magazine_ch_2,seen,1.0,0,base
/ai_paas_jf/pangqs/AIGC/safepp_pytorch/data/test/doc/fake/magazine_ch_2/magazine_Ch_792.jpg,1,doc_magazine_ch_2,doc,magazine_ch_2,magazine_ch_2,seen,1.0,0,base
/ai_paas_jf/pangqs/AIGC/safepp_pytorch/data/test/doc/fake/magazine_ch_2/magazine_Ch_81.jpg,1,doc_magazine_ch_2,doc,magazine_ch_2,magazine_ch_2,seen,1.0,0,base
/ai_paas_jf/pangqs/AIGC/safepp_pytorch/data/test/doc/fake/magazine_ch_2/magazine_Ch_819.jpg,1,doc_magazine_ch_2,doc,magazine_ch_2,magazine_ch_2,seen,1.0,0,base
/ai_paas_jf/pangqs/AIGC/safepp_pytorch/data/test/doc/fake/magazine_ch_2/magazine_Ch_871.jpg,1,doc_magazine_ch_2,doc,magazine_ch_2,magazine_ch_2,seen,1.0,0,base
/ai_paas_jf/pangqs/AIGC/safepp_pytorch/data/test/doc/fake/magazine_ch_2/magazine_Ch_9.jpg,1,doc_magazine_ch_2,doc,magazine_ch_2,magazine_ch_2,seen,1.0,0,base
/ai_paas_jf/pangqs/AIGC/safepp_pytorch/data/test/doc/fake/magazine_ch_2/magazine_Ch_933.jpg,1,doc_magazine_ch_2,doc,magazine_ch_2,magazine_ch_2,seen,1.0,0,base
/ai_paas_jf/pangqs/AIGC/safepp_pytorch/data/test/doc/fake/magazine_ch_2/magazine_Ch_964.jpg,1,doc_magazine_ch_2,doc,magazine_ch_2,magazine_ch_2,seen,1.0,0,base
/ai_paas_jf/pangqs/AIGC/safepp_pytorch/data/test/doc/fake/magazine_ch_2/magazine_Ch_99.jpg,1,doc_magazine_ch_2,doc,magazine_ch_2,magazine_ch_2,seen,1.0,0,base
/ai_paas_jf/pangqs/AIGC/safepp_pytorch/data/test/doc/fake/magazine_ch_3/magazine_Ch_1011.jpg,1,doc_magazine_ch_3,doc,magazine_ch_3,magazine_ch_3,seen,1.0,0,base
/ai_paas_jf/pangqs/AIGC/safepp_pytorch/data/test/doc/fake/magazine_ch_3/magazine_Ch_1036.jpg,1,doc_magazine_ch_3,doc,magazine_ch_3,magazine_ch_3,seen,1.0,0,base
/ai_paas_jf/pangqs/AIGC/safepp_pytorch/data/test/doc/fake/magazine_ch_3/magazine_Ch_106.jpg,1,doc_magazine_ch_3,doc,magazine_ch_3,magazine_ch_3,seen,1.0,0,base
/ai_paas_jf/pangqs/AIGC/safepp_pytorch/data/test/doc/fake/magazine_ch_3/magazine_Ch_1062.jpg,1,doc_magazine_ch_3,doc,magazine_ch_3,magazine_ch_3,seen,1.0,0,base
/ai_paas_jf/pangqs/AIGC/safepp_pytorch/data/test/doc/fake/magazine_ch_3/magazine_Ch_1067.jpg,1,doc_magazine_ch_3,doc,magazine_ch_3,magazine_ch_3,seen,1.0,0,base
/ai_paas_jf/pangqs/AIGC/safepp_pytorch/data/test/doc/fake/magazine_ch_3/magazine_Ch_11.jpg,1,doc_magazine_ch_3,doc,magazine_ch_3,magazine_ch_3,seen,1.0,0,base
/ai_paas_jf/pangqs/AIGC/safepp_pytorch/data/test/doc/fake/magazine_ch_3/magazine_Ch_1109.jpg,1,doc_magazine_ch_3,doc,magazine_ch_3,magazine_ch_3,seen,1.0,0,base
/ai_paas_jf/pangqs/AIGC/safepp_pytorch/data/test/doc/fake/magazine_ch_3/magazine_Ch_1113.jpg,1,doc_magazine_ch_3,doc,magazine_ch_3,magazine_ch_3,seen,1.0,0,base
/ai_paas_jf/pangqs/AIGC/safepp_pytorch/data/test/doc/fake/magazine_ch_3/magazine_Ch_1117.jpg,1,doc_magazine_ch_3,doc,magazine_ch_3,magazine_ch_3,seen,1.0,0,base
/ai_paas_jf/pangqs/AIGC/safepp_pytorch/data/test/doc/fake/magazine_ch_3/magazine_Ch_1161.jpg,1,doc_magazine_ch_3,doc,magazine_ch_3,magazine_ch_3,seen,1.0,0,base
/ai_paas_jf/pangqs/AIGC/safepp_pytorch/data/test/doc/fake/magazine_ch_3/magazine_Ch_1226.jpg,1,doc_magazine_ch_3,doc,magazine_ch_3,magazine_ch_3,seen,1.0,0,base
/ai_paas_jf/pangqs/AIGC/safepp_pytorch/data/test/doc/fake/magazine_ch_3/magazine_Ch_1244.jpg,1,doc_magazine_ch_3,doc,magazine_ch_3,magazine_ch_3,seen,1.0,0,base
/ai_paas_jf/pangqs/AIGC/safepp_pytorch/data/test/doc/fake/magazine_ch_3/magazine_Ch_1246.jpg,1,doc_magazine_ch_3,doc,magazine_ch_3,magazine_ch_3,seen,1.0,0,base
/ai_paas_jf/pangqs/AIGC/safepp_pytorch/data/test/doc/fake/magazine_ch_3/magazine_Ch_167.jpg,1,doc_magazine_ch_3,doc,magazine_ch_3,magazine_ch_3,seen,1.0,0,base
/ai_paas_jf/pangqs/AIGC/safepp_pytorch/data/test/doc/fake/magazine_ch_3/magazine_Ch_199.jpg,1,doc_magazine_ch_3,doc,magazine_ch_3,magazine_ch_3,seen,1.0,0,base
/ai_paas_jf/pangqs/AIGC/safepp_pytorch/data/test/doc/fake/magazine_ch_3/magazine_Ch_23.jpg,1,doc_magazine_ch_3,doc,magazine_ch_3,magazine_ch_3,seen,1.0,0,base
/ai_paas_jf/pangqs/AIGC/safepp_pytorch/data/test/doc/fake/magazine_ch_3/magazine_Ch_256.jpg,1,doc_magazine_ch_3,doc,magazine_ch_3,magazine_ch_3,seen,1.0,0,base
/ai_paas_jf/pangqs/AIGC/safepp_pytorch/data/test/doc/fake/magazine_ch_3/magazine_Ch_273.jpg,1,doc_magazine_ch_3,doc,magazine_ch_3,magazine_ch_3,seen,1.0,0,base
/ai_paas_jf/pangqs/AIGC/safepp_pytorch/data/test/doc/fake/magazine_ch_3/magazine_Ch_294.jpg,1,doc_magazine_ch_3,doc,magazine_ch_3,magazine_ch_3,seen,1.0,0,base
/ai_paas_jf/pangqs/AIGC/safepp_pytorch/data/test/doc/fake/magazine_ch_3/magazine_Ch_336.jpg,1,doc_magazine_ch_3,doc,magazine_ch_3,magazine_ch_3,seen,1.0,0,base
/ai_paas_jf/pangqs/AIGC/safepp_pytorch/data/test/doc/fake/magazine_ch_3/magazine_Ch_344.jpg,1,doc_magazine_ch_3,doc,magazine_ch_3,magazine_ch_3,seen,1.0,0,base
/ai_paas_jf/pangqs/AIGC/safepp_pytorch/data/test/doc/fake/magazine_ch_3/magazine_Ch_352.jpg,1,doc_magazine_ch_3,doc,magazine_ch_3,magazine_ch_3,seen,1.0,0,base
/ai_paas_jf/pangqs/AIGC/safepp_pytorch/data/test/doc/fake/magazine_ch_3/magazine_Ch_359.jpg,1,doc_magazine_ch_3,doc,magazine_ch_3,magazine_ch_3,seen,1.0,0,base
/ai_paas_jf/pangqs/AIGC/safepp_pytorch/data/test/doc/fake/magazine_ch_3/magazine_Ch_382.jpg,1,doc_magazine_ch_3,doc,magazine_ch_3,magazine_ch_3,seen,1.0,0,base
/ai_paas_jf/pangqs/AIGC/safepp_pytorch/data/test/doc/fake/magazine_ch_3/magazine_Ch_411.jpg,1,doc_magazine_ch_3,doc,magazine_ch_3,magazine_ch_3,seen,1.0,0,base
/ai_paas_jf/pangqs/AIGC/safepp_pytorch/data/test/doc/fake/magazine_ch_3/magazine_Ch_419.jpg,1,doc_magazine_ch_3,doc,magazine_ch_3,magazine_ch_3,seen,1.0,0,base
/ai_paas_jf/pangqs/AIGC/safepp_pytorch/data/test/doc/fake/magazine_ch_3/magazine_Ch_423.jpg,1,doc_magazine_ch_3,doc,magazine_ch_3,magazine_ch_3,seen,1.0,0,base
/ai_paas_jf/pangqs/AIGC/safepp_pytorch/data/test/doc/fake/magazine_ch_3/magazine_Ch_436.jpg,1,doc_magazine_ch_3,doc,magazine_ch_3,magazine_ch_3,seen,1.0,0,base
/ai_paas_jf/pangqs/AIGC/safepp_pytorch/data/test/doc/fake/magazine_ch_3/magazine_Ch_457.jpg,1,doc_magazine_ch_3,doc,magazine_ch_3,magazine_ch_3,seen,1.0,0,base
/ai_paas_jf/pangqs/AIGC/safepp_pytorch/data/test/doc/fake/magazine_ch_3/magazine_Ch_484.jpg,1,doc_magazine_ch_3,doc,magazine_ch_3,magazine_ch_3,seen,1.0,0,base
/ai_paas_jf/pangqs/AIGC/safepp_pytorch/data/test/doc/fake/magazine_ch_3/magazine_Ch_488.jpg,1,doc_magazine_ch_3,doc,magazine_ch_3,magazine_ch_3,seen,1.0,0,base
/ai_paas_jf/pangqs/AIGC/safepp_pytorch/data/test/doc/fake/magazine_ch_3/magazine_Ch_511.jpg,1,doc_magazine_ch_3,doc,magazine_ch_3,magazine_ch_3,seen,1.0,0,base
/ai_paas_jf/pangqs/AIGC/safepp_pytorch/data/test/doc/fake/magazine_ch_3/magazine_Ch_526.jpg,1,doc_magazine_ch_3,doc,magazine_ch_3,magazine_ch_3,seen,1.0,0,base
/ai_paas_jf/pangqs/AIGC/safepp_pytorch/data/test/doc/fake/magazine_ch_3/magazine_Ch_534.jpg,1,doc_magazine_ch_3,doc,magazine_ch_3,magazine_ch_3,seen,1.0,0,base
/ai_paas_jf/pangqs/AIGC/safepp_pytorch/data/test/doc/fake/magazine_ch_3/magazine_Ch_553.jpg,1,doc_magazine_ch_3,doc,magazine_ch_3,magazine_ch_3,seen,1.0,0,base
/ai_paas_jf/pangqs/AIGC/safepp_pytorch/data/test/doc/fake/magazine_ch_3/magazine_Ch_559.jpg,1,doc_magazine_ch_3,doc,magazine_ch_3,magazine_ch_3,seen,1.0,0,base
/ai_paas_jf/pangqs/AIGC/safepp_pytorch/data/test/doc/fake/magazine_ch_3/magazine_Ch_563.jpg,1,doc_magazine_ch_3,doc,magazine_ch_3,magazine_ch_3,seen,1.0,0,base
/ai_paas_jf/pangqs/AIGC/safepp_pytorch/data/test/doc/fake/magazine_ch_3/magazine_Ch_605.jpg,1,doc_magazine_ch_3,doc,magazine_ch_3,magazine_ch_3,seen,1.0,0,base
/ai_paas_jf/pangqs/AIGC/safepp_pytorch/data/test/doc/fake/magazine_ch_3/magazine_Ch_608.jpg,1,doc_magazine_ch_3,doc,magazine_ch_3,magazine_ch_3,seen,1.0,0,base
/ai_paas_jf/pangqs/AIGC/safepp_pytorch/data/test/doc/fake/magazine_ch_3/magazine_Ch_612.jpg,1,doc_magazine_ch_3,doc,magazine_ch_3,magazine_ch_3,seen,1.0,0,base
/ai_paas_jf/pangqs/AIGC/safepp_pytorch/data/test/doc/fake/magazine_ch_3/magazine_Ch_623.jpg,1,doc_magazine_ch_3,doc,magazine_ch_3,magazine_ch_3,seen,1.0,0,base
/ai_paas_jf/pangqs/AIGC/safepp_pytorch/data/test/doc/fake/magazine_ch_3/magazine_Ch_643.jpg,1,doc_magazine_ch_3,doc,magazine_ch_3,magazine_ch_3,seen,1.0,0,base
/ai_paas_jf/pangqs/AIGC/safepp_pytorch/data/test/doc/fake/magazine_ch_3/magazine_Ch_651.jpg,1,doc_magazine_ch_3,doc,magazine_ch_3,magazine_ch_3,seen,1.0,0,base
/ai_paas_jf/pangqs/AIGC/safepp_pytorch/data/test/doc/fake/magazine_ch_3/magazine_Ch_655.jpg,1,doc_magazine_ch_3,doc,magazine_ch_3,magazine_ch_3,seen,1.0,0,base
/ai_paas_jf/pangqs/AIGC/safepp_pytorch/data/test/doc/fake/magazine_ch_3/magazine_Ch_708.jpg,1,doc_magazine_ch_3,doc,magazine_ch_3,magazine_ch_3,seen,1.0,0,base
/ai_paas_jf/pangqs/AIGC/safepp_pytorch/data/test/doc/fake/magazine_ch_3/magazine_Ch_766.jpg,1,doc_magazine_ch_3,doc,magazine_ch_3,magazine_ch_3,seen,1.0,0,base
/ai_paas_jf/pangqs/AIGC/safepp_pytorch/data/test/doc/fake/magazine_ch_3/magazine_Ch_770.jpg,1,doc_magazine_ch_3,doc,magazine_ch_3,magazine_ch_3,seen,1.0,0,base
/ai_paas_jf/pangqs/AIGC/safepp_pytorch/data/test/doc/fake/magazine_ch_3/magazine_Ch_771.jpg,1,doc_magazine_ch_3,doc,magazine_ch_3,magazine_ch_3,seen,1.0,0,base
/ai_paas_jf/pangqs/AIGC/safepp_pytorch/data/test/doc/fake/magazine_ch_3/magazine_Ch_772.jpg,1,doc_magazine_ch_3,doc,magazine_ch_3,magazine_ch_3,seen,1.0,0,base
/ai_paas_jf/pangqs/AIGC/safepp_pytorch/data/test/doc/fake/magazine_ch_3/magazine_Ch_830.jpg,1,doc_magazine_ch_3,doc,magazine_ch_3,magazine_ch_3,seen,1.0,0,base
/ai_paas_jf/pangqs/AIGC/safepp_pytorch/data/test/doc/fake/magazine_ch_3/magazine_Ch_833.jpg,1,doc_magazine_ch_3,doc,magazine_ch_3,magazine_ch_3,seen,1.0,0,base
/ai_paas_jf/pangqs/AIGC/safepp_pytorch/data/test/doc/fake/magazine_ch_3/magazine_Ch_847.jpg,1,doc_magazine_ch_3,doc,magazine_ch_3,magazine_ch_3,seen,1.0,0,base
/ai_paas_jf/pangqs/AIGC/safepp_pytorch/data/test/doc/fake/magazine_ch_3/magazine_Ch_880.jpg,1,doc_magazine_ch_3,doc,magazine_ch_3,magazine_ch_3,seen,1.0,0,base
/ai_paas_jf/pangqs/AIGC/safepp_pytorch/data/test/doc/fake/magazine_ch_3/magazine_Ch_881.jpg,1,doc_magazine_ch_3,doc,magazine_ch_3,magazine_ch_3,seen,1.0,0,base
/ai_paas_jf/pangqs/AIGC/safepp_pytorch/data/test/doc/fake/magazine_ch_3/magazine_Ch_888.jpg,1,doc_magazine_ch_3,doc,magazine_ch_3,magazine_ch_3,seen,1.0,0,base
/ai_paas_jf/pangqs/AIGC/safepp_pytorch/data/test/doc/fake/magazine_ch_3/magazine_Ch_90.jpg,1,doc_magazine_ch_3,doc,magazine_ch_3,magazine_ch_3,seen,1.0,0,base
/ai_paas_jf/pangqs/AIGC/safepp_pytorch/data/test/doc/fake/magazine_ch_3/magazine_Ch_913.jpg,1,doc_magazine_ch_3,doc,magazine_ch_3,magazine_ch_3,seen,1.0,0,base
/ai_paas_jf/pangqs/AIGC/safepp_pytorch/data/test/doc/fake/magazine_ch_3/magazine_Ch_915.jpg,1,doc_magazine_ch_3,doc,magazine_ch_3,magazine_ch_3,seen,1.0,0,base
/ai_paas_jf/pangqs/AIGC/safepp_pytorch/data/test/doc/fake/magazine_ch_3/magazine_Ch_917.jpg,1,doc_magazine_ch_3,doc,magazine_ch_3,magazine_ch_3,seen,1.0,0,base
/ai_paas_jf/pangqs/AIGC/safepp_pytorch/data/test/doc/fake/magazine_ch_3/magazine_Ch_937.jpg,1,doc_magazine_ch_3,doc,magazine_ch_3,magazine_ch_3,seen,1.0,0,base
/ai_paas_jf/pangqs/AIGC/safepp_pytorch/data/test/doc/fake/magazine_ch_3/magazine_Ch_967.jpg,1,doc_magazine_ch_3,doc,magazine_ch_3,magazine_ch_3,seen,1.0,0,base
/ai_paas_jf/pangqs/AIGC/safepp_pytorch/data/test/doc/fake/magazine_ch_3/magazine_Ch_976.jpg,1,doc_magazine_ch_3,doc,magazine_ch_3,magazine_ch_3,seen,1.0,0,base
/ai_paas_jf/pangqs/AIGC/safepp_pytorch/data/test/doc/fake/magazine_ch_3/magazine_Ch_996.jpg,1,doc_magazine_ch_3,doc,magazine_ch_3,magazine_ch_3,seen,1.0,0,base
/ai_paas_jf/pangqs/AIGC/safepp_pytorch/data/test/doc/fake/magazine_en_2/magazine_En_1009.jpg,1,doc_magazine_en_2,doc,magazine_en_2,magazine_en_2,seen,1.0,0,base
/ai_paas_jf/pangqs/AIGC/safepp_pytorch/data/test/doc/fake/magazine_en_2/magazine_En_1014.jpg,1,doc_magazine_en_2,doc,magazine_en_2,magazine_en_2,seen,1.0,0,base
/ai_paas_jf/pangqs/AIGC/safepp_pytorch/data/test/doc/fake/magazine_en_2/magazine_En_1018.jpg,1,doc_magazine_en_2,doc,magazine_en_2,magazine_en_2,seen,1.0,0,base
/ai_paas_jf/pangqs/AIGC/safepp_pytorch/data/test/doc/fake/magazine_en_2/magazine_En_1050.jpg,1,doc_magazine_en_2,doc,magazine_en_2,magazine_en_2,seen,1.0,0,base
/ai_paas_jf/pangqs/AIGC/safepp_pytorch/data/test/doc/fake/magazine_en_2/magazine_En_1072.jpg,1,doc_magazine_en_2,doc,magazine_en_2,magazine_en_2,seen,1.0,0,base
/ai_paas_jf/pangqs/AIGC/safepp_pytorch/data/test/doc/fake/magazine_en_2/magazine_En_11.jpg,1,doc_magazine_en_2,doc,magazine_en_2,magazine_en_2,seen,1.0,0,base
/ai_paas_jf/pangqs/AIGC/safepp_pytorch/data/test/doc/fake/magazine_en_2/magazine_En_1127.jpg,1,doc_magazine_en_2,doc,magazine_en_2,magazine_en_2,seen,1.0,0,base
/ai_paas_jf/pangqs/AIGC/safepp_pytorch/data/test/doc/fake/magazine_en_2/magazine_En_1144.jpg,1,doc_magazine_en_2,doc,magazine_en_2,magazine_en_2,seen,1.0,0,base
/ai_paas_jf/pangqs/AIGC/safepp_pytorch/data/test/doc/fake/magazine_en_2/magazine_En_115.jpg,1,doc_magazine_en_2,doc,magazine_en_2,magazine_en_2,seen,1.0,0,base
/ai_paas_jf/pangqs/AIGC/safepp_pytorch/data/test/doc/fake/magazine_en_2/magazine_En_1180.jpg,1,doc_magazine_en_2,doc,magazine_en_2,magazine_en_2,seen,1.0,0,base
/ai_paas_jf/pangqs/AIGC/safepp_pytorch/data/test/doc/fake/magazine_en_2/magazine_En_121.jpg,1,doc_magazine_en_2,doc,magazine_en_2,magazine_en_2,seen,1.0,0,base
/ai_paas_jf/pangqs/AIGC/safepp_pytorch/data/test/doc/fake/magazine_en_2/magazine_En_1241.jpg,1,doc_magazine_en_2,doc,magazine_en_2,magazine_en_2,seen,1.0,0,base
/ai_paas_jf/pangqs/AIGC/safepp_pytorch/data/test/doc/fake/magazine_en_2/magazine_En_151.jpg,1,doc_magazine_en_2,doc,magazine_en_2,magazine_en_2,seen,1.0,0,base
/ai_paas_jf/pangqs/AIGC/safepp_pytorch/data/test/doc/fake/magazine_en_2/magazine_En_16.jpg,1,doc_magazine_en_2,doc,magazine_en_2,magazine_en_2,seen,1.0,0,base
/ai_paas_jf/pangqs/AIGC/safepp_pytorch/data/test/doc/fake/magazine_en_2/magazine_En_234.jpg,1,doc_magazine_en_2,doc,magazine_en_2,magazine_en_2,seen,1.0,0,base
/ai_paas_jf/pangqs/AIGC/safepp_pytorch/data/test/doc/fake/magazine_en_2/magazine_En_249.jpg,1,doc_magazine_en_2,doc,magazine_en_2,magazine_en_2,seen,1.0,0,base
/ai_paas_jf/pangqs/AIGC/safepp_pytorch/data/test/doc/fake/magazine_en_2/magazine_En_276.jpg,1,doc_magazine_en_2,doc,magazine_en_2,magazine_en_2,seen,1.0,0,base
/ai_paas_jf/pangqs/AIGC/safepp_pytorch/data/test/doc/fake/magazine_en_2/magazine_En_284.jpg,1,doc_magazine_en_2,doc,magazine_en_2,magazine_en_2,seen,1.0,0,base
/ai_paas_jf/pangqs/AIGC/safepp_pytorch/data/test/doc/fake/magazine_en_2/magazine_En_293.jpg,1,doc_magazine_en_2,doc,magazine_en_2,magazine_en_2,seen,1.0,0,base
/ai_paas_jf/pangqs/AIGC/safepp_pytorch/data/test/doc/fake/magazine_en_2/magazine_En_300.jpg,1,doc_magazine_en_2,doc,magazine_en_2,magazine_en_2,seen,1.0,0,base
/ai_paas_jf/pangqs/AIGC/safepp_pytorch/data/test/doc/fake/magazine_en_2/magazine_En_333.jpg,1,doc_magazine_en_2,doc,magazine_en_2,magazine_en_2,seen,1.0,0,base
/ai_paas_jf/pangqs/AIGC/safepp_pytorch/data/test/doc/fake/magazine_en_2/magazine_En_347.jpg,1,doc_magazine_en_2,doc,magazine_en_2,magazine_en_2,seen,1.0,0,base
/ai_paas_jf/pangqs/AIGC/safepp_pytorch/data/test/doc/fake/magazine_en_2/magazine_En_363.jpg,1,doc_magazine_en_2,doc,magazine_en_2,magazine_en_2,seen,1.0,0,base
/ai_paas_jf/pangqs/AIGC/safepp_pytorch/data/test/doc/fake/magazine_en_2/magazine_En_372.jpg,1,doc_magazine_en_2,doc,magazine_en_2,magazine_en_2,seen,1.0,0,base
/ai_paas_jf/pangqs/AIGC/safepp_pytorch/data/test/doc/fake/magazine_en_2/magazine_En_385.jpg,1,doc_magazine_en_2,doc,magazine_en_2,magazine_en_2,seen,1.0,0,base
/ai_paas_jf/pangqs/AIGC/safepp_pytorch/data/test/doc/fake/magazine_en_2/magazine_En_391.jpg,1,doc_magazine_en_2,doc,magazine_en_2,magazine_en_2,seen,1.0,0,base
/ai_paas_jf/pangqs/AIGC/safepp_pytorch/data/test/doc/fake/magazine_en_2/magazine_En_413.jpg,1,doc_magazine_en_2,doc,magazine_en_2,magazine_en_2,seen,1.0,0,base
/ai_paas_jf/pangqs/AIGC/safepp_pytorch/data/test/doc/fake/magazine_en_2/magazine_En_439.jpg,1,doc_magazine_en_2,doc,magazine_en_2,magazine_en_2,seen,1.0,0,base
/ai_paas_jf/pangqs/AIGC/safepp_pytorch/data/test/doc/fake/magazine_en_2/magazine_En_464.jpg,1,doc_magazine_en_2,doc,magazine_en_2,magazine_en_2,seen,1.0,0,base
/ai_paas_jf/pangqs/AIGC/safepp_pytorch/data/test/doc/fake/magazine_en_2/magazine_En_480.jpg,1,doc_magazine_en_2,doc,magazine_en_2,magazine_en_2,seen,1.0,0,base
/ai_paas_jf/pangqs/AIGC/safepp_pytorch/data/test/doc/fake/magazine_en_2/magazine_En_485.jpg,1,doc_magazine_en_2,doc,magazine_en_2,magazine_en_2,seen,1.0,0,base
/ai_paas_jf/pangqs/AIGC/safepp_pytorch/data/test/doc/fake/magazine_en_2/magazine_En_533.jpg,1,doc_magazine_en_2,doc,magazine_en_2,magazine_en_2,seen,1.0,0,base
/ai_paas_jf/pangqs/AIGC/safepp_pytorch/data/test/doc/fake/magazine_en_2/magazine_En_554.jpg,1,doc_magazine_en_2,doc,magazine_en_2,magazine_en_2,seen,1.0,0,base
/ai_paas_jf/pangqs/AIGC/safepp_pytorch/data/test/doc/fake/magazine_en_2/magazine_En_578.jpg,1,doc_magazine_en_2,doc,magazine_en_2,magazine_en_2,seen,1.0,0,base
/ai_paas_jf/pangqs/AIGC/safepp_pytorch/data/test/doc/fake/magazine_en_2/magazine_En_579.jpg,1,doc_magazine_en_2,doc,magazine_en_2,magazine_en_2,seen,1.0,0,base
/ai_paas_jf/pangqs/AIGC/safepp_pytorch/data/test/doc/fake/magazine_en_2/magazine_En_587.jpg,1,doc_magazine_en_2,doc,magazine_en_2,magazine_en_2,seen,1.0,0,base
/ai_paas_jf/pangqs/AIGC/safepp_pytorch/data/test/doc/fake/magazine_en_2/magazine_En_607.jpg,1,doc_magazine_en_2,doc,magazine_en_2,magazine_en_2,seen,1.0,0,base
/ai_paas_jf/pangqs/AIGC/safepp_pytorch/data/test/doc/fake/magazine_en_2/magazine_En_609.jpg,1,doc_magazine_en_2,doc,magazine_en_2,magazine_en_2,seen,1.0,0,base
/ai_paas_jf/pangqs/AIGC/safepp_pytorch/data/test/doc/fake/magazine_en_2/magazine_En_638.jpg,1,doc_magazine_en_2,doc,magazine_en_2,magazine_en_2,seen,1.0,0,base
/ai_paas_jf/pangqs/AIGC/safepp_pytorch/data/test/doc/fake/magazine_en_2/magazine_En_647.jpg,1,doc_magazine_en_2,doc,magazine_en_2,magazine_en_2,seen,1.0,0,base
/ai_paas_jf/pangqs/AIGC/safepp_pytorch/data/test/doc/fake/magazine_en_2/magazine_En_653.jpg,1,doc_magazine_en_2,doc,magazine_en_2,magazine_en_2,seen,1.0,0,base
/ai_paas_jf/pangqs/AIGC/safepp_pytorch/data/test/doc/fake/magazine_en_2/magazine_En_683.jpg,1,doc_magazine_en_2,doc,magazine_en_2,magazine_en_2,seen,1.0,0,base
/ai_paas_jf/pangqs/AIGC/safepp_pytorch/data/test/doc/fake/magazine_en_2/magazine_En_704.jpg,1,doc_magazine_en_2,doc,magazine_en_2,magazine_en_2,seen,1.0,0,base
/ai_paas_jf/pangqs/AIGC/safepp_pytorch/data/test/doc/fake/magazine_en_2/magazine_En_736.jpg,1,doc_magazine_en_2,doc,magazine_en_2,magazine_en_2,seen,1.0,0,base
/ai_paas_jf/pangqs/AIGC/safepp_pytorch/data/test/doc/fake/magazine_en_2/magazine_En_756.jpg,1,doc_magazine_en_2,doc,magazine_en_2,magazine_en_2,seen,1.0,0,base
/ai_paas_jf/pangqs/AIGC/safepp_pytorch/data/test/doc/fake/magazine_en_2/magazine_En_757.jpg,1,doc_magazine_en_2,doc,magazine_en_2,magazine_en_2,seen,1.0,0,base
/ai_paas_jf/pangqs/AIGC/safepp_pytorch/data/test/doc/fake/magazine_en_2/magazine_En_763.jpg,1,doc_magazine_en_2,doc,magazine_en_2,magazine_en_2,seen,1.0,0,base
/ai_paas_jf/pangqs/AIGC/safepp_pytorch/data/test/doc/fake/magazine_en_2/magazine_En_862.jpg,1,doc_magazine_en_2,doc,magazine_en_2,magazine_en_2,seen,1.0,0,base
/ai_paas_jf/pangqs/AIGC/safepp_pytorch/data/test/doc/fake/magazine_en_2/magazine_En_906.jpg,1,doc_magazine_en_2,doc,magazine_en_2,magazine_en_2,seen,1.0,0,base
/ai_paas_jf/pangqs/AIGC/safepp_pytorch/data/test/doc/fake/magazine_en_2/magazine_En_925.jpg,1,doc_magazine_en_2,doc,magazine_en_2,magazine_en_2,seen,1.0,0,base
/ai_paas_jf/pangqs/AIGC/safepp_pytorch/data/test/doc/fake/magazine_en_2/magazine_En_938.jpg,1,doc_magazine_en_2,doc,magazine_en_2,magazine_en_2,seen,1.0,0,base
/ai_paas_jf/pangqs/AIGC/safepp_pytorch/data/test/doc/fake/magazine_en_2/magazine_En_941.jpg,1,doc_magazine_en_2,doc,magazine_en_2,magazine_en_2,seen,1.0,0,base
/ai_paas_jf/pangqs/AIGC/safepp_pytorch/data/test/doc/fake/magazine_en_2/magazine_En_974.jpg,1,doc_magazine_en_2,doc,magazine_en_2,magazine_en_2,seen,1.0,0,base
/ai_paas_jf/pangqs/AIGC/safepp_pytorch/data/test/doc/fake/magazine_en_3/magazine_En_1.jpg,1,doc_magazine_en_3,doc,magazine_en_3,magazine_en_3,seen,1.0,0,base
/ai_paas_jf/pangqs/AIGC/safepp_pytorch/data/test/doc/fake/magazine_en_3/magazine_En_1017.jpg,1,doc_magazine_en_3,doc,magazine_en_3,magazine_en_3,seen,1.0,0,base
/ai_paas_jf/pangqs/AIGC/safepp_pytorch/data/test/doc/fake/magazine_en_3/magazine_En_1071.jpg,1,doc_magazine_en_3,doc,magazine_en_3,magazine_en_3,seen,1.0,0,base
/ai_paas_jf/pangqs/AIGC/safepp_pytorch/data/test/doc/fake/magazine_en_3/magazine_En_1080.jpg,1,doc_magazine_en_3,doc,magazine_en_3,magazine_en_3,seen,1.0,0,base
/ai_paas_jf/pangqs/AIGC/safepp_pytorch/data/test/doc/fake/magazine_en_3/magazine_En_1116.jpg,1,doc_magazine_en_3,doc,magazine_en_3,magazine_en_3,seen,1.0,0,base
/ai_paas_jf/pangqs/AIGC/safepp_pytorch/data/test/doc/fake/magazine_en_3/magazine_En_1127.jpg,1,doc_magazine_en_3,doc,magazine_en_3,magazine_en_3,seen,1.0,0,base
/ai_paas_jf/pangqs/AIGC/safepp_pytorch/data/test/doc/fake/magazine_en_3/magazine_En_1191.jpg,1,doc_magazine_en_3,doc,magazine_en_3,magazine_en_3,seen,1.0,0,base
/ai_paas_jf/pangqs/AIGC/safepp_pytorch/data/test/doc/fake/magazine_en_3/magazine_En_1194.jpg,1,doc_magazine_en_3,doc,magazine_en_3,magazine_en_3,seen,1.0,0,base
/ai_paas_jf/pangqs/AIGC/safepp_pytorch/data/test/doc/fake/magazine_en_3/magazine_En_1249.jpg,1,doc_magazine_en_3,doc,magazine_en_3,magazine_en_3,seen,1.0,0,base
/ai_paas_jf/pangqs/AIGC/safepp_pytorch/data/test/doc/fake/magazine_en_3/magazine_En_204.jpg,1,doc_magazine_en_3,doc,magazine_en_3,magazine_en_3,seen,1.0,0,base
/ai_paas_jf/pangqs/AIGC/safepp_pytorch/data/test/doc/fake/magazine_en_3/magazine_En_211.jpg,1,doc_magazine_en_3,doc,magazine_en_3,magazine_en_3,seen,1.0,0,base
/ai_paas_jf/pangqs/AIGC/safepp_pytorch/data/test/doc/fake/magazine_en_3/magazine_En_236.jpg,1,doc_magazine_en_3,doc,magazine_en_3,magazine_en_3,seen,1.0,0,base
/ai_paas_jf/pangqs/AIGC/safepp_pytorch/data/test/doc/fake/magazine_en_3/magazine_En_240.jpg,1,doc_magazine_en_3,doc,magazine_en_3,magazine_en_3,seen,1.0,0,base
/ai_paas_jf/pangqs/AIGC/safepp_pytorch/data/test/doc/fake/magazine_en_3/magazine_En_253.jpg,1,doc_magazine_en_3,doc,magazine_en_3,magazine_en_3,seen,1.0,0,base
/ai_paas_jf/pangqs/AIGC/safepp_pytorch/data/test/doc/fake/magazine_en_3/magazine_En_255.jpg,1,doc_magazine_en_3,doc,magazine_en_3,magazine_en_3,seen,1.0,0,base
/ai_paas_jf/pangqs/AIGC/safepp_pytorch/data/test/doc/fake/magazine_en_3/magazine_En_27.jpg,1,doc_magazine_en_3,doc,magazine_en_3,magazine_en_3,seen,1.0,0,base
/ai_paas_jf/pangqs/AIGC/safepp_pytorch/data/test/doc/fake/magazine_en_3/magazine_En_301.jpg,1,doc_magazine_en_3,doc,magazine_en_3,magazine_en_3,seen,1.0,0,base
/ai_paas_jf/pangqs/AIGC/safepp_pytorch/data/test/doc/fake/magazine_en_3/magazine_En_303.jpg,1,doc_magazine_en_3,doc,magazine_en_3,magazine_en_3,seen,1.0,0,base
/ai_paas_jf/pangqs/AIGC/safepp_pytorch/data/test/doc/fake/magazine_en_3/magazine_En_306.jpg,1,doc_magazine_en_3,doc,magazine_en_3,magazine_en_3,seen,1.0,0,base
/ai_paas_jf/pangqs/AIGC/safepp_pytorch/data/test/doc/fake/magazine_en_3/magazine_En_312.jpg,1,doc_magazine_en_3,doc,magazine_en_3,magazine_en_3,seen,1.0,0,base
/ai_paas_jf/pangqs/AIGC/safepp_pytorch/data/test/doc/fake/magazine_en_3/magazine_En_317.jpg,1,doc_magazine_en_3,doc,magazine_en_3,magazine_en_3,seen,1.0,0,base
/ai_paas_jf/pangqs/AIGC/safepp_pytorch/data/test/doc/fake/magazine_en_3/magazine_En_350.jpg,1,doc_magazine_en_3,doc,magazine_en_3,magazine_en_3,seen,1.0,0,base
/ai_paas_jf/pangqs/AIGC/safepp_pytorch/data/test/doc/fake/magazine_en_3/magazine_En_366.jpg,1,doc_magazine_en_3,doc,magazine_en_3,magazine_en_3,seen,1.0,0,base
/ai_paas_jf/pangqs/AIGC/safepp_pytorch/data/test/doc/fake/magazine_en_3/magazine_En_368.jpg,1,doc_magazine_en_3,doc,magazine_en_3,magazine_en_3,seen,1.0,0,base
/ai_paas_jf/pangqs/AIGC/safepp_pytorch/data/test/doc/fake/magazine_en_3/magazine_En_38.jpg,1,doc_magazine_en_3,doc,magazine_en_3,magazine_en_3,seen,1.0,0,base
/ai_paas_jf/pangqs/AIGC/safepp_pytorch/data/test/doc/fake/magazine_en_3/magazine_En_410.jpg,1,doc_magazine_en_3,doc,magazine_en_3,magazine_en_3,seen,1.0,0,base
/ai_paas_jf/pangqs/AIGC/safepp_pytorch/data/test/doc/fake/magazine_en_3/magazine_En_42.jpg,1,doc_magazine_en_3,doc,magazine_en_3,magazine_en_3,seen,1.0,0,base
/ai_paas_jf/pangqs/AIGC/safepp_pytorch/data/test/doc/fake/magazine_en_3/magazine_En_453.jpg,1,doc_magazine_en_3,doc,magazine_en_3,magazine_en_3,seen,1.0,0,base
/ai_paas_jf/pangqs/AIGC/safepp_pytorch/data/test/doc/fake/magazine_en_3/magazine_En_456.jpg,1,doc_magazine_en_3,doc,magazine_en_3,magazine_en_3,seen,1.0,0,base
/ai_paas_jf/pangqs/AIGC/safepp_pytorch/data/test/doc/fake/magazine_en_3/magazine_En_468.jpg,1,doc_magazine_en_3,doc,magazine_en_3,magazine_en_3,seen,1.0,0,base
/ai_paas_jf/pangqs/AIGC/safepp_pytorch/data/test/doc/fake/magazine_en_3/magazine_En_48.jpg,1,doc_magazine_en_3,doc,magazine_en_3,magazine_en_3,seen,1.0,0,base
/ai_paas_jf/pangqs/AIGC/safepp_pytorch/data/test/doc/fake/magazine_en_3/magazine_En_51.jpg,1,doc_magazine_en_3,doc,magazine_en_3,magazine_en_3,seen,1.0,0,base
/ai_paas_jf/pangqs/AIGC/safepp_pytorch/data/test/doc/fake/magazine_en_3/magazine_En_511.jpg,1,doc_magazine_en_3,doc,magazine_en_3,magazine_en_3,seen,1.0,0,base
/ai_paas_jf/pangqs/AIGC/safepp_pytorch/data/test/doc/fake/magazine_en_3/magazine_En_513.jpg,1,doc_magazine_en_3,doc,magazine_en_3,magazine_en_3,seen,1.0,0,base
/ai_paas_jf/pangqs/AIGC/safepp_pytorch/data/test/doc/fake/magazine_en_3/magazine_En_519.jpg,1,doc_magazine_en_3,doc,magazine_en_3,magazine_en_3,seen,1.0,0,base
/ai_paas_jf/pangqs/AIGC/safepp_pytorch/data/test/doc/fake/magazine_en_3/magazine_En_52.jpg,1,doc_magazine_en_3,doc,magazine_en_3,magazine_en_3,seen,1.0,0,base
/ai_paas_jf/pangqs/AIGC/safepp_pytorch/data/test/doc/fake/magazine_en_3/magazine_En_54.jpg,1,doc_magazine_en_3,doc,magazine_en_3,magazine_en_3,seen,1.0,0,base
/ai_paas_jf/pangqs/AIGC/safepp_pytorch/data/test/doc/fake/magazine_en_3/magazine_En_550.jpg,1,doc_magazine_en_3,doc,magazine_en_3,magazine_en_3,seen,1.0,0,base
/ai_paas_jf/pangqs/AIGC/safepp_pytorch/data/test/doc/fake/magazine_en_3/magazine_En_553.jpg,1,doc_magazine_en_3,doc,magazine_en_3,magazine_en_3,seen,1.0,0,base
/ai_paas_jf/pangqs/AIGC/safepp_pytorch/data/test/doc/fake/magazine_en_3/magazine_En_597.jpg,1,doc_magazine_en_3,doc,magazine_en_3,magazine_en_3,seen,1.0,0,base
/ai_paas_jf/pangqs/AIGC/safepp_pytorch/data/test/doc/fake/magazine_en_3/magazine_En_623.jpg,1,doc_magazine_en_3,doc,magazine_en_3,magazine_en_3,seen,1.0,0,base
/ai_paas_jf/pangqs/AIGC/safepp_pytorch/data/test/doc/fake/magazine_en_3/magazine_En_642.jpg,1,doc_magazine_en_3,doc,magazine_en_3,magazine_en_3,seen,1.0,0,base
/ai_paas_jf/pangqs/AIGC/safepp_pytorch/data/test/doc/fake/magazine_en_3/magazine_En_65.jpg,1,doc_magazine_en_3,doc,magazine_en_3,magazine_en_3,seen,1.0,0,base
/ai_paas_jf/pangqs/AIGC/safepp_pytorch/data/test/doc/fake/magazine_en_3/magazine_En_656.jpg,1,doc_magazine_en_3,doc,magazine_en_3,magazine_en_3,seen,1.0,0,base
/ai_paas_jf/pangqs/AIGC/safepp_pytorch/data/test/doc/fake/magazine_en_3/magazine_En_660.jpg,1,doc_magazine_en_3,doc,magazine_en_3,magazine_en_3,seen,1.0,0,base
/ai_paas_jf/pangqs/AIGC/safepp_pytorch/data/test/doc/fake/magazine_en_3/magazine_En_694.jpg,1,doc_magazine_en_3,doc,magazine_en_3,magazine_en_3,seen,1.0,0,base
/ai_paas_jf/pangqs/AIGC/safepp_pytorch/data/test/doc/fake/magazine_en_3/magazine_En_715.jpg,1,doc_magazine_en_3,doc,magazine_en_3,magazine_en_3,seen,1.0,0,base
/ai_paas_jf/pangqs/AIGC/safepp_pytorch/data/test/doc/fake/magazine_en_3/magazine_En_731.jpg,1,doc_magazine_en_3,doc,magazine_en_3,magazine_en_3,seen,1.0,0,base
/ai_paas_jf/pangqs/AIGC/safepp_pytorch/data/test/doc/fake/magazine_en_3/magazine_En_733.jpg,1,doc_magazine_en_3,doc,magazine_en_3,magazine_en_3,seen,1.0,0,base
/ai_paas_jf/pangqs/AIGC/safepp_pytorch/data/test/doc/fake/magazine_en_3/magazine_En_79.jpg,1,doc_magazine_en_3,doc,magazine_en_3,magazine_en_3,seen,1.0,0,base
/ai_paas_jf/pangqs/AIGC/safepp_pytorch/data/test/doc/fake/magazine_en_3/magazine_En_803.jpg,1,doc_magazine_en_3,doc,magazine_en_3,magazine_en_3,seen,1.0,0,base
/ai_paas_jf/pangqs/AIGC/safepp_pytorch/data/test/doc/fake/magazine_en_3/magazine_En_807.jpg,1,doc_magazine_en_3,doc,magazine_en_3,magazine_en_3,seen,1.0,0,base
/ai_paas_jf/pangqs/AIGC/safepp_pytorch/data/test/doc/fake/magazine_en_3/magazine_En_810.jpg,1,doc_magazine_en_3,doc,magazine_en_3,magazine_en_3,seen,1.0,0,base
/ai_paas_jf/pangqs/AIGC/safepp_pytorch/data/test/doc/fake/magazine_en_3/magazine_En_86.jpg,1,doc_magazine_en_3,doc,magazine_en_3,magazine_en_3,seen,1.0,0,base
/ai_paas_jf/pangqs/AIGC/safepp_pytorch/data/test/doc/fake/magazine_en_3/magazine_En_867.jpg,1,doc_magazine_en_3,doc,magazine_en_3,magazine_en_3,seen,1.0,0,base
/ai_paas_jf/pangqs/AIGC/safepp_pytorch/data/test/doc/fake/magazine_en_3/magazine_En_883.jpg,1,doc_magazine_en_3,doc,magazine_en_3,magazine_en_3,seen,1.0,0,base
/ai_paas_jf/pangqs/AIGC/safepp_pytorch/data/test/doc/fake/magazine_en_3/magazine_En_885.jpg,1,doc_magazine_en_3,doc,magazine_en_3,magazine_en_3,seen,1.0,0,base
/ai_paas_jf/pangqs/AIGC/safepp_pytorch/data/test/doc/fake/magazine_en_3/magazine_En_899.jpg,1,doc_magazine_en_3,doc,magazine_en_3,magazine_en_3,seen,1.0,0,base
/ai_paas_jf/pangqs/AIGC/safepp_pytorch/data/test/doc/fake/magazine_en_3/magazine_En_909.jpg,1,doc_magazine_en_3,doc,magazine_en_3,magazine_en_3,seen,1.0,0,base
/ai_paas_jf/pangqs/AIGC/safepp_pytorch/data/test/doc/fake/magazine_en_3/magazine_En_959.jpg,1,doc_magazine_en_3,doc,magazine_en_3,magazine_en_3,seen,1.0,0,base
/ai_paas_jf/pangqs/AIGC/safepp_pytorch/data/test/doc/fake/newspaper_ch/newspaper_Ch_2034_2877_10.jpg,1,doc_newspaper_ch,doc,newspaper_ch,newspaper_ch,seen,1.0,0,base
/ai_paas_jf/pangqs/AIGC/safepp_pytorch/data/test/doc/fake/newspaper_ch/newspaper_Ch_2034_2877_1013.jpg,1,doc_newspaper_ch,doc,newspaper_ch,newspaper_ch,seen,1.0,0,base
/ai_paas_jf/pangqs/AIGC/safepp_pytorch/data/test/doc/fake/newspaper_ch/newspaper_Ch_2034_2877_1032.jpg,1,doc_newspaper_ch,doc,newspaper_ch,newspaper_ch,seen,1.0,0,base
/ai_paas_jf/pangqs/AIGC/safepp_pytorch/data/test/doc/fake/newspaper_ch/newspaper_Ch_2034_2877_1042.jpg,1,doc_newspaper_ch,doc,newspaper_ch,newspaper_ch,seen,1.0,0,base
/ai_paas_jf/pangqs/AIGC/safepp_pytorch/data/test/doc/fake/newspaper_ch/newspaper_Ch_2034_2877_1062.jpg,1,doc_newspaper_ch,doc,newspaper_ch,newspaper_ch,seen,1.0,0,base
/ai_paas_jf/pangqs/AIGC/safepp_pytorch/data/test/doc/fake/newspaper_ch/newspaper_Ch_2034_2877_1065.jpg,1,doc_newspaper_ch,doc,newspaper_ch,newspaper_ch,seen,1.0,0,base
/ai_paas_jf/pangqs/AIGC/safepp_pytorch/data/test/doc/fake/newspaper_ch/newspaper_Ch_2034_2877_1076.jpg,1,doc_newspaper_ch,doc,newspaper_ch,newspaper_ch,seen,1.0,0,base
/ai_paas_jf/pangqs/AIGC/safepp_pytorch/data/test/doc/fake/newspaper_ch/newspaper_Ch_2034_2877_1077.jpg,1,doc_newspaper_ch,doc,newspaper_ch,newspaper_ch,seen,1.0,0,base
/ai_paas_jf/pangqs/AIGC/safepp_pytorch/data/test/doc/fake/newspaper_ch/newspaper_Ch_2034_2877_1088.jpg,1,doc_newspaper_ch,doc,newspaper_ch,newspaper_ch,seen,1.0,0,base
/ai_paas_jf/pangqs/AIGC/safepp_pytorch/data/test/doc/fake/newspaper_ch/newspaper_Ch_2034_2877_1096.jpg,1,doc_newspaper_ch,doc,newspaper_ch,newspaper_ch,seen,1.0,0,base
/ai_paas_jf/pangqs/AIGC/safepp_pytorch/data/test/doc/fake/newspaper_ch/newspaper_Ch_2034_2877_1097.jpg,1,doc_newspaper_ch,doc,newspaper_ch,newspaper_ch,seen,1.0,0,base
/ai_paas_jf/pangqs/AIGC/safepp_pytorch/data/test/doc/fake/newspaper_ch/newspaper_Ch_2034_2877_1135.jpg,1,doc_newspaper_ch,doc,newspaper_ch,newspaper_ch,seen,1.0,0,base
/ai_paas_jf/pangqs/AIGC/safepp_pytorch/data/test/doc/fake/newspaper_ch/newspaper_Ch_2034_2877_114.jpg,1,doc_newspaper_ch,doc,newspaper_ch,newspaper_ch,seen,1.0,0,base
/ai_paas_jf/pangqs/AIGC/safepp_pytorch/data/test/doc/fake/newspaper_ch/newspaper_Ch_2034_2877_1197.jpg,1,doc_newspaper_ch,doc,newspaper_ch,newspaper_ch,seen,1.0,0,base
/ai_paas_jf/pangqs/AIGC/safepp_pytorch/data/test/doc/fake/newspaper_ch/newspaper_Ch_2034_2877_1198.jpg,1,doc_newspaper_ch,doc,newspaper_ch,newspaper_ch,seen,1.0,0,base
/ai_paas_jf/pangqs/AIGC/safepp_pytorch/data/test/doc/fake/newspaper_ch/newspaper_Ch_2034_2877_1225.jpg,1,doc_newspaper_ch,doc,newspaper_ch,newspaper_ch,seen,1.0,0,base
/ai_paas_jf/pangqs/AIGC/safepp_pytorch/data/test/doc/fake/newspaper_ch/newspaper_Ch_2034_2877_1229.jpg,1,doc_newspaper_ch,doc,newspaper_ch,newspaper_ch,seen,1.0,0,base
/ai_paas_jf/pangqs/AIGC/safepp_pytorch/data/test/doc/fake/newspaper_ch/newspaper_Ch_2034_2877_124.jpg,1,doc_newspaper_ch,doc,newspaper_ch,newspaper_ch,seen,1.0,0,base
/ai_paas_jf/pangqs/AIGC/safepp_pytorch/data/test/doc/fake/newspaper_ch/newspaper_Ch_2034_2877_1249.jpg,1,doc_newspaper_ch,doc,newspaper_ch,newspaper_ch,seen,1.0,0,base
/ai_paas_jf/pangqs/AIGC/safepp_pytorch/data/test/doc/fake/newspaper_ch/newspaper_Ch_2034_2877_1250.jpg,1,doc_newspaper_ch,doc,newspaper_ch,newspaper_ch,seen,1.0,0,base
/ai_paas_jf/pangqs/AIGC/safepp_pytorch/data/test/doc/fake/newspaper_ch/newspaper_Ch_2034_2877_149.jpg,1,doc_newspaper_ch,doc,newspaper_ch,newspaper_ch,seen,1.0,0,base
/ai_paas_jf/pangqs/AIGC/safepp_pytorch/data/test/doc/fake/newspaper_ch/newspaper_Ch_2034_2877_15.jpg,1,doc_newspaper_ch,doc,newspaper_ch,newspaper_ch,seen,1.0,0,base
/ai_paas_jf/pangqs/AIGC/safepp_pytorch/data/test/doc/fake/newspaper_ch/newspaper_Ch_2034_2877_168.jpg,1,doc_newspaper_ch,doc,newspaper_ch,newspaper_ch,seen,1.0,0,base
/ai_paas_jf/pangqs/AIGC/safepp_pytorch/data/test/doc/fake/newspaper_ch/newspaper_Ch_2034_2877_17.jpg,1,doc_newspaper_ch,doc,newspaper_ch,newspaper_ch,seen,1.0,0,base
/ai_paas_jf/pangqs/AIGC/safepp_pytorch/data/test/doc/fake/newspaper_ch/newspaper_Ch_2034_2877_183.jpg,1,doc_newspaper_ch,doc,newspaper_ch,newspaper_ch,seen,1.0,0,base
/ai_paas_jf/pangqs/AIGC/safepp_pytorch/data/test/doc/fake/newspaper_ch/newspaper_Ch_2034_2877_199.jpg,1,doc_newspaper_ch,doc,newspaper_ch,newspaper_ch,seen,1.0,0,base
/ai_paas_jf/pangqs/AIGC/safepp_pytorch/data/test/doc/fake/newspaper_ch/newspaper_Ch_2034_2877_213.jpg,1,doc_newspaper_ch,doc,newspaper_ch,newspaper_ch,seen,1.0,0,base
/ai_paas_jf/pangqs/AIGC/safepp_pytorch/data/test/doc/fake/newspaper_ch/newspaper_Ch_2034_2877_220.jpg,1,doc_newspaper_ch,doc,newspaper_ch,newspaper_ch,seen,1.0,0,base
/ai_paas_jf/pangqs/AIGC/safepp_pytorch/data/test/doc/fake/newspaper_ch/newspaper_Ch_2034_2877_237.jpg,1,doc_newspaper_ch,doc,newspaper_ch,newspaper_ch,seen,1.0,0,base
/ai_paas_jf/pangqs/AIGC/safepp_pytorch/data/test/doc/fake/newspaper_ch/newspaper_Ch_2034_2877_250.jpg,1,doc_newspaper_ch,doc,newspaper_ch,newspaper_ch,seen,1.0,0,base
/ai_paas_jf/pangqs/AIGC/safepp_pytorch/data/test/doc/fake/newspaper_ch/newspaper_Ch_2034_2877_283.jpg,1,doc_newspaper_ch,doc,newspaper_ch,newspaper_ch,seen,1.0,0,base
/ai_paas_jf/pangqs/AIGC/safepp_pytorch/data/test/doc/fake/newspaper_ch/newspaper_Ch_2034_2877_291.jpg,1,doc_newspaper_ch,doc,newspaper_ch,newspaper_ch,seen,1.0,0,base
/ai_paas_jf/pangqs/AIGC/safepp_pytorch/data/test/doc/fake/newspaper_ch/newspaper_Ch_2034_2877_300.jpg,1,doc_newspaper_ch,doc,newspaper_ch,newspaper_ch,seen,1.0,0,base
/ai_paas_jf/pangqs/AIGC/safepp_pytorch/data/test/doc/fake/newspaper_ch/newspaper_Ch_2034_2877_323.jpg,1,doc_newspaper_ch,doc,newspaper_ch,newspaper_ch,seen,1.0,0,base
/ai_paas_jf/pangqs/AIGC/safepp_pytorch/data/test/doc/fake/newspaper_ch/newspaper_Ch_2034_2877_348.jpg,1,doc_newspaper_ch,doc,newspaper_ch,newspaper_ch,seen,1.0,0,base
/ai_paas_jf/pangqs/AIGC/safepp_pytorch/data/test/doc/fake/newspaper_ch/newspaper_Ch_2034_2877_358.jpg,1,doc_newspaper_ch,doc,newspaper_ch,newspaper_ch,seen,1.0,0,base
/ai_paas_jf/pangqs/AIGC/safepp_pytorch/data/test/doc/fake/newspaper_ch/newspaper_Ch_2034_2877_370.jpg,1,doc_newspaper_ch,doc,newspaper_ch,newspaper_ch,seen,1.0,0,base
/ai_paas_jf/pangqs/AIGC/safepp_pytorch/data/test/doc/fake/newspaper_ch/newspaper_Ch_2034_2877_379.jpg,1,doc_newspaper_ch,doc,newspaper_ch,newspaper_ch,seen,1.0,0,base
/ai_paas_jf/pangqs/AIGC/safepp_pytorch/data/test/doc/fake/newspaper_ch/newspaper_Ch_2034_2877_420.jpg,1,doc_newspaper_ch,doc,newspaper_ch,newspaper_ch,seen,1.0,0,base
/ai_paas_jf/pangqs/AIGC/safepp_pytorch/data/test/doc/fake/newspaper_ch/newspaper_Ch_2034_2877_535.jpg,1,doc_newspaper_ch,doc,newspaper_ch,newspaper_ch,seen,1.0,0,base
/ai_paas_jf/pangqs/AIGC/safepp_pytorch/data/test/doc/fake/newspaper_ch/newspaper_Ch_2034_2877_552.jpg,1,doc_newspaper_ch,doc,newspaper_ch,newspaper_ch,seen,1.0,0,base
/ai_paas_jf/pangqs/AIGC/safepp_pytorch/data/test/doc/fake/newspaper_ch/newspaper_Ch_2034_2877_565.jpg,1,doc_newspaper_ch,doc,newspaper_ch,newspaper_ch,seen,1.0,0,base
/ai_paas_jf/pangqs/AIGC/safepp_pytorch/data/test/doc/fake/newspaper_ch/newspaper_Ch_2034_2877_59.jpg,1,doc_newspaper_ch,doc,newspaper_ch,newspaper_ch,seen,1.0,0,base
/ai_paas_jf/pangqs/AIGC/safepp_pytorch/data/test/doc/fake/newspaper_ch/newspaper_Ch_2034_2877_628.jpg,1,doc_newspaper_ch,doc,newspaper_ch,newspaper_ch,seen,1.0,0,base
/ai_paas_jf/pangqs/AIGC/safepp_pytorch/data/test/doc/fake/newspaper_ch/newspaper_Ch_2034_2877_701.jpg,1,doc_newspaper_ch,doc,newspaper_ch,newspaper_ch,seen,1.0,0,base
/ai_paas_jf/pangqs/AIGC/safepp_pytorch/data/test/doc/fake/newspaper_ch/newspaper_Ch_2034_2877_712.jpg,1,doc_newspaper_ch,doc,newspaper_ch,newspaper_ch,seen,1.0,0,base
/ai_paas_jf/pangqs/AIGC/safepp_pytorch/data/test/doc/fake/newspaper_ch/newspaper_Ch_2034_2877_718.jpg,1,doc_newspaper_ch,doc,newspaper_ch,newspaper_ch,seen,1.0,0,base
/ai_paas_jf/pangqs/AIGC/safepp_pytorch/data/test/doc/fake/newspaper_ch/newspaper_Ch_2034_2877_722.jpg,1,doc_newspaper_ch,doc,newspaper_ch,newspaper_ch,seen,1.0,0,base
/ai_paas_jf/pangqs/AIGC/safepp_pytorch/data/test/doc/fake/newspaper_ch/newspaper_Ch_2034_2877_724.jpg,1,doc_newspaper_ch,doc,newspaper_ch,newspaper_ch,seen,1.0,0,base
/ai_paas_jf/pangqs/AIGC/safepp_pytorch/data/test/doc/fake/newspaper_ch/newspaper_Ch_2034_2877_73.jpg,1,doc_newspaper_ch,doc,newspaper_ch,newspaper_ch,seen,1.0,0,base
/ai_paas_jf/pangqs/AIGC/safepp_pytorch/data/test/doc/fake/newspaper_ch/newspaper_Ch_2034_2877_74.jpg,1,doc_newspaper_ch,doc,newspaper_ch,newspaper_ch,seen,1.0,0,base
/ai_paas_jf/pangqs/AIGC/safepp_pytorch/data/test/doc/fake/newspaper_ch/newspaper_Ch_2034_2877_777.jpg,1,doc_newspaper_ch,doc,newspaper_ch,newspaper_ch,seen,1.0,0,base
/ai_paas_jf/pangqs/AIGC/safepp_pytorch/data/test/doc/fake/newspaper_ch/newspaper_Ch_2034_2877_795.jpg,1,doc_newspaper_ch,doc,newspaper_ch,newspaper_ch,seen,1.0,0,base
/ai_paas_jf/pangqs/AIGC/safepp_pytorch/data/test/doc/fake/newspaper_ch/newspaper_Ch_2034_2877_815.jpg,1,doc_newspaper_ch,doc,newspaper_ch,newspaper_ch,seen,1.0,0,base
/ai_paas_jf/pangqs/AIGC/safepp_pytorch/data/test/doc/fake/newspaper_ch/newspaper_Ch_2034_2877_818.jpg,1,doc_newspaper_ch,doc,newspaper_ch,newspaper_ch,seen,1.0,0,base
/ai_paas_jf/pangqs/AIGC/safepp_pytorch/data/test/doc/fake/newspaper_ch/newspaper_Ch_2034_2877_841.jpg,1,doc_newspaper_ch,doc,newspaper_ch,newspaper_ch,seen,1.0,0,base
/ai_paas_jf/pangqs/AIGC/safepp_pytorch/data/test/doc/fake/newspaper_ch/newspaper_Ch_2034_2877_843.jpg,1,doc_newspaper_ch,doc,newspaper_ch,newspaper_ch,seen,1.0,0,base
/ai_paas_jf/pangqs/AIGC/safepp_pytorch/data/test/doc/fake/newspaper_ch/newspaper_Ch_2034_2877_857.jpg,1,doc_newspaper_ch,doc,newspaper_ch,newspaper_ch,seen,1.0,0,base
/ai_paas_jf/pangqs/AIGC/safepp_pytorch/data/test/doc/fake/newspaper_ch/newspaper_Ch_2034_2877_892.jpg,1,doc_newspaper_ch,doc,newspaper_ch,newspaper_ch,seen,1.0,0,base
/ai_paas_jf/pangqs/AIGC/safepp_pytorch/data/test/doc/fake/newspaper_ch/newspaper_Ch_2034_2877_945.jpg,1,doc_newspaper_ch,doc,newspaper_ch,newspaper_ch,seen,1.0,0,base
/ai_paas_jf/pangqs/AIGC/safepp_pytorch/data/test/doc/fake/newspaper_ch/newspaper_Ch_2034_2877_959.jpg,1,doc_newspaper_ch,doc,newspaper_ch,newspaper_ch,seen,1.0,0,base
/ai_paas_jf/pangqs/AIGC/safepp_pytorch/data/test/doc/fake/newspaper_ch/newspaper_Ch_2034_2877_973.jpg,1,doc_newspaper_ch,doc,newspaper_ch,newspaper_ch,seen,1.0,0,base
/ai_paas_jf/pangqs/AIGC/safepp_pytorch/data/test/doc/fake/newspaper_ch/newspaper_Ch_2034_2877_978.jpg,1,doc_newspaper_ch,doc,newspaper_ch,newspaper_ch,seen,1.0,0,base
/ai_paas_jf/pangqs/AIGC/safepp_pytorch/data/test/doc/fake/newspaper_en/newspaper_En_2034_2877_1010.jpg,1,doc_newspaper_en,doc,newspaper_en,newspaper_en,seen,1.0,0,base
/ai_paas_jf/pangqs/AIGC/safepp_pytorch/data/test/doc/fake/newspaper_en/newspaper_En_2034_2877_1018.jpg,1,doc_newspaper_en,doc,newspaper_en,newspaper_en,seen,1.0,0,base
/ai_paas_jf/pangqs/AIGC/safepp_pytorch/data/test/doc/fake/newspaper_en/newspaper_En_2034_2877_1037.jpg,1,doc_newspaper_en,doc,newspaper_en,newspaper_en,seen,1.0,0,base
/ai_paas_jf/pangqs/AIGC/safepp_pytorch/data/test/doc/fake/newspaper_en/newspaper_En_2034_2877_1045.jpg,1,doc_newspaper_en,doc,newspaper_en,newspaper_en,seen,1.0,0,base
/ai_paas_jf/pangqs/AIGC/safepp_pytorch/data/test/doc/fake/newspaper_en/newspaper_En_2034_2877_1088.jpg,1,doc_newspaper_en,doc,newspaper_en,newspaper_en,seen,1.0,0,base
/ai_paas_jf/pangqs/AIGC/safepp_pytorch/data/test/doc/fake/newspaper_en/newspaper_En_2034_2877_1108.jpg,1,doc_newspaper_en,doc,newspaper_en,newspaper_en,seen,1.0,0,base
/ai_paas_jf/pangqs/AIGC/safepp_pytorch/data/test/doc/fake/newspaper_en/newspaper_En_2034_2877_111.jpg,1,doc_newspaper_en,doc,newspaper_en,newspaper_en,seen,1.0,0,base
/ai_paas_jf/pangqs/AIGC/safepp_pytorch/data/test/doc/fake/newspaper_en/newspaper_En_2034_2877_1172.jpg,1,doc_newspaper_en,doc,newspaper_en,newspaper_en,seen,1.0,0,base
/ai_paas_jf/pangqs/AIGC/safepp_pytorch/data/test/doc/fake/newspaper_en/newspaper_En_2034_2877_1236.jpg,1,doc_newspaper_en,doc,newspaper_en,newspaper_en,seen,1.0,0,base
/ai_paas_jf/pangqs/AIGC/safepp_pytorch/data/test/doc/fake/newspaper_en/newspaper_En_2034_2877_1244.jpg,1,doc_newspaper_en,doc,newspaper_en,newspaper_en,seen,1.0,0,base
/ai_paas_jf/pangqs/AIGC/safepp_pytorch/data/test/doc/fake/newspaper_en/newspaper_En_2034_2877_129.jpg,1,doc_newspaper_en,doc,newspaper_en,newspaper_en,seen,1.0,0,base
/ai_paas_jf/pangqs/AIGC/safepp_pytorch/data/test/doc/fake/newspaper_en/newspaper_En_2034_2877_136.jpg,1,doc_newspaper_en,doc,newspaper_en,newspaper_en,seen,1.0,0,base
/ai_paas_jf/pangqs/AIGC/safepp_pytorch/data/test/doc/fake/newspaper_en/newspaper_En_2034_2877_174.jpg,1,doc_newspaper_en,doc,newspaper_en,newspaper_en,seen,1.0,0,base
/ai_paas_jf/pangqs/AIGC/safepp_pytorch/data/test/doc/fake/newspaper_en/newspaper_En_2034_2877_196.jpg,1,doc_newspaper_en,doc,newspaper_en,newspaper_en,seen,1.0,0,base
/ai_paas_jf/pangqs/AIGC/safepp_pytorch/data/test/doc/fake/newspaper_en/newspaper_En_2034_2877_198.jpg,1,doc_newspaper_en,doc,newspaper_en,newspaper_en,seen,1.0,0,base
/ai_paas_jf/pangqs/AIGC/safepp_pytorch/data/test/doc/fake/newspaper_en/newspaper_En_2034_2877_231.jpg,1,doc_newspaper_en,doc,newspaper_en,newspaper_en,seen,1.0,0,base
/ai_paas_jf/pangqs/AIGC/safepp_pytorch/data/test/doc/fake/newspaper_en/newspaper_En_2034_2877_232.jpg,1,doc_newspaper_en,doc,newspaper_en,newspaper_en,seen,1.0,0,base
/ai_paas_jf/pangqs/AIGC/safepp_pytorch/data/test/doc/fake/newspaper_en/newspaper_En_2034_2877_256.jpg,1,doc_newspaper_en,doc,newspaper_en,newspaper_en,seen,1.0,0,base
/ai_paas_jf/pangqs/AIGC/safepp_pytorch/data/test/doc/fake/newspaper_en/newspaper_En_2034_2877_266.jpg,1,doc_newspaper_en,doc,newspaper_en,newspaper_en,seen,1.0,0,base
/ai_paas_jf/pangqs/AIGC/safepp_pytorch/data/test/doc/fake/newspaper_en/newspaper_En_2034_2877_295.jpg,1,doc_newspaper_en,doc,newspaper_en,newspaper_en,seen,1.0,0,base
/ai_paas_jf/pangqs/AIGC/safepp_pytorch/data/test/doc/fake/newspaper_en/newspaper_En_2034_2877_320.jpg,1,doc_newspaper_en,doc,newspaper_en,newspaper_en,seen,1.0,0,base
/ai_paas_jf/pangqs/AIGC/safepp_pytorch/data/test/doc/fake/newspaper_en/newspaper_En_2034_2877_327.jpg,1,doc_newspaper_en,doc,newspaper_en,newspaper_en,seen,1.0,0,base
/ai_paas_jf/pangqs/AIGC/safepp_pytorch/data/test/doc/fake/newspaper_en/newspaper_En_2034_2877_344.jpg,1,doc_newspaper_en,doc,newspaper_en,newspaper_en,seen,1.0,0,base
/ai_paas_jf/pangqs/AIGC/safepp_pytorch/data/test/doc/fake/newspaper_en/newspaper_En_2034_2877_351.jpg,1,doc_newspaper_en,doc,newspaper_en,newspaper_en,seen,1.0,0,base
/ai_paas_jf/pangqs/AIGC/safepp_pytorch/data/test/doc/fake/newspaper_en/newspaper_En_2034_2877_360.jpg,1,doc_newspaper_en,doc,newspaper_en,newspaper_en,seen,1.0,0,base
/ai_paas_jf/pangqs/AIGC/safepp_pytorch/data/test/doc/fake/newspaper_en/newspaper_En_2034_2877_377.jpg,1,doc_newspaper_en,doc,newspaper_en,newspaper_en,seen,1.0,0,base
/ai_paas_jf/pangqs/AIGC/safepp_pytorch/data/test/doc/fake/newspaper_en/newspaper_En_2034_2877_41.jpg,1,doc_newspaper_en,doc,newspaper_en,newspaper_en,seen,1.0,0,base
/ai_paas_jf/pangqs/AIGC/safepp_pytorch/data/test/doc/fake/newspaper_en/newspaper_En_2034_2877_46.jpg,1,doc_newspaper_en,doc,newspaper_en,newspaper_en,seen,1.0,0,base
/ai_paas_jf/pangqs/AIGC/safepp_pytorch/data/test/doc/fake/newspaper_en/newspaper_En_2034_2877_463.jpg,1,doc_newspaper_en,doc,newspaper_en,newspaper_en,seen,1.0,0,base
/ai_paas_jf/pangqs/AIGC/safepp_pytorch/data/test/doc/fake/newspaper_en/newspaper_En_2034_2877_466.jpg,1,doc_newspaper_en,doc,newspaper_en,newspaper_en,seen,1.0,0,base
/ai_paas_jf/pangqs/AIGC/safepp_pytorch/data/test/doc/fake/newspaper_en/newspaper_En_2034_2877_469.jpg,1,doc_newspaper_en,doc,newspaper_en,newspaper_en,seen,1.0,0,base
/ai_paas_jf/pangqs/AIGC/safepp_pytorch/data/test/doc/fake/newspaper_en/newspaper_En_2034_2877_49.jpg,1,doc_newspaper_en,doc,newspaper_en,newspaper_en,seen,1.0,0,base
/ai_paas_jf/pangqs/AIGC/safepp_pytorch/data/test/doc/fake/newspaper_en/newspaper_En_2034_2877_493.jpg,1,doc_newspaper_en,doc,newspaper_en,newspaper_en,seen,1.0,0,base
/ai_paas_jf/pangqs/AIGC/safepp_pytorch/data/test/doc/fake/newspaper_en/newspaper_En_2034_2877_510.jpg,1,doc_newspaper_en,doc,newspaper_en,newspaper_en,seen,1.0,0,base
/ai_paas_jf/pangqs/AIGC/safepp_pytorch/data/test/doc/fake/newspaper_en/newspaper_En_2034_2877_514.jpg,1,doc_newspaper_en,doc,newspaper_en,newspaper_en,seen,1.0,0,base
/ai_paas_jf/pangqs/AIGC/safepp_pytorch/data/test/doc/fake/newspaper_en/newspaper_En_2034_2877_52.jpg,1,doc_newspaper_en,doc,newspaper_en,newspaper_en,seen,1.0,0,base
/ai_paas_jf/pangqs/AIGC/safepp_pytorch/data/test/doc/fake/newspaper_en/newspaper_En_2034_2877_53.jpg,1,doc_newspaper_en,doc,newspaper_en,newspaper_en,seen,1.0,0,base
/ai_paas_jf/pangqs/AIGC/safepp_pytorch/data/test/doc/fake/newspaper_en/newspaper_En_2034_2877_55.jpg,1,doc_newspaper_en,doc,newspaper_en,newspaper_en,seen,1.0,0,base
/ai_paas_jf/pangqs/AIGC/safepp_pytorch/data/test/doc/fake/newspaper_en/newspaper_En_2034_2877_552.jpg,1,doc_newspaper_en,doc,newspaper_en,newspaper_en,seen,1.0,0,base
/ai_paas_jf/pangqs/AIGC/safepp_pytorch/data/test/doc/fake/newspaper_en/newspaper_En_2034_2877_576.jpg,1,doc_newspaper_en,doc,newspaper_en,newspaper_en,seen,1.0,0,base
/ai_paas_jf/pangqs/AIGC/safepp_pytorch/data/test/doc/fake/newspaper_en/newspaper_En_2034_2877_596.jpg,1,doc_newspaper_en,doc,newspaper_en,newspaper_en,seen,1.0,0,base
/ai_paas_jf/pangqs/AIGC/safepp_pytorch/data/test/doc/fake/newspaper_en/newspaper_En_2034_2877_604.jpg,1,doc_newspaper_en,doc,newspaper_en,newspaper_en,seen,1.0,0,base
/ai_paas_jf/pangqs/AIGC/safepp_pytorch/data/test/doc/fake/newspaper_en/newspaper_En_2034_2877_624.jpg,1,doc_newspaper_en,doc,newspaper_en,newspaper_en,seen,1.0,0,base
/ai_paas_jf/pangqs/AIGC/safepp_pytorch/data/test/doc/fake/newspaper_en/newspaper_En_2034_2877_668.jpg,1,doc_newspaper_en,doc,newspaper_en,newspaper_en,seen,1.0,0,base
/ai_paas_jf/pangqs/AIGC/safepp_pytorch/data/test/doc/fake/newspaper_en/newspaper_En_2034_2877_688.jpg,1,doc_newspaper_en,doc,newspaper_en,newspaper_en,seen,1.0,0,base
/ai_paas_jf/pangqs/AIGC/safepp_pytorch/data/test/doc/fake/newspaper_en/newspaper_En_2034_2877_703.jpg,1,doc_newspaper_en,doc,newspaper_en,newspaper_en,seen,1.0,0,base
/ai_paas_jf/pangqs/AIGC/safepp_pytorch/data/test/doc/fake/newspaper_en/newspaper_En_2034_2877_777.jpg,1,doc_newspaper_en,doc,newspaper_en,newspaper_en,seen,1.0,0,base
/ai_paas_jf/pangqs/AIGC/safepp_pytorch/data/test/doc/fake/newspaper_en/newspaper_En_2034_2877_815.jpg,1,doc_newspaper_en,doc,newspaper_en,newspaper_en,seen,1.0,0,base
/ai_paas_jf/pangqs/AIGC/safepp_pytorch/data/test/doc/fake/newspaper_en/newspaper_En_2034_2877_824.jpg,1,doc_newspaper_en,doc,newspaper_en,newspaper_en,seen,1.0,0,base
/ai_paas_jf/pangqs/AIGC/safepp_pytorch/data/test/doc/fake/newspaper_en/newspaper_En_2034_2877_827.jpg,1,doc_newspaper_en,doc,newspaper_en,newspaper_en,seen,1.0,0,base
/ai_paas_jf/pangqs/AIGC/safepp_pytorch/data/test/doc/fake/newspaper_en/newspaper_En_2034_2877_836.jpg,1,doc_newspaper_en,doc,newspaper_en,newspaper_en,seen,1.0,0,base
/ai_paas_jf/pangqs/AIGC/safepp_pytorch/data/test/doc/fake/newspaper_en/newspaper_En_2034_2877_854.jpg,1,doc_newspaper_en,doc,newspaper_en,newspaper_en,seen,1.0,0,base
/ai_paas_jf/pangqs/AIGC/safepp_pytorch/data/test/doc/fake/newspaper_en/newspaper_En_2034_2877_883.jpg,1,doc_newspaper_en,doc,newspaper_en,newspaper_en,seen,1.0,0,base
/ai_paas_jf/pangqs/AIGC/safepp_pytorch/data/test/doc/fake/newspaper_en/newspaper_En_2034_2877_917.jpg,1,doc_newspaper_en,doc,newspaper_en,newspaper_en,seen,1.0,0,base
/ai_paas_jf/pangqs/AIGC/safepp_pytorch/data/test/doc/fake/newspaper_en/newspaper_En_2034_2877_92.jpg,1,doc_newspaper_en,doc,newspaper_en,newspaper_en,seen,1.0,0,base
/ai_paas_jf/pangqs/AIGC/safepp_pytorch/data/test/doc/fake/newspaper_en/newspaper_En_2034_2877_93.jpg,1,doc_newspaper_en,doc,newspaper_en,newspaper_en,seen,1.0,0,base
/ai_paas_jf/pangqs/AIGC/safepp_pytorch/data/test/doc/fake/newspaper_en/newspaper_En_2034_2877_974.jpg,1,doc_newspaper_en,doc,newspaper_en,newspaper_en,seen,1.0,0,base
/ai_paas_jf/pangqs/AIGC/safepp_pytorch/data/test/doc/fake/newspaper_en/newspaper_En_2034_2877_993.jpg,1,doc_newspaper_en,doc,newspaper_en,newspaper_en,seen,1.0,0,base
/ai_paas_jf/pangqs/AIGC/safepp_pytorch/data/test/doc/fake/newspaper_en/newspaper_En_2034_2877_994.jpg,1,doc_newspaper_en,doc,newspaper_en,newspaper_en,seen,1.0,0,base
/ai_paas_jf/pangqs/AIGC/safepp_pytorch/data/test/doc/fake/newspaper_en/newspaper_En_2034_2877_995.jpg,1,doc_newspaper_en,doc,newspaper_en,newspaper_en,seen,1.0,0,base
/ai_paas_jf/pangqs/AIGC/safepp_pytorch/data/test/doc/fake/paper_ch/paper_Ch_100.jpg,1,doc_paper_ch,doc,paper_ch,paper_ch,seen,1.0,0,base
/ai_paas_jf/pangqs/AIGC/safepp_pytorch/data/test/doc/fake/paper_ch/paper_Ch_1020.jpg,1,doc_paper_ch,doc,paper_ch,paper_ch,seen,1.0,0,base
/ai_paas_jf/pangqs/AIGC/safepp_pytorch/data/test/doc/fake/paper_ch/paper_Ch_1042.jpg,1,doc_paper_ch,doc,paper_ch,paper_ch,seen,1.0,0,base
/ai_paas_jf/pangqs/AIGC/safepp_pytorch/data/test/doc/fake/paper_ch/paper_Ch_1062.jpg,1,doc_paper_ch,doc,paper_ch,paper_ch,seen,1.0,0,base
/ai_paas_jf/pangqs/AIGC/safepp_pytorch/data/test/doc/fake/paper_ch/paper_Ch_1085.jpg,1,doc_paper_ch,doc,paper_ch,paper_ch,seen,1.0,0,base
/ai_paas_jf/pangqs/AIGC/safepp_pytorch/data/test/doc/fake/paper_ch/paper_Ch_1090.jpg,1,doc_paper_ch,doc,paper_ch,paper_ch,seen,1.0,0,base
/ai_paas_jf/pangqs/AIGC/safepp_pytorch/data/test/doc/fake/paper_ch/paper_Ch_1098.jpg,1,doc_paper_ch,doc,paper_ch,paper_ch,seen,1.0,0,base
/ai_paas_jf/pangqs/AIGC/safepp_pytorch/data/test/doc/fake/paper_ch/paper_Ch_110.jpg,1,doc_paper_ch,doc,paper_ch,paper_ch,seen,1.0,0,base
/ai_paas_jf/pangqs/AIGC/safepp_pytorch/data/test/doc/fake/paper_ch/paper_Ch_1133.jpg,1,doc_paper_ch,doc,paper_ch,paper_ch,seen,1.0,0,base
/ai_paas_jf/pangqs/AIGC/safepp_pytorch/data/test/doc/fake/paper_ch/paper_Ch_1150.jpg,1,doc_paper_ch,doc,paper_ch,paper_ch,seen,1.0,0,base
/ai_paas_jf/pangqs/AIGC/safepp_pytorch/data/test/doc/fake/paper_ch/paper_Ch_1157.jpg,1,doc_paper_ch,doc,paper_ch,paper_ch,seen,1.0,0,base
/ai_paas_jf/pangqs/AIGC/safepp_pytorch/data/test/doc/fake/paper_ch/paper_Ch_1182.jpg,1,doc_paper_ch,doc,paper_ch,paper_ch,seen,1.0,0,base
/ai_paas_jf/pangqs/AIGC/safepp_pytorch/data/test/doc/fake/paper_ch/paper_Ch_1189.jpg,1,doc_paper_ch,doc,paper_ch,paper_ch,seen,1.0,0,base
/ai_paas_jf/pangqs/AIGC/safepp_pytorch/data/test/doc/fake/paper_ch/paper_Ch_1197.jpg,1,doc_paper_ch,doc,paper_ch,paper_ch,seen,1.0,0,base
/ai_paas_jf/pangqs/AIGC/safepp_pytorch/data/test/doc/fake/paper_ch/paper_Ch_1235.jpg,1,doc_paper_ch,doc,paper_ch,paper_ch,seen,1.0,0,base
/ai_paas_jf/pangqs/AIGC/safepp_pytorch/data/test/doc/fake/paper_ch/paper_Ch_1238.jpg,1,doc_paper_ch,doc,paper_ch,paper_ch,seen,1.0,0,base
/ai_paas_jf/pangqs/AIGC/safepp_pytorch/data/test/doc/fake/paper_ch/paper_Ch_14.jpg,1,doc_paper_ch,doc,paper_ch,paper_ch,seen,1.0,0,base
/ai_paas_jf/pangqs/AIGC/safepp_pytorch/data/test/doc/fake/paper_ch/paper_Ch_195.jpg,1,doc_paper_ch,doc,paper_ch,paper_ch,seen,1.0,0,base
/ai_paas_jf/pangqs/AIGC/safepp_pytorch/data/test/doc/fake/paper_ch/paper_Ch_234.jpg,1,doc_paper_ch,doc,paper_ch,paper_ch,seen,1.0,0,base
/ai_paas_jf/pangqs/AIGC/safepp_pytorch/data/test/doc/fake/paper_ch/paper_Ch_236.jpg,1,doc_paper_ch,doc,paper_ch,paper_ch,seen,1.0,0,base
/ai_paas_jf/pangqs/AIGC/safepp_pytorch/data/test/doc/fake/paper_ch/paper_Ch_246.jpg,1,doc_paper_ch,doc,paper_ch,paper_ch,seen,1.0,0,base
/ai_paas_jf/pangqs/AIGC/safepp_pytorch/data/test/doc/fake/paper_ch/paper_Ch_256.jpg,1,doc_paper_ch,doc,paper_ch,paper_ch,seen,1.0,0,base
/ai_paas_jf/pangqs/AIGC/safepp_pytorch/data/test/doc/fake/paper_ch/paper_Ch_301.jpg,1,doc_paper_ch,doc,paper_ch,paper_ch,seen,1.0,0,base
/ai_paas_jf/pangqs/AIGC/safepp_pytorch/data/test/doc/fake/paper_ch/paper_Ch_304.jpg,1,doc_paper_ch,doc,paper_ch,paper_ch,seen,1.0,0,base
/ai_paas_jf/pangqs/AIGC/safepp_pytorch/data/test/doc/fake/paper_ch/paper_Ch_32.jpg,1,doc_paper_ch,doc,paper_ch,paper_ch,seen,1.0,0,base
/ai_paas_jf/pangqs/AIGC/safepp_pytorch/data/test/doc/fake/paper_ch/paper_Ch_340.jpg,1,doc_paper_ch,doc,paper_ch,paper_ch,seen,1.0,0,base
/ai_paas_jf/pangqs/AIGC/safepp_pytorch/data/test/doc/fake/paper_ch/paper_Ch_378.jpg,1,doc_paper_ch,doc,paper_ch,paper_ch,seen,1.0,0,base
/ai_paas_jf/pangqs/AIGC/safepp_pytorch/data/test/doc/fake/paper_ch/paper_Ch_426.jpg,1,doc_paper_ch,doc,paper_ch,paper_ch,seen,1.0,0,base
/ai_paas_jf/pangqs/AIGC/safepp_pytorch/data/test/doc/fake/paper_ch/paper_Ch_433.jpg,1,doc_paper_ch,doc,paper_ch,paper_ch,seen,1.0,0,base
/ai_paas_jf/pangqs/AIGC/safepp_pytorch/data/test/doc/fake/paper_ch/paper_Ch_466.jpg,1,doc_paper_ch,doc,paper_ch,paper_ch,seen,1.0,0,base
/ai_paas_jf/pangqs/AIGC/safepp_pytorch/data/test/doc/fake/paper_ch/paper_Ch_510.jpg,1,doc_paper_ch,doc,paper_ch,paper_ch,seen,1.0,0,base
/ai_paas_jf/pangqs/AIGC/safepp_pytorch/data/test/doc/fake/paper_ch/paper_Ch_524.jpg,1,doc_paper_ch,doc,paper_ch,paper_ch,seen,1.0,0,base
/ai_paas_jf/pangqs/AIGC/safepp_pytorch/data/test/doc/fake/paper_ch/paper_Ch_531.jpg,1,doc_paper_ch,doc,paper_ch,paper_ch,seen,1.0,0,base
/ai_paas_jf/pangqs/AIGC/safepp_pytorch/data/test/doc/fake/paper_ch/paper_Ch_58.jpg,1,doc_paper_ch,doc,paper_ch,paper_ch,seen,1.0,0,base
/ai_paas_jf/pangqs/AIGC/safepp_pytorch/data/test/doc/fake/paper_ch/paper_Ch_616.jpg,1,doc_paper_ch,doc,paper_ch,paper_ch,seen,1.0,0,base
/ai_paas_jf/pangqs/AIGC/safepp_pytorch/data/test/doc/fake/paper_ch/paper_Ch_621.jpg,1,doc_paper_ch,doc,paper_ch,paper_ch,seen,1.0,0,base
/ai_paas_jf/pangqs/AIGC/safepp_pytorch/data/test/doc/fake/paper_ch/paper_Ch_644.jpg,1,doc_paper_ch,doc,paper_ch,paper_ch,seen,1.0,0,base
/ai_paas_jf/pangqs/AIGC/safepp_pytorch/data/test/doc/fake/paper_ch/paper_Ch_661.jpg,1,doc_paper_ch,doc,paper_ch,paper_ch,seen,1.0,0,base
/ai_paas_jf/pangqs/AIGC/safepp_pytorch/data/test/doc/fake/paper_ch/paper_Ch_701.jpg,1,doc_paper_ch,doc,paper_ch,paper_ch,seen,1.0,0,base
/ai_paas_jf/pangqs/AIGC/safepp_pytorch/data/test/doc/fake/paper_ch/paper_Ch_733.jpg,1,doc_paper_ch,doc,paper_ch,paper_ch,seen,1.0,0,base
/ai_paas_jf/pangqs/AIGC/safepp_pytorch/data/test/doc/fake/paper_ch/paper_Ch_735.jpg,1,doc_paper_ch,doc,paper_ch,paper_ch,seen,1.0,0,base
/ai_paas_jf/pangqs/AIGC/safepp_pytorch/data/test/doc/fake/paper_ch/paper_Ch_747.jpg,1,doc_paper_ch,doc,paper_ch,paper_ch,seen,1.0,0,base
/ai_paas_jf/pangqs/AIGC/safepp_pytorch/data/test/doc/fake/paper_ch/paper_Ch_829.jpg,1,doc_paper_ch,doc,paper_ch,paper_ch,seen,1.0,0,base
/ai_paas_jf/pangqs/AIGC/safepp_pytorch/data/test/doc/fake/paper_ch/paper_Ch_840.jpg,1,doc_paper_ch,doc,paper_ch,paper_ch,seen,1.0,0,base
/ai_paas_jf/pangqs/AIGC/safepp_pytorch/data/test/doc/fake/paper_ch/paper_Ch_841.jpg,1,doc_paper_ch,doc,paper_ch,paper_ch,seen,1.0,0,base
/ai_paas_jf/pangqs/AIGC/safepp_pytorch/data/test/doc/fake/paper_ch/paper_Ch_846.jpg,1,doc_paper_ch,doc,paper_ch,paper_ch,seen,1.0,0,base
/ai_paas_jf/pangqs/AIGC/safepp_pytorch/data/test/doc/fake/paper_ch/paper_Ch_878.jpg,1,doc_paper_ch,doc,paper_ch,paper_ch,seen,1.0,0,base
/ai_paas_jf/pangqs/AIGC/safepp_pytorch/data/test/doc/fake/paper_ch/paper_Ch_889.jpg,1,doc_paper_ch,doc,paper_ch,paper_ch,seen,1.0,0,base
/ai_paas_jf/pangqs/AIGC/safepp_pytorch/data/test/doc/fake/paper_ch/paper_Ch_9.jpg,1,doc_paper_ch,doc,paper_ch,paper_ch,seen,1.0,0,base
/ai_paas_jf/pangqs/AIGC/safepp_pytorch/data/test/doc/fake/paper_ch/paper_Ch_909.jpg,1,doc_paper_ch,doc,paper_ch,paper_ch,seen,1.0,0,base
/ai_paas_jf/pangqs/AIGC/safepp_pytorch/data/test/doc/fake/paper_ch/paper_Ch_919.jpg,1,doc_paper_ch,doc,paper_ch,paper_ch,seen,1.0,0,base
/ai_paas_jf/pangqs/AIGC/safepp_pytorch/data/test/doc/fake/paper_ch/paper_Ch_950.jpg,1,doc_paper_ch,doc,paper_ch,paper_ch,seen,1.0,0,base
/ai_paas_jf/pangqs/AIGC/safepp_pytorch/data/test/doc/fake/paper_en/paper_En_1022.jpg,1,doc_paper_en,doc,paper_en,paper_en,seen,1.0,0,base
/ai_paas_jf/pangqs/AIGC/safepp_pytorch/data/test/doc/fake/paper_en/paper_En_1035.jpg,1,doc_paper_en,doc,paper_en,paper_en,seen,1.0,0,base
/ai_paas_jf/pangqs/AIGC/safepp_pytorch/data/test/doc/fake/paper_en/paper_En_1051.jpg,1,doc_paper_en,doc,paper_en,paper_en,seen,1.0,0,base
/ai_paas_jf/pangqs/AIGC/safepp_pytorch/data/test/doc/fake/paper_en/paper_En_1106.jpg,1,doc_paper_en,doc,paper_en,paper_en,seen,1.0,0,base
/ai_paas_jf/pangqs/AIGC/safepp_pytorch/data/test/doc/fake/paper_en/paper_En_1136.jpg,1,doc_paper_en,doc,paper_en,paper_en,seen,1.0,0,base
/ai_paas_jf/pangqs/AIGC/safepp_pytorch/data/test/doc/fake/paper_en/paper_En_1163.jpg,1,doc_paper_en,doc,paper_en,paper_en,seen,1.0,0,base
/ai_paas_jf/pangqs/AIGC/safepp_pytorch/data/test/doc/fake/paper_en/paper_En_1190.jpg,1,doc_paper_en,doc,paper_en,paper_en,seen,1.0,0,base
/ai_paas_jf/pangqs/AIGC/safepp_pytorch/data/test/doc/fake/paper_en/paper_En_150.jpg,1,doc_paper_en,doc,paper_en,paper_en,seen,1.0,0,base
/ai_paas_jf/pangqs/AIGC/safepp_pytorch/data/test/doc/fake/paper_en/paper_En_151.jpg,1,doc_paper_en,doc,paper_en,paper_en,seen,1.0,0,base
/ai_paas_jf/pangqs/AIGC/safepp_pytorch/data/test/doc/fake/paper_en/paper_En_157.jpg,1,doc_paper_en,doc,paper_en,paper_en,seen,1.0,0,base
/ai_paas_jf/pangqs/AIGC/safepp_pytorch/data/test/doc/fake/paper_en/paper_En_162.jpg,1,doc_paper_en,doc,paper_en,paper_en,seen,1.0,0,base
/ai_paas_jf/pangqs/AIGC/safepp_pytorch/data/test/doc/fake/paper_en/paper_En_166.jpg,1,doc_paper_en,doc,paper_en,paper_en,seen,1.0,0,base
/ai_paas_jf/pangqs/AIGC/safepp_pytorch/data/test/doc/fake/paper_en/paper_En_177.jpg,1,doc_paper_en,doc,paper_en,paper_en,seen,1.0,0,base
/ai_paas_jf/pangqs/AIGC/safepp_pytorch/data/test/doc/fake/paper_en/paper_En_188.jpg,1,doc_paper_en,doc,paper_en,paper_en,seen,1.0,0,base
/ai_paas_jf/pangqs/AIGC/safepp_pytorch/data/test/doc/fake/paper_en/paper_En_203.jpg,1,doc_paper_en,doc,paper_en,paper_en,seen,1.0,0,base
/ai_paas_jf/pangqs/AIGC/safepp_pytorch/data/test/doc/fake/paper_en/paper_En_225.jpg,1,doc_paper_en,doc,paper_en,paper_en,seen,1.0,0,base
/ai_paas_jf/pangqs/AIGC/safepp_pytorch/data/test/doc/fake/paper_en/paper_En_227.jpg,1,doc_paper_en,doc,paper_en,paper_en,seen,1.0,0,base
/ai_paas_jf/pangqs/AIGC/safepp_pytorch/data/test/doc/fake/paper_en/paper_En_235.jpg,1,doc_paper_en,doc,paper_en,paper_en,seen,1.0,0,base
/ai_paas_jf/pangqs/AIGC/safepp_pytorch/data/test/doc/fake/paper_en/paper_En_249.jpg,1,doc_paper_en,doc,paper_en,paper_en,seen,1.0,0,base
/ai_paas_jf/pangqs/AIGC/safepp_pytorch/data/test/doc/fake/paper_en/paper_En_28.jpg,1,doc_paper_en,doc,paper_en,paper_en,seen,1.0,0,base
/ai_paas_jf/pangqs/AIGC/safepp_pytorch/data/test/doc/fake/paper_en/paper_En_308.jpg,1,doc_paper_en,doc,paper_en,paper_en,seen,1.0,0,base
/ai_paas_jf/pangqs/AIGC/safepp_pytorch/data/test/doc/fake/paper_en/paper_En_33.jpg,1,doc_paper_en,doc,paper_en,paper_en,seen,1.0,0,base
/ai_paas_jf/pangqs/AIGC/safepp_pytorch/data/test/doc/fake/paper_en/paper_En_352.jpg,1,doc_paper_en,doc,paper_en,paper_en,seen,1.0,0,base
/ai_paas_jf/pangqs/AIGC/safepp_pytorch/data/test/doc/fake/paper_en/paper_En_383.jpg,1,doc_paper_en,doc,paper_en,paper_en,seen,1.0,0,base
/ai_paas_jf/pangqs/AIGC/safepp_pytorch/data/test/doc/fake/paper_en/paper_En_396.jpg,1,doc_paper_en,doc,paper_en,paper_en,seen,1.0,0,base
/ai_paas_jf/pangqs/AIGC/safepp_pytorch/data/test/doc/fake/paper_en/paper_En_419.jpg,1,doc_paper_en,doc,paper_en,paper_en,seen,1.0,0,base
/ai_paas_jf/pangqs/AIGC/safepp_pytorch/data/test/doc/fake/paper_en/paper_En_447.jpg,1,doc_paper_en,doc,paper_en,paper_en,seen,1.0,0,base
/ai_paas_jf/pangqs/AIGC/safepp_pytorch/data/test/doc/fake/paper_en/paper_En_484.jpg,1,doc_paper_en,doc,paper_en,paper_en,seen,1.0,0,base
/ai_paas_jf/pangqs/AIGC/safepp_pytorch/data/test/doc/fake/paper_en/paper_En_487.jpg,1,doc_paper_en,doc,paper_en,paper_en,seen,1.0,0,base
/ai_paas_jf/pangqs/AIGC/safepp_pytorch/data/test/doc/fake/paper_en/paper_En_535.jpg,1,doc_paper_en,doc,paper_en,paper_en,seen,1.0,0,base
/ai_paas_jf/pangqs/AIGC/safepp_pytorch/data/test/doc/fake/paper_en/paper_En_570.jpg,1,doc_paper_en,doc,paper_en,paper_en,seen,1.0,0,base
/ai_paas_jf/pangqs/AIGC/safepp_pytorch/data/test/doc/fake/paper_en/paper_En_576.jpg,1,doc_paper_en,doc,paper_en,paper_en,seen,1.0,0,base
/ai_paas_jf/pangqs/AIGC/safepp_pytorch/data/test/doc/fake/paper_en/paper_En_580.jpg,1,doc_paper_en,doc,paper_en,paper_en,seen,1.0,0,base
/ai_paas_jf/pangqs/AIGC/safepp_pytorch/data/test/doc/fake/paper_en/paper_En_603.jpg,1,doc_paper_en,doc,paper_en,paper_en,seen,1.0,0,base
/ai_paas_jf/pangqs/AIGC/safepp_pytorch/data/test/doc/fake/paper_en/paper_En_622.jpg,1,doc_paper_en,doc,paper_en,paper_en,seen,1.0,0,base
/ai_paas_jf/pangqs/AIGC/safepp_pytorch/data/test/doc/fake/paper_en/paper_En_634.jpg,1,doc_paper_en,doc,paper_en,paper_en,seen,1.0,0,base
/ai_paas_jf/pangqs/AIGC/safepp_pytorch/data/test/doc/fake/paper_en/paper_En_639.jpg,1,doc_paper_en,doc,paper_en,paper_en,seen,1.0,0,base
/ai_paas_jf/pangqs/AIGC/safepp_pytorch/data/test/doc/fake/paper_en/paper_En_643.jpg,1,doc_paper_en,doc,paper_en,paper_en,seen,1.0,0,base
/ai_paas_jf/pangqs/AIGC/safepp_pytorch/data/test/doc/fake/paper_en/paper_En_644.jpg,1,doc_paper_en,doc,paper_en,paper_en,seen,1.0,0,base
/ai_paas_jf/pangqs/AIGC/safepp_pytorch/data/test/doc/fake/paper_en/paper_En_651.jpg,1,doc_paper_en,doc,paper_en,paper_en,seen,1.0,0,base
/ai_paas_jf/pangqs/AIGC/safepp_pytorch/data/test/doc/fake/paper_en/paper_En_670.jpg,1,doc_paper_en,doc,paper_en,paper_en,seen,1.0,0,base
/ai_paas_jf/pangqs/AIGC/safepp_pytorch/data/test/doc/fake/paper_en/paper_En_697.jpg,1,doc_paper_en,doc,paper_en,paper_en,seen,1.0,0,base
/ai_paas_jf/pangqs/AIGC/safepp_pytorch/data/test/doc/fake/paper_en/paper_En_707.jpg,1,doc_paper_en,doc,paper_en,paper_en,seen,1.0,0,base
/ai_paas_jf/pangqs/AIGC/safepp_pytorch/data/test/doc/fake/paper_en/paper_En_708.jpg,1,doc_paper_en,doc,paper_en,paper_en,seen,1.0,0,base
/ai_paas_jf/pangqs/AIGC/safepp_pytorch/data/test/doc/fake/paper_en/paper_En_726.jpg,1,doc_paper_en,doc,paper_en,paper_en,seen,1.0,0,base
/ai_paas_jf/pangqs/AIGC/safepp_pytorch/data/test/doc/fake/paper_en/paper_En_738.jpg,1,doc_paper_en,doc,paper_en,paper_en,seen,1.0,0,base
/ai_paas_jf/pangqs/AIGC/safepp_pytorch/data/test/doc/fake/paper_en/paper_En_757.jpg,1,doc_paper_en,doc,paper_en,paper_en,seen,1.0,0,base
/ai_paas_jf/pangqs/AIGC/safepp_pytorch/data/test/doc/fake/paper_en/paper_En_785.jpg,1,doc_paper_en,doc,paper_en,paper_en,seen,1.0,0,base
/ai_paas_jf/pangqs/AIGC/safepp_pytorch/data/test/doc/fake/paper_en/paper_En_794.jpg,1,doc_paper_en,doc,paper_en,paper_en,seen,1.0,0,base
/ai_paas_jf/pangqs/AIGC/safepp_pytorch/data/test/doc/fake/paper_en/paper_En_839.jpg,1,doc_paper_en,doc,paper_en,paper_en,seen,1.0,0,base
/ai_paas_jf/pangqs/AIGC/safepp_pytorch/data/test/doc/fake/paper_en/paper_En_880.jpg,1,doc_paper_en,doc,paper_en,paper_en,seen,1.0,0,base
/ai_paas_jf/pangqs/AIGC/safepp_pytorch/data/test/doc/fake/paper_en/paper_En_885.jpg,1,doc_paper_en,doc,paper_en,paper_en,seen,1.0,0,base
/ai_paas_jf/pangqs/AIGC/safepp_pytorch/data/test/doc/fake/paper_en/paper_En_891.jpg,1,doc_paper_en,doc,paper_en,paper_en,seen,1.0,0,base
/ai_paas_jf/pangqs/AIGC/safepp_pytorch/data/test/doc/fake/paper_en/paper_En_910.jpg,1,doc_paper_en,doc,paper_en,paper_en,seen,1.0,0,base
/ai_paas_jf/pangqs/AIGC/safepp_pytorch/data/test/doc/fake/paper_en/paper_En_912.jpg,1,doc_paper_en,doc,paper_en,paper_en,seen,1.0,0,base
/ai_paas_jf/pangqs/AIGC/safepp_pytorch/data/test/doc/fake/paper_en/paper_En_915.jpg,1,doc_paper_en,doc,paper_en,paper_en,seen,1.0,0,base
/ai_paas_jf/pangqs/AIGC/safepp_pytorch/data/test/doc/fake/paper_en/paper_En_950.jpg,1,doc_paper_en,doc,paper_en,paper_en,seen,1.0,0,base
/ai_paas_jf/pangqs/AIGC/safepp_pytorch/data/test/doc/fake/paper_en/paper_En_952.jpg,1,doc_paper_en,doc,paper_en,paper_en,seen,1.0,0,base
/ai_paas_jf/pangqs/AIGC/safepp_pytorch/data/test/doc/fake/paper_en/paper_En_963.jpg,1,doc_paper_en,doc,paper_en,paper_en,seen,1.0,0,base
/ai_paas_jf/pangqs/AIGC/safepp_pytorch/data/test/doc/fake/paper_en/paper_En_972.jpg,1,doc_paper_en,doc,paper_en,paper_en,seen,1.0,0,base
/ai_paas_jf/pangqs/AIGC/safepp_pytorch/data/test/doc/fake/paper_en/paper_En_976.jpg,1,doc_paper_en,doc,paper_en,paper_en,seen,1.0,0,base
/ai_paas_jf/pangqs/AIGC/safepp_pytorch/data/test/ff++/real/youtube/c23/frames/002/000.png,0,ff++_real,ff++,youtube/c23/frames/002,real,seen,1.0,0,base
/ai_paas_jf/pangqs/AIGC/safepp_pytorch/data/test/ff++/real/youtube/c23/frames/002/535.png,0,ff++_real,ff++,youtube/c23/frames/002,real,seen,1.0,0,base
/ai_paas_jf/pangqs/AIGC/safepp_pytorch/data/test/ff++/real/youtube/c23/frames/008/225.png,0,ff++_real,ff++,youtube/c23/frames/008,real,seen,1.0,0,base
/ai_paas_jf/pangqs/AIGC/safepp_pytorch/data/test/ff++/real/youtube/c23/frames/008/410.png,0,ff++_real,ff++,youtube/c23/frames/008,real,seen,1.0,0,base
/ai_paas_jf/pangqs/AIGC/safepp_pytorch/data/test/ff++/real/youtube/c23/frames/013/053.png,0,ff++_real,ff++,youtube/c23/frames/013,real,seen,1.0,0,base
/ai_paas_jf/pangqs/AIGC/safepp_pytorch/data/test/ff++/real/youtube/c23/frames/013/266.png,0,ff++_real,ff++,youtube/c23/frames/013,real,seen,1.0,0,base
/ai_paas_jf/pangqs/AIGC/safepp_pytorch/data/test/ff++/real/youtube/c23/frames/020/075.png,0,ff++_real,ff++,youtube/c23/frames/020,real,seen,1.0,0,base
/ai_paas_jf/pangqs/AIGC/safepp_pytorch/data/test/ff++/real/youtube/c23/frames/021/402.png,0,ff++_real,ff++,youtube/c23/frames/021,real,seen,1.0,0,base
/ai_paas_jf/pangqs/AIGC/safepp_pytorch/data/test/ff++/real/youtube/c23/frames/043/031.png,0,ff++_real,ff++,youtube/c23/frames/043,real,seen,1.0,0,base
/ai_paas_jf/pangqs/AIGC/safepp_pytorch/data/test/ff++/real/youtube/c23/frames/049/092.png,0,ff++_real,ff++,youtube/c23/frames/049,real,seen,1.0,0,base
/ai_paas_jf/pangqs/AIGC/safepp_pytorch/data/test/ff++/real/youtube/c23/frames/050/511.png,0,ff++_real,ff++,youtube/c23/frames/050,real,seen,1.0,0,base
/ai_paas_jf/pangqs/AIGC/safepp_pytorch/data/test/ff++/real/youtube/c23/frames/052/207.png,0,ff++_real,ff++,youtube/c23/frames/052,real,seen,1.0,0,base
/ai_paas_jf/pangqs/AIGC/safepp_pytorch/data/test/ff++/real/youtube/c23/frames/054/011.png,0,ff++_real,ff++,youtube/c23/frames/054,real,seen,1.0,0,base
/ai_paas_jf/pangqs/AIGC/safepp_pytorch/data/test/ff++/real/youtube/c23/frames/056/240.png,0,ff++_real,ff++,youtube/c23/frames/056,real,seen,1.0,0,base
/ai_paas_jf/pangqs/AIGC/safepp_pytorch/data/test/ff++/real/youtube/c23/frames/057/013.png,0,ff++_real,ff++,youtube/c23/frames/057,real,seen,1.0,0,base
/ai_paas_jf/pangqs/AIGC/safepp_pytorch/data/test/ff++/real/youtube/c23/frames/057/360.png,0,ff++_real,ff++,youtube/c23/frames/057,real,seen,1.0,0,base
/ai_paas_jf/pangqs/AIGC/safepp_pytorch/data/test/ff++/real/youtube/c23/frames/059/557.png,0,ff++_real,ff++,youtube/c23/frames/059,real,seen,1.0,0,base
/ai_paas_jf/pangqs/AIGC/safepp_pytorch/data/test/ff++/real/youtube/c23/frames/062/340.png,0,ff++_real,ff++,youtube/c23/frames/062,real,seen,1.0,0,base
/ai_paas_jf/pangqs/AIGC/safepp_pytorch/data/test/ff++/real/youtube/c23/frames/067/000.png,0,ff++_real,ff++,youtube/c23/frames/067,real,seen,1.0,0,base
/ai_paas_jf/pangqs/AIGC/safepp_pytorch/data/test/ff++/real/youtube/c23/frames/072/110.png,0,ff++_real,ff++,youtube/c23/frames/072,real,seen,1.0,0,base
/ai_paas_jf/pangqs/AIGC/safepp_pytorch/data/test/ff++/real/youtube/c23/frames/074/221.png,0,ff++_real,ff++,youtube/c23/frames/074,real,seen,1.0,0,base
/ai_paas_jf/pangqs/AIGC/safepp_pytorch/data/test/ff++/real/youtube/c23/frames/079/013.png,0,ff++_real,ff++,youtube/c23/frames/079,real,seen,1.0,0,base
/ai_paas_jf/pangqs/AIGC/safepp_pytorch/data/test/ff++/real/youtube/c23/frames/086/451.png,0,ff++_real,ff++,youtube/c23/frames/086,real,seen,1.0,0,base
/ai_paas_jf/pangqs/AIGC/safepp_pytorch/data/test/ff++/real/youtube/c23/frames/086/692.png,0,ff++_real,ff++,youtube/c23/frames/086,real,seen,1.0,0,base
/ai_paas_jf/pangqs/AIGC/safepp_pytorch/data/test/ff++/real/youtube/c23/frames/089/241.png,0,ff++_real,ff++,youtube/c23/frames/089,real,seen,1.0,0,base
/ai_paas_jf/pangqs/AIGC/safepp_pytorch/data/test/ff++/real/youtube/c23/frames/089/677.png,0,ff++_real,ff++,youtube/c23/frames/089,real,seen,1.0,0,base
/ai_paas_jf/pangqs/AIGC/safepp_pytorch/data/test/ff++/real/youtube/c23/frames/090/508.png,0,ff++_real,ff++,youtube/c23/frames/090,real,seen,1.0,0,base
/ai_paas_jf/pangqs/AIGC/safepp_pytorch/data/test/ff++/real/youtube/c23/frames/095/680.png,0,ff++_real,ff++,youtube/c23/frames/095,real,seen,1.0,0,base
/ai_paas_jf/pangqs/AIGC/safepp_pytorch/data/test/ff++/real/youtube/c23/frames/100/340.png,0,ff++_real,ff++,youtube/c23/frames/100,real,seen,1.0,0,base
/ai_paas_jf/pangqs/AIGC/safepp_pytorch/data/test/ff++/real/youtube/c23/frames/109/028.png,0,ff++_real,ff++,youtube/c23/frames/109,real,seen,1.0,0,base
/ai_paas_jf/pangqs/AIGC/safepp_pytorch/data/test/ff++/real/youtube/c23/frames/113/514.png,0,ff++_real,ff++,youtube/c23/frames/113,real,seen,1.0,0,base
/ai_paas_jf/pangqs/AIGC/safepp_pytorch/data/test/ff++/real/youtube/c23/frames/123/165.png,0,ff++_real,ff++,youtube/c23/frames/123,real,seen,1.0,0,base
/ai_paas_jf/pangqs/AIGC/safepp_pytorch/data/test/ff++/real/youtube/c23/frames/123/198.png,0,ff++_real,ff++,youtube/c23/frames/123,real,seen,1.0,0,base
/ai_paas_jf/pangqs/AIGC/safepp_pytorch/data/test/ff++/real/youtube/c23/frames/129/265.png,0,ff++_real,ff++,youtube/c23/frames/129,real,seen,1.0,0,base
/ai_paas_jf/pangqs/AIGC/safepp_pytorch/data/test/ff++/real/youtube/c23/frames/131/255.png,0,ff++_real,ff++,youtube/c23/frames/131,real,seen,1.0,0,base
/ai_paas_jf/pangqs/AIGC/safepp_pytorch/data/test/ff++/real/youtube/c23/frames/140/484.png,0,ff++_real,ff++,youtube/c23/frames/140,real,seen,1.0,0,base
/ai_paas_jf/pangqs/AIGC/safepp_pytorch/data/test/ff++/real/youtube/c23/frames/147/042.png,0,ff++_real,ff++,youtube/c23/frames/147,real,seen,1.0,0,base
/ai_paas_jf/pangqs/AIGC/safepp_pytorch/data/test/ff++/real/youtube/c23/frames/149/326.png,0,ff++_real,ff++,youtube/c23/frames/149,real,seen,1.0,0,base
/ai_paas_jf/pangqs/AIGC/safepp_pytorch/data/test/ff++/real/youtube/c23/frames/163/146.png,0,ff++_real,ff++,youtube/c23/frames/163,real,seen,1.0,0,base
/ai_paas_jf/pangqs/AIGC/safepp_pytorch/data/test/ff++/real/youtube/c23/frames/171/034.png,0,ff++_real,ff++,youtube/c23/frames/171,real,seen,1.0,0,base
/ai_paas_jf/pangqs/AIGC/safepp_pytorch/data/test/ff++/real/youtube/c23/frames/173/696.png,0,ff++_real,ff++,youtube/c23/frames/173,real,seen,1.0,0,base
/ai_paas_jf/pangqs/AIGC/safepp_pytorch/data/test/ff++/real/youtube/c23/frames/174/279.png,0,ff++_real,ff++,youtube/c23/frames/174,real,seen,1.0,0,base
/ai_paas_jf/pangqs/AIGC/safepp_pytorch/data/test/ff++/real/youtube/c23/frames/181/092.png,0,ff++_real,ff++,youtube/c23/frames/181,real,seen,1.0,0,base
/ai_paas_jf/pangqs/AIGC/safepp_pytorch/data/test/ff++/real/youtube/c23/frames/182/079.png,0,ff++_real,ff++,youtube/c23/frames/182,real,seen,1.0,0,base
/ai_paas_jf/pangqs/AIGC/safepp_pytorch/data/test/ff++/real/youtube/c23/frames/191/023.png,0,ff++_real,ff++,youtube/c23/frames/191,real,seen,1.0,0,base
/ai_paas_jf/pangqs/AIGC/safepp_pytorch/data/test/ff++/real/youtube/c23/frames/199/011.png,0,ff++_real,ff++,youtube/c23/frames/199,real,seen,1.0,0,base
/ai_paas_jf/pangqs/AIGC/safepp_pytorch/data/test/ff++/real/youtube/c23/frames/200/393.png,0,ff++_real,ff++,youtube/c23/frames/200,real,seen,1.0,0,base
/ai_paas_jf/pangqs/AIGC/safepp_pytorch/data/test/ff++/real/youtube/c23/frames/202/322.png,0,ff++_real,ff++,youtube/c23/frames/202,real,seen,1.0,0,base
/ai_paas_jf/pangqs/AIGC/safepp_pytorch/data/test/ff++/real/youtube/c23/frames/207/133.png,0,ff++_real,ff++,youtube/c23/frames/207,real,seen,1.0,0,base
/ai_paas_jf/pangqs/AIGC/safepp_pytorch/data/test/ff++/real/youtube/c23/frames/207/255.png,0,ff++_real,ff++,youtube/c23/frames/207,real,seen,1.0,0,base
/ai_paas_jf/pangqs/AIGC/safepp_pytorch/data/test/ff++/real/youtube/c23/frames/211/050.png,0,ff++_real,ff++,youtube/c23/frames/211,real,seen,1.0,0,base
/ai_paas_jf/pangqs/AIGC/safepp_pytorch/data/test/ff++/real/youtube/c23/frames/215/435.png,0,ff++_real,ff++,youtube/c23/frames/215,real,seen,1.0,0,base
/ai_paas_jf/pangqs/AIGC/safepp_pytorch/data/test/ff++/real/youtube/c23/frames/215/530.png,0,ff++_real,ff++,youtube/c23/frames/215,real,seen,1.0,0,base
/ai_paas_jf/pangqs/AIGC/safepp_pytorch/data/test/ff++/real/youtube/c23/frames/222/026.png,0,ff++_real,ff++,youtube/c23/frames/222,real,seen,1.0,0,base
/ai_paas_jf/pangqs/AIGC/safepp_pytorch/data/test/ff++/real/youtube/c23/frames/235/230.png,0,ff++_real,ff++,youtube/c23/frames/235,real,seen,1.0,0,base
/ai_paas_jf/pangqs/AIGC/safepp_pytorch/data/test/ff++/real/youtube/c23/frames/241/215.png,0,ff++_real,ff++,youtube/c23/frames/241,real,seen,1.0,0,base
/ai_paas_jf/pangqs/AIGC/safepp_pytorch/data/test/ff++/real/youtube/c23/frames/258/048.png,0,ff++_real,ff++,youtube/c23/frames/258,real,seen,1.0,0,base
/ai_paas_jf/pangqs/AIGC/safepp_pytorch/data/test/ff++/real/youtube/c23/frames/259/300.png,0,ff++_real,ff++,youtube/c23/frames/259,real,seen,1.0,0,base
/ai_paas_jf/pangqs/AIGC/safepp_pytorch/data/test/ff++/real/youtube/c23/frames/266/000.png,0,ff++_real,ff++,youtube/c23/frames/266,real,seen,1.0,0,base
/ai_paas_jf/pangqs/AIGC/safepp_pytorch/data/test/ff++/real/youtube/c23/frames/269/186.png,0,ff++_real,ff++,youtube/c23/frames/269,real,seen,1.0,0,base
/ai_paas_jf/pangqs/AIGC/safepp_pytorch/data/test/ff++/real/youtube/c23/frames/272/207.png,0,ff++_real,ff++,youtube/c23/frames/272,real,seen,1.0,0,base
/ai_paas_jf/pangqs/AIGC/safepp_pytorch/data/test/ff++/real/youtube/c23/frames/274/396.png,0,ff++_real,ff++,youtube/c23/frames/274,real,seen,1.0,0,base
/ai_paas_jf/pangqs/AIGC/safepp_pytorch/data/test/ff++/real/youtube/c23/frames/277/217.png,0,ff++_real,ff++,youtube/c23/frames/277,real,seen,1.0,0,base
/ai_paas_jf/pangqs/AIGC/safepp_pytorch/data/test/ff++/real/youtube/c23/frames/279/846.png,0,ff++_real,ff++,youtube/c23/frames/279,real,seen,1.0,0,base
/ai_paas_jf/pangqs/AIGC/safepp_pytorch/data/test/ff++/real/youtube/c23/frames/282/095.png,0,ff++_real,ff++,youtube/c23/frames/282,real,seen,1.0,0,base
/ai_paas_jf/pangqs/AIGC/safepp_pytorch/data/test/ff++/real/youtube/c23/frames/286/667.png,0,ff++_real,ff++,youtube/c23/frames/286,real,seen,1.0,0,base
/ai_paas_jf/pangqs/AIGC/safepp_pytorch/data/test/ff++/real/youtube/c23/frames/291/329.png,0,ff++_real,ff++,youtube/c23/frames/291,real,seen,1.0,0,base
/ai_paas_jf/pangqs/AIGC/safepp_pytorch/data/test/ff++/real/youtube/c23/frames/292/109.png,0,ff++_real,ff++,youtube/c23/frames/292,real,seen,1.0,0,base
/ai_paas_jf/pangqs/AIGC/safepp_pytorch/data/test/ff++/real/youtube/c23/frames/293/415.png,0,ff++_real,ff++,youtube/c23/frames/293,real,seen,1.0,0,base
/ai_paas_jf/pangqs/AIGC/safepp_pytorch/data/test/ff++/real/youtube/c23/frames/300/115.png,0,ff++_real,ff++,youtube/c23/frames/300,real,seen,1.0,0,base
/ai_paas_jf/pangqs/AIGC/safepp_pytorch/data/test/ff++/real/youtube/c23/frames/305/461.png,0,ff++_real,ff++,youtube/c23/frames/305,real,seen,1.0,0,base
/ai_paas_jf/pangqs/AIGC/safepp_pytorch/data/test/ff++/real/youtube/c23/frames/307/024.png,0,ff++_real,ff++,youtube/c23/frames/307,real,seen,1.0,0,base
/ai_paas_jf/pangqs/AIGC/safepp_pytorch/data/test/ff++/real/youtube/c23/frames/312/330.png,0,ff++_real,ff++,youtube/c23/frames/312,real,seen,1.0,0,base
/ai_paas_jf/pangqs/AIGC/safepp_pytorch/data/test/ff++/real/youtube/c23/frames/313/325.png,0,ff++_real,ff++,youtube/c23/frames/313,real,seen,1.0,0,base
/ai_paas_jf/pangqs/AIGC/safepp_pytorch/data/test/ff++/real/youtube/c23/frames/328/123.png,0,ff++_real,ff++,youtube/c23/frames/328,real,seen,1.0,0,base
/ai_paas_jf/pangqs/AIGC/safepp_pytorch/data/test/ff++/real/youtube/c23/frames/328/256.png,0,ff++_real,ff++,youtube/c23/frames/328,real,seen,1.0,0,base
/ai_paas_jf/pangqs/AIGC/safepp_pytorch/data/test/ff++/real/youtube/c23/frames/329/253.png,0,ff++_real,ff++,youtube/c23/frames/329,real,seen,1.0,0,base
/ai_paas_jf/pangqs/AIGC/safepp_pytorch/data/test/ff++/real/youtube/c23/frames/330/013.png,0,ff++_real,ff++,youtube/c23/frames/330,real,seen,1.0,0,base
/ai_paas_jf/pangqs/AIGC/safepp_pytorch/data/test/ff++/real/youtube/c23/frames/336/228.png,0,ff++_real,ff++,youtube/c23/frames/336,real,seen,1.0,0,base
/ai_paas_jf/pangqs/AIGC/safepp_pytorch/data/test/ff++/real/youtube/c23/frames/339/382.png,0,ff++_real,ff++,youtube/c23/frames/339,real,seen,1.0,0,base
/ai_paas_jf/pangqs/AIGC/safepp_pytorch/data/test/ff++/real/youtube/c23/frames/343/105.png,0,ff++_real,ff++,youtube/c23/frames/343,real,seen,1.0,0,base
/ai_paas_jf/pangqs/AIGC/safepp_pytorch/data/test/ff++/real/youtube/c23/frames/344/569.png,0,ff++_real,ff++,youtube/c23/frames/344,real,seen,1.0,0,base
/ai_paas_jf/pangqs/AIGC/safepp_pytorch/data/test/ff++/real/youtube/c23/frames/359/014.png,0,ff++_real,ff++,youtube/c23/frames/359,real,seen,1.0,0,base
/ai_paas_jf/pangqs/AIGC/safepp_pytorch/data/test/ff++/real/youtube/c23/frames/360/284.png,0,ff++_real,ff++,youtube/c23/frames/360,real,seen,1.0,0,base
/ai_paas_jf/pangqs/AIGC/safepp_pytorch/data/test/ff++/real/youtube/c23/frames/361/117.png,0,ff++_real,ff++,youtube/c23/frames/361,real,seen,1.0,0,base
/ai_paas_jf/pangqs/AIGC/safepp_pytorch/data/test/ff++/real/youtube/c23/frames/366/312.png,0,ff++_real,ff++,youtube/c23/frames/366,real,seen,1.0,0,base
/ai_paas_jf/pangqs/AIGC/safepp_pytorch/data/test/ff++/real/youtube/c23/frames/375/034.png,0,ff++_real,ff++,youtube/c23/frames/375,real,seen,1.0,0,base
/ai_paas_jf/pangqs/AIGC/safepp_pytorch/data/test/ff++/real/youtube/c23/frames/375/295.png,0,ff++_real,ff++,youtube/c23/frames/375,real,seen,1.0,0,base
/ai_paas_jf/pangqs/AIGC/safepp_pytorch/data/test/ff++/real/youtube/c23/frames/382/120.png,0,ff++_real,ff++,youtube/c23/frames/382,real,seen,1.0,0,base
/ai_paas_jf/pangqs/AIGC/safepp_pytorch/data/test/ff++/real/youtube/c23/frames/395/028.png,0,ff++_real,ff++,youtube/c23/frames/395,real,seen,1.0,0,base
/ai_paas_jf/pangqs/AIGC/safepp_pytorch/data/test/ff++/real/youtube/c23/frames/395/043.png,0,ff++_real,ff++,youtube/c23/frames/395,real,seen,1.0,0,base
/ai_paas_jf/pangqs/AIGC/safepp_pytorch/data/test/ff++/real/youtube/c23/frames/395/057.png,0,ff++_real,ff++,youtube/c23/frames/395,real,seen,1.0,0,base
/ai_paas_jf/pangqs/AIGC/safepp_pytorch/data/test/ff++/real/youtube/c23/frames/396/050.png,0,ff++_real,ff++,youtube/c23/frames/396,real,seen,1.0,0,base
/ai_paas_jf/pangqs/AIGC/safepp_pytorch/data/test/ff++/real/youtube/c23/frames/397/011.png,0,ff++_real,ff++,youtube/c23/frames/397,real,seen,1.0,0,base
/ai_paas_jf/pangqs/AIGC/safepp_pytorch/data/test/ff++/real/youtube/c23/frames/401/443.png,0,ff++_real,ff++,youtube/c23/frames/401,real,seen,1.0,0,base
/ai_paas_jf/pangqs/AIGC/safepp_pytorch/data/test/ff++/real/youtube/c23/frames/403/113.png,0,ff++_real,ff++,youtube/c23/frames/403,real,seen,1.0,0,base
/ai_paas_jf/pangqs/AIGC/safepp_pytorch/data/test/ff++/real/youtube/c23/frames/411/187.png,0,ff++_real,ff++,youtube/c23/frames/411,real,seen,1.0,0,base
/ai_paas_jf/pangqs/AIGC/safepp_pytorch/data/test/ff++/real/youtube/c23/frames/415/199.png,0,ff++_real,ff++,youtube/c23/frames/415,real,seen,1.0,0,base
/ai_paas_jf/pangqs/AIGC/safepp_pytorch/data/test/ff++/real/youtube/c23/frames/417/138.png,0,ff++_real,ff++,youtube/c23/frames/417,real,seen,1.0,0,base
/ai_paas_jf/pangqs/AIGC/safepp_pytorch/data/test/ff++/real/youtube/c23/frames/428/278.png,0,ff++_real,ff++,youtube/c23/frames/428,real,seen,1.0,0,base
/ai_paas_jf/pangqs/AIGC/safepp_pytorch/data/test/ff++/real/youtube/c23/frames/433/119.png,0,ff++_real,ff++,youtube/c23/frames/433,real,seen,1.0,0,base
/ai_paas_jf/pangqs/AIGC/safepp_pytorch/data/test/ff++/real/youtube/c23/frames/437/114.png,0,ff++_real,ff++,youtube/c23/frames/437,real,seen,1.0,0,base
/ai_paas_jf/pangqs/AIGC/safepp_pytorch/data/test/ff++/real/youtube/c23/frames/438/383.png,0,ff++_real,ff++,youtube/c23/frames/438,real,seen,1.0,0,base
/ai_paas_jf/pangqs/AIGC/safepp_pytorch/data/test/ff++/real/youtube/c23/frames/446/340.png,0,ff++_real,ff++,youtube/c23/frames/446,real,seen,1.0,0,base
/ai_paas_jf/pangqs/AIGC/safepp_pytorch/data/test/ff++/real/youtube/c23/frames/449/265.png,0,ff++_real,ff++,youtube/c23/frames/449,real,seen,1.0,0,base
/ai_paas_jf/pangqs/AIGC/safepp_pytorch/data/test/ff++/real/youtube/c23/frames/450/473.png,0,ff++_real,ff++,youtube/c23/frames/450,real,seen,1.0,0,base
/ai_paas_jf/pangqs/AIGC/safepp_pytorch/data/test/ff++/real/youtube/c23/frames/458/327.png,0,ff++_real,ff++,youtube/c23/frames/458,real,seen,1.0,0,base
/ai_paas_jf/pangqs/AIGC/safepp_pytorch/data/test/ff++/real/youtube/c23/frames/460/144.png,0,ff++_real,ff++,youtube/c23/frames/460,real,seen,1.0,0,base
/ai_paas_jf/pangqs/AIGC/safepp_pytorch/data/test/ff++/real/youtube/c23/frames/475/173.png,0,ff++_real,ff++,youtube/c23/frames/475,real,seen,1.0,0,base
/ai_paas_jf/pangqs/AIGC/safepp_pytorch/data/test/ff++/real/youtube/c23/frames/478/048.png,0,ff++_real,ff++,youtube/c23/frames/478,real,seen,1.0,0,base
/ai_paas_jf/pangqs/AIGC/safepp_pytorch/data/test/ff++/real/youtube/c23/frames/487/123.png,0,ff++_real,ff++,youtube/c23/frames/487,real,seen,1.0,0,base
/ai_paas_jf/pangqs/AIGC/safepp_pytorch/data/test/ff++/real/youtube/c23/frames/489/018.png,0,ff++_real,ff++,youtube/c23/frames/489,real,seen,1.0,0,base
/ai_paas_jf/pangqs/AIGC/safepp_pytorch/data/test/ff++/real/youtube/c23/frames/496/723.png,0,ff++_real,ff++,youtube/c23/frames/496,real,seen,1.0,0,base
/ai_paas_jf/pangqs/AIGC/safepp_pytorch/data/test/ff++/real/youtube/c23/frames/498/000.png,0,ff++_real,ff++,youtube/c23/frames/498,real,seen,1.0,0,base
/ai_paas_jf/pangqs/AIGC/safepp_pytorch/data/test/ff++/real/youtube/c23/frames/500/215.png,0,ff++_real,ff++,youtube/c23/frames/500,real,seen,1.0,0,base
/ai_paas_jf/pangqs/AIGC/safepp_pytorch/data/test/ff++/real/youtube/c23/frames/501/436.png,0,ff++_real,ff++,youtube/c23/frames/501,real,seen,1.0,0,base
/ai_paas_jf/pangqs/AIGC/safepp_pytorch/data/test/ff++/real/youtube/c23/frames/506/494.png,0,ff++_real,ff++,youtube/c23/frames/506,real,seen,1.0,0,base
/ai_paas_jf/pangqs/AIGC/safepp_pytorch/data/test/ff++/real/youtube/c23/frames/508/504.png,0,ff++_real,ff++,youtube/c23/frames/508,real,seen,1.0,0,base
/ai_paas_jf/pangqs/AIGC/safepp_pytorch/data/test/ff++/real/youtube/c23/frames/513/381.png,0,ff++_real,ff++,youtube/c23/frames/513,real,seen,1.0,0,base
/ai_paas_jf/pangqs/AIGC/safepp_pytorch/data/test/ff++/real/youtube/c23/frames/515/098.png,0,ff++_real,ff++,youtube/c23/frames/515,real,seen,1.0,0,base
/ai_paas_jf/pangqs/AIGC/safepp_pytorch/data/test/ff++/real/youtube/c23/frames/516/011.png,0,ff++_real,ff++,youtube/c23/frames/516,real,seen,1.0,0,base
/ai_paas_jf/pangqs/AIGC/safepp_pytorch/data/test/ff++/real/youtube/c23/frames/522/114.png,0,ff++_real,ff++,youtube/c23/frames/522,real,seen,1.0,0,base
/ai_paas_jf/pangqs/AIGC/safepp_pytorch/data/test/ff++/real/youtube/c23/frames/522/183.png,0,ff++_real,ff++,youtube/c23/frames/522,real,seen,1.0,0,base
/ai_paas_jf/pangqs/AIGC/safepp_pytorch/data/test/ff++/real/youtube/c23/frames/528/109.png,0,ff++_real,ff++,youtube/c23/frames/528,real,seen,1.0,0,base
/ai_paas_jf/pangqs/AIGC/safepp_pytorch/data/test/ff++/real/youtube/c23/frames/532/226.png,0,ff++_real,ff++,youtube/c23/frames/532,real,seen,1.0,0,base
/ai_paas_jf/pangqs/AIGC/safepp_pytorch/data/test/ff++/real/youtube/c23/frames/539/090.png,0,ff++_real,ff++,youtube/c23/frames/539,real,seen,1.0,0,base
/ai_paas_jf/pangqs/AIGC/safepp_pytorch/data/test/ff++/real/youtube/c23/frames/540/246.png,0,ff++_real,ff++,youtube/c23/frames/540,real,seen,1.0,0,base
/ai_paas_jf/pangqs/AIGC/safepp_pytorch/data/test/ff++/real/youtube/c23/frames/541/025.png,0,ff++_real,ff++,youtube/c23/frames/541,real,seen,1.0,0,base
/ai_paas_jf/pangqs/AIGC/safepp_pytorch/data/test/ff++/real/youtube/c23/frames/541/075.png,0,ff++_real,ff++,youtube/c23/frames/541,real,seen,1.0,0,base
/ai_paas_jf/pangqs/AIGC/safepp_pytorch/data/test/ff++/real/youtube/c23/frames/541/150.png,0,ff++_real,ff++,youtube/c23/frames/541,real,seen,1.0,0,base
/ai_paas_jf/pangqs/AIGC/safepp_pytorch/data/test/ff++/real/youtube/c23/frames/542/308.png,0,ff++_real,ff++,youtube/c23/frames/542,real,seen,1.0,0,base
/ai_paas_jf/pangqs/AIGC/safepp_pytorch/data/test/ff++/real/youtube/c23/frames/545/140.png,0,ff++_real,ff++,youtube/c23/frames/545,real,seen,1.0,0,base
/ai_paas_jf/pangqs/AIGC/safepp_pytorch/data/test/ff++/real/youtube/c23/frames/546/069.png,0,ff++_real,ff++,youtube/c23/frames/546,real,seen,1.0,0,base
/ai_paas_jf/pangqs/AIGC/safepp_pytorch/data/test/ff++/real/youtube/c23/frames/559/171.png,0,ff++_real,ff++,youtube/c23/frames/559,real,seen,1.0,0,base
/ai_paas_jf/pangqs/AIGC/safepp_pytorch/data/test/ff++/real/youtube/c23/frames/568/275.png,0,ff++_real,ff++,youtube/c23/frames/568,real,seen,1.0,0,base
/ai_paas_jf/pangqs/AIGC/safepp_pytorch/data/test/ff++/real/youtube/c23/frames/572/078.png,0,ff++_real,ff++,youtube/c23/frames/572,real,seen,1.0,0,base
/ai_paas_jf/pangqs/AIGC/safepp_pytorch/data/test/ff++/real/youtube/c23/frames/572/122.png,0,ff++_real,ff++,youtube/c23/frames/572,real,seen,1.0,0,base
/ai_paas_jf/pangqs/AIGC/safepp_pytorch/data/test/ff++/real/youtube/c23/frames/573/217.png,0,ff++_real,ff++,youtube/c23/frames/573,real,seen,1.0,0,base
/ai_paas_jf/pangqs/AIGC/safepp_pytorch/data/test/ff++/real/youtube/c23/frames/575/197.png,0,ff++_real,ff++,youtube/c23/frames/575,real,seen,1.0,0,base
/ai_paas_jf/pangqs/AIGC/safepp_pytorch/data/test/ff++/real/youtube/c23/frames/578/000.png,0,ff++_real,ff++,youtube/c23/frames/578,real,seen,1.0,0,base
/ai_paas_jf/pangqs/AIGC/safepp_pytorch/data/test/ff++/real/youtube/c23/frames/578/108.png,0,ff++_real,ff++,youtube/c23/frames/578,real,seen,1.0,0,base
/ai_paas_jf/pangqs/AIGC/safepp_pytorch/data/test/ff++/real/youtube/c23/frames/600/124.png,0,ff++_real,ff++,youtube/c23/frames/600,real,seen,1.0,0,base
/ai_paas_jf/pangqs/AIGC/safepp_pytorch/data/test/ff++/real/youtube/c23/frames/605/192.png,0,ff++_real,ff++,youtube/c23/frames/605,real,seen,1.0,0,base
/ai_paas_jf/pangqs/AIGC/safepp_pytorch/data/test/ff++/real/youtube/c23/frames/605/384.png,0,ff++_real,ff++,youtube/c23/frames/605,real,seen,1.0,0,base
/ai_paas_jf/pangqs/AIGC/safepp_pytorch/data/test/ff++/real/youtube/c23/frames/619/098.png,0,ff++_real,ff++,youtube/c23/frames/619,real,seen,1.0,0,base
/ai_paas_jf/pangqs/AIGC/safepp_pytorch/data/test/ff++/real/youtube/c23/frames/620/627.png,0,ff++_real,ff++,youtube/c23/frames/620,real,seen,1.0,0,base
/ai_paas_jf/pangqs/AIGC/safepp_pytorch/data/test/ff++/real/youtube/c23/frames/621/142.png,0,ff++_real,ff++,youtube/c23/frames/621,real,seen,1.0,0,base
/ai_paas_jf/pangqs/AIGC/safepp_pytorch/data/test/ff++/real/youtube/c23/frames/621/285.png,0,ff++_real,ff++,youtube/c23/frames/621,real,seen,1.0,0,base
/ai_paas_jf/pangqs/AIGC/safepp_pytorch/data/test/ff++/real/youtube/c23/frames/642/553.png,0,ff++_real,ff++,youtube/c23/frames/642,real,seen,1.0,0,base
/ai_paas_jf/pangqs/AIGC/safepp_pytorch/data/test/ff++/real/youtube/c23/frames/643/011.png,0,ff++_real,ff++,youtube/c23/frames/643,real,seen,1.0,0,base
/ai_paas_jf/pangqs/AIGC/safepp_pytorch/data/test/ff++/real/youtube/c23/frames/657/052.png,0,ff++_real,ff++,youtube/c23/frames/657,real,seen,1.0,0,base
/ai_paas_jf/pangqs/AIGC/safepp_pytorch/data/test/ff++/real/youtube/c23/frames/658/039.png,0,ff++_real,ff++,youtube/c23/frames/658,real,seen,1.0,0,base
/ai_paas_jf/pangqs/AIGC/safepp_pytorch/data/test/ff++/real/youtube/c23/frames/673/438.png,0,ff++_real,ff++,youtube/c23/frames/673,real,seen,1.0,0,base
/ai_paas_jf/pangqs/AIGC/safepp_pytorch/data/test/ff++/real/youtube/c23/frames/676/298.png,0,ff++_real,ff++,youtube/c23/frames/676,real,seen,1.0,0,base
/ai_paas_jf/pangqs/AIGC/safepp_pytorch/data/test/ff++/real/youtube/c23/frames/677/000.png,0,ff++_real,ff++,youtube/c23/frames/677,real,seen,1.0,0,base
/ai_paas_jf/pangqs/AIGC/safepp_pytorch/data/test/ff++/real/youtube/c23/frames/677/232.png,0,ff++_real,ff++,youtube/c23/frames/677,real,seen,1.0,0,base
/ai_paas_jf/pangqs/AIGC/safepp_pytorch/data/test/ff++/real/youtube/c23/frames/686/088.png,0,ff++_real,ff++,youtube/c23/frames/686,real,seen,1.0,0,base
/ai_paas_jf/pangqs/AIGC/safepp_pytorch/data/test/ff++/real/youtube/c23/frames/686/176.png,0,ff++_real,ff++,youtube/c23/frames/686,real,seen,1.0,0,base
/ai_paas_jf/pangqs/AIGC/safepp_pytorch/data/test/ff++/real/youtube/c23/frames/693/019.png,0,ff++_real,ff++,youtube/c23/frames/693,real,seen,1.0,0,base
/ai_paas_jf/pangqs/AIGC/safepp_pytorch/data/test/ff++/real/youtube/c23/frames/693/172.png,0,ff++_real,ff++,youtube/c23/frames/693,real,seen,1.0,0,base
/ai_paas_jf/pangqs/AIGC/safepp_pytorch/data/test/ff++/real/youtube/c23/frames/696/091.png,0,ff++_real,ff++,youtube/c23/frames/696,real,seen,1.0,0,base
/ai_paas_jf/pangqs/AIGC/safepp_pytorch/data/test/ff++/real/youtube/c23/frames/700/214.png,0,ff++_real,ff++,youtube/c23/frames/700,real,seen,1.0,0,base
/ai_paas_jf/pangqs/AIGC/safepp_pytorch/data/test/ff++/real/youtube/c23/frames/709/038.png,0,ff++_real,ff++,youtube/c23/frames/709,real,seen,1.0,0,base
/ai_paas_jf/pangqs/AIGC/safepp_pytorch/data/test/ff++/real/youtube/c23/frames/710/121.png,0,ff++_real,ff++,youtube/c23/frames/710,real,seen,1.0,0,base
/ai_paas_jf/pangqs/AIGC/safepp_pytorch/data/test/ff++/real/youtube/c23/frames/711/056.png,0,ff++_real,ff++,youtube/c23/frames/711,real,seen,1.0,0,base
/ai_paas_jf/pangqs/AIGC/safepp_pytorch/data/test/ff++/real/youtube/c23/frames/716/627.png,0,ff++_real,ff++,youtube/c23/frames/716,real,seen,1.0,0,base
/ai_paas_jf/pangqs/AIGC/safepp_pytorch/data/test/ff++/real/youtube/c23/frames/719/194.png,0,ff++_real,ff++,youtube/c23/frames/719,real,seen,1.0,0,base
/ai_paas_jf/pangqs/AIGC/safepp_pytorch/data/test/ff++/real/youtube/c23/frames/722/025.png,0,ff++_real,ff++,youtube/c23/frames/722,real,seen,1.0,0,base
/ai_paas_jf/pangqs/AIGC/safepp_pytorch/data/test/ff++/real/youtube/c23/frames/722/114.png,0,ff++_real,ff++,youtube/c23/frames/722,real,seen,1.0,0,base
/ai_paas_jf/pangqs/AIGC/safepp_pytorch/data/test/ff++/real/youtube/c23/frames/740/246.png,0,ff++_real,ff++,youtube/c23/frames/740,real,seen,1.0,0,base
/ai_paas_jf/pangqs/AIGC/safepp_pytorch/data/test/ff++/real/youtube/c23/frames/743/230.png,0,ff++_real,ff++,youtube/c23/frames/743,real,seen,1.0,0,base
/ai_paas_jf/pangqs/AIGC/safepp_pytorch/data/test/ff++/real/youtube/c23/frames/750/000.png,0,ff++_real,ff++,youtube/c23/frames/750,real,seen,1.0,0,base
/ai_paas_jf/pangqs/AIGC/safepp_pytorch/data/test/ff++/real/youtube/c23/frames/752/360.png,0,ff++_real,ff++,youtube/c23/frames/752,real,seen,1.0,0,base
/ai_paas_jf/pangqs/AIGC/safepp_pytorch/data/test/ff++/real/youtube/c23/frames/754/167.png,0,ff++_real,ff++,youtube/c23/frames/754,real,seen,1.0,0,base
/ai_paas_jf/pangqs/AIGC/safepp_pytorch/data/test/ff++/real/youtube/c23/frames/769/202.png,0,ff++_real,ff++,youtube/c23/frames/769,real,seen,1.0,0,base
/ai_paas_jf/pangqs/AIGC/safepp_pytorch/data/test/ff++/real/youtube/c23/frames/769/264.png,0,ff++_real,ff++,youtube/c23/frames/769,real,seen,1.0,0,base
/ai_paas_jf/pangqs/AIGC/safepp_pytorch/data/test/ff++/real/youtube/c23/frames/772/010.png,0,ff++_real,ff++,youtube/c23/frames/772,real,seen,1.0,0,base
/ai_paas_jf/pangqs/AIGC/safepp_pytorch/data/test/ff++/real/youtube/c23/frames/774/100.png,0,ff++_real,ff++,youtube/c23/frames/774,real,seen,1.0,0,base
/ai_paas_jf/pangqs/AIGC/safepp_pytorch/data/test/ff++/real/youtube/c23/frames/776/117.png,0,ff++_real,ff++,youtube/c23/frames/776,real,seen,1.0,0,base
/ai_paas_jf/pangqs/AIGC/safepp_pytorch/data/test/ff++/real/youtube/c23/frames/778/116.png,0,ff++_real,ff++,youtube/c23/frames/778,real,seen,1.0,0,base
/ai_paas_jf/pangqs/AIGC/safepp_pytorch/data/test/ff++/real/youtube/c23/frames/786/234.png,0,ff++_real,ff++,youtube/c23/frames/786,real,seen,1.0,0,base
/ai_paas_jf/pangqs/AIGC/safepp_pytorch/data/test/ff++/real/youtube/c23/frames/787/258.png,0,ff++_real,ff++,youtube/c23/frames/787,real,seen,1.0,0,base
/ai_paas_jf/pangqs/AIGC/safepp_pytorch/data/test/ff++/real/youtube/c23/frames/788/412.png,0,ff++_real,ff++,youtube/c23/frames/788,real,seen,1.0,0,base
/ai_paas_jf/pangqs/AIGC/safepp_pytorch/data/test/ff++/real/youtube/c23/frames/789/164.png,0,ff++_real,ff++,youtube/c23/frames/789,real,seen,1.0,0,base
/ai_paas_jf/pangqs/AIGC/safepp_pytorch/data/test/ff++/real/youtube/c23/frames/796/677.png,0,ff++_real,ff++,youtube/c23/frames/796,real,seen,1.0,0,base
/ai_paas_jf/pangqs/AIGC/safepp_pytorch/data/test/ff++/real/youtube/c23/frames/797/097.png,0,ff++_real,ff++,youtube/c23/frames/797,real,seen,1.0,0,base
/ai_paas_jf/pangqs/AIGC/safepp_pytorch/data/test/ff++/real/youtube/c23/frames/799/316.png,0,ff++_real,ff++,youtube/c23/frames/799,real,seen,1.0,0,base
/ai_paas_jf/pangqs/AIGC/safepp_pytorch/data/test/ff++/real/youtube/c23/frames/800/315.png,0,ff++_real,ff++,youtube/c23/frames/800,real,seen,1.0,0,base
/ai_paas_jf/pangqs/AIGC/safepp_pytorch/data/test/ff++/real/youtube/c23/frames/808/061.png,0,ff++_real,ff++,youtube/c23/frames/808,real,seen,1.0,0,base
/ai_paas_jf/pangqs/AIGC/safepp_pytorch/data/test/ff++/real/youtube/c23/frames/814/123.png,0,ff++_real,ff++,youtube/c23/frames/814,real,seen,1.0,0,base
/ai_paas_jf/pangqs/AIGC/safepp_pytorch/data/test/ff++/real/youtube/c23/frames/819/537.png,0,ff++_real,ff++,youtube/c23/frames/819,real,seen,1.0,0,base
/ai_paas_jf/pangqs/AIGC/safepp_pytorch/data/test/ff++/real/youtube/c23/frames/819/926.png,0,ff++_real,ff++,youtube/c23/frames/819,real,seen,1.0,0,base
/ai_paas_jf/pangqs/AIGC/safepp_pytorch/data/test/ff++/real/youtube/c23/frames/822/296.png,0,ff++_real,ff++,youtube/c23/frames/822,real,seen,1.0,0,base
/ai_paas_jf/pangqs/AIGC/safepp_pytorch/data/test/ff++/real/youtube/c23/frames/825/176.png,0,ff++_real,ff++,youtube/c23/frames/825,real,seen,1.0,0,base
/ai_paas_jf/pangqs/AIGC/safepp_pytorch/data/test/ff++/real/youtube/c23/frames/828/112.png,0,ff++_real,ff++,youtube/c23/frames/828,real,seen,1.0,0,base
/ai_paas_jf/pangqs/AIGC/safepp_pytorch/data/test/ff++/real/youtube/c23/frames/828/256.png,0,ff++_real,ff++,youtube/c23/frames/828,real,seen,1.0,0,base
/ai_paas_jf/pangqs/AIGC/safepp_pytorch/data/test/ff++/real/youtube/c23/frames/830/065.png,0,ff++_real,ff++,youtube/c23/frames/830,real,seen,1.0,0,base
/ai_paas_jf/pangqs/AIGC/safepp_pytorch/data/test/ff++/real/youtube/c23/frames/835/329.png,0,ff++_real,ff++,youtube/c23/frames/835,real,seen,1.0,0,base
/ai_paas_jf/pangqs/AIGC/safepp_pytorch/data/test/ff++/real/youtube/c23/frames/836/099.png,0,ff++_real,ff++,youtube/c23/frames/836,real,seen,1.0,0,base
/ai_paas_jf/pangqs/AIGC/safepp_pytorch/data/test/ff++/real/youtube/c23/frames/840/514.png,0,ff++_real,ff++,youtube/c23/frames/840,real,seen,1.0,0,base
/ai_paas_jf/pangqs/AIGC/safepp_pytorch/data/test/ff++/real/youtube/c23/frames/841/451.png,0,ff++_real,ff++,youtube/c23/frames/841,real,seen,1.0,0,base
/ai_paas_jf/pangqs/AIGC/safepp_pytorch/data/test/ff++/real/youtube/c23/frames/843/081.png,0,ff++_real,ff++,youtube/c23/frames/843,real,seen,1.0,0,base
/ai_paas_jf/pangqs/AIGC/safepp_pytorch/data/test/ff++/real/youtube/c23/frames/844/247.png,0,ff++_real,ff++,youtube/c23/frames/844,real,seen,1.0,0,base
/ai_paas_jf/pangqs/AIGC/safepp_pytorch/data/test/ff++/real/youtube/c23/frames/844/384.png,0,ff++_real,ff++,youtube/c23/frames/844,real,seen,1.0,0,base
/ai_paas_jf/pangqs/AIGC/safepp_pytorch/data/test/ff++/real/youtube/c23/frames/850/078.png,0,ff++_real,ff++,youtube/c23/frames/850,real,seen,1.0,0,base
/ai_paas_jf/pangqs/AIGC/safepp_pytorch/data/test/ff++/real/youtube/c23/frames/854/141.png,0,ff++_real,ff++,youtube/c23/frames/854,real,seen,1.0,0,base
/ai_paas_jf/pangqs/AIGC/safepp_pytorch/data/test/ff++/real/youtube/c23/frames/858/015.png,0,ff++_real,ff++,youtube/c23/frames/858,real,seen,1.0,0,base
/ai_paas_jf/pangqs/AIGC/safepp_pytorch/data/test/ff++/real/youtube/c23/frames/858/124.png,0,ff++_real,ff++,youtube/c23/frames/858,real,seen,1.0,0,base
/ai_paas_jf/pangqs/AIGC/safepp_pytorch/data/test/ff++/real/youtube/c23/frames/858/155.png,0,ff++_real,ff++,youtube/c23/frames/858,real,seen,1.0,0,base
/ai_paas_jf/pangqs/AIGC/safepp_pytorch/data/test/ff++/real/youtube/c23/frames/858/202.png,0,ff++_real,ff++,youtube/c23/frames/858,real,seen,1.0,0,base
/ai_paas_jf/pangqs/AIGC/safepp_pytorch/data/test/ff++/real/youtube/c23/frames/866/360.png,0,ff++_real,ff++,youtube/c23/frames/866,real,seen,1.0,0,base
/ai_paas_jf/pangqs/AIGC/safepp_pytorch/data/test/ff++/real/youtube/c23/frames/871/011.png,0,ff++_real,ff++,youtube/c23/frames/871,real,seen,1.0,0,base
/ai_paas_jf/pangqs/AIGC/safepp_pytorch/data/test/ff++/real/youtube/c23/frames/878/118.png,0,ff++_real,ff++,youtube/c23/frames/878,real,seen,1.0,0,base
/ai_paas_jf/pangqs/AIGC/safepp_pytorch/data/test/ff++/real/youtube/c23/frames/879/540.png,0,ff++_real,ff++,youtube/c23/frames/879,real,seen,1.0,0,base
/ai_paas_jf/pangqs/AIGC/safepp_pytorch/data/test/ff++/real/youtube/c23/frames/882/053.png,0,ff++_real,ff++,youtube/c23/frames/882,real,seen,1.0,0,base
/ai_paas_jf/pangqs/AIGC/safepp_pytorch/data/test/ff++/real/youtube/c23/frames/887/218.png,0,ff++_real,ff++,youtube/c23/frames/887,real,seen,1.0,0,base
/ai_paas_jf/pangqs/AIGC/safepp_pytorch/data/test/ff++/real/youtube/c23/frames/888/167.png,0,ff++_real,ff++,youtube/c23/frames/888,real,seen,1.0,0,base
/ai_paas_jf/pangqs/AIGC/safepp_pytorch/data/test/ff++/real/youtube/c23/frames/891/228.png,0,ff++_real,ff++,youtube/c23/frames/891,real,seen,1.0,0,base
/ai_paas_jf/pangqs/AIGC/safepp_pytorch/data/test/ff++/real/youtube/c23/frames/892/310.png,0,ff++_real,ff++,youtube/c23/frames/892,real,seen,1.0,0,base
/ai_paas_jf/pangqs/AIGC/safepp_pytorch/data/test/ff++/real/youtube/c23/frames/893/155.png,0,ff++_real,ff++,youtube/c23/frames/893,real,seen,1.0,0,base
/ai_paas_jf/pangqs/AIGC/safepp_pytorch/data/test/ff++/real/youtube/c23/frames/894/221.png,0,ff++_real,ff++,youtube/c23/frames/894,real,seen,1.0,0,base
/ai_paas_jf/pangqs/AIGC/safepp_pytorch/data/test/ff++/real/youtube/c23/frames/899/162.png,0,ff++_real,ff++,youtube/c23/frames/899,real,seen,1.0,0,base
/ai_paas_jf/pangqs/AIGC/safepp_pytorch/data/test/ff++/real/youtube/c23/frames/903/511.png,0,ff++_real,ff++,youtube/c23/frames/903,real,seen,1.0,0,base
/ai_paas_jf/pangqs/AIGC/safepp_pytorch/data/test/ff++/real/youtube/c23/frames/905/368.png,0,ff++_real,ff++,youtube/c23/frames/905,real,seen,1.0,0,base
/ai_paas_jf/pangqs/AIGC/safepp_pytorch/data/test/ff++/real/youtube/c23/frames/918/379.png,0,ff++_real,ff++,youtube/c23/frames/918,real,seen,1.0,0,base
/ai_paas_jf/pangqs/AIGC/safepp_pytorch/data/test/ff++/real/youtube/c23/frames/931/123.png,0,ff++_real,ff++,youtube/c23/frames/931,real,seen,1.0,0,base
/ai_paas_jf/pangqs/AIGC/safepp_pytorch/data/test/ff++/real/youtube/c23/frames/934/109.png,0,ff++_real,ff++,youtube/c23/frames/934,real,seen,1.0,0,base
/ai_paas_jf/pangqs/AIGC/safepp_pytorch/data/test/ff++/real/youtube/c23/frames/937/117.png,0,ff++_real,ff++,youtube/c23/frames/937,real,seen,1.0,0,base
/ai_paas_jf/pangqs/AIGC/safepp_pytorch/data/test/ff++/real/youtube/c23/frames/943/287.png,0,ff++_real,ff++,youtube/c23/frames/943,real,seen,1.0,0,base
/ai_paas_jf/pangqs/AIGC/safepp_pytorch/data/test/ff++/real/youtube/c23/frames/986/426.png,0,ff++_real,ff++,youtube/c23/frames/986,real,seen,1.0,0,base
/ai_paas_jf/pangqs/AIGC/safepp_pytorch/data/test/ff++/real/youtube/c23/frames/987/185.png,0,ff++_real,ff++,youtube/c23/frames/987,real,seen,1.0,0,base
/ai_paas_jf/pangqs/AIGC/safepp_pytorch/data/test/ff++/real/youtube/c23/frames/988/336.png,0,ff++_real,ff++,youtube/c23/frames/988,real,seen,1.0,0,base
/ai_paas_jf/pangqs/AIGC/safepp_pytorch/data/test/ff++/real/youtube/c23/frames/993/184.png,0,ff++_real,ff++,youtube/c23/frames/993,real,seen,1.0,0,base
/ai_paas_jf/pangqs/AIGC/safepp_pytorch/data/test/ff++/real/youtube/c23/frames/993/210.png,0,ff++_real,ff++,youtube/c23/frames/993,real,seen,1.0,0,base
/ai_paas_jf/pangqs/AIGC/safepp_pytorch/data/test/ff++/real/youtube/c23/frames/996/170.png,0,ff++_real,ff++,youtube/c23/frames/996,real,seen,1.0,0,base
/ai_paas_jf/pangqs/AIGC/safepp_pytorch/data/test/ff++/real/youtube/c23/frames/998/254.png,0,ff++_real,ff++,youtube/c23/frames/998,real,seen,1.0,0,base
/ai_paas_jf/pangqs/AIGC/safepp_pytorch/data/test/ff++/fake/Deepfakes/c23/frames/002_006/491.png,1,ff++_Deepfakes,ff++,Deepfakes/c23/frames/002_006,Deepfakes,seen,1.0,0,base
/ai_paas_jf/pangqs/AIGC/safepp_pytorch/data/test/ff++/fake/Deepfakes/c23/frames/008_990/533.png,1,ff++_Deepfakes,ff++,Deepfakes/c23/frames/008_990,Deepfakes,seen,1.0,0,base
/ai_paas_jf/pangqs/AIGC/safepp_pytorch/data/test/ff++/fake/Deepfakes/c23/frames/021_312/332.png,1,ff++_Deepfakes,ff++,Deepfakes/c23/frames/021_312,Deepfakes,seen,1.0,0,base
/ai_paas_jf/pangqs/AIGC/safepp_pytorch/data/test/ff++/fake/Deepfakes/c23/frames/033_097/417.png,1,ff++_Deepfakes,ff++,Deepfakes/c23/frames/033_097,Deepfakes,seen,1.0,0,base
/ai_paas_jf/pangqs/AIGC/safepp_pytorch/data/test/ff++/fake/Deepfakes/c23/frames/034_590/248.png,1,ff++_Deepfakes,ff++,Deepfakes/c23/frames/034_590,Deepfakes,seen,1.0,0,base
/ai_paas_jf/pangqs/AIGC/safepp_pytorch/data/test/ff++/fake/Deepfakes/c23/frames/038_125/127.png,1,ff++_Deepfakes,ff++,Deepfakes/c23/frames/038_125,Deepfakes,seen,1.0,0,base
/ai_paas_jf/pangqs/AIGC/safepp_pytorch/data/test/ff++/fake/Deepfakes/c23/frames/049_946/289.png,1,ff++_Deepfakes,ff++,Deepfakes/c23/frames/049_946,Deepfakes,seen,1.0,0,base
/ai_paas_jf/pangqs/AIGC/safepp_pytorch/data/test/ff++/fake/Deepfakes/c23/frames/050_059/051.png,1,ff++_Deepfakes,ff++,Deepfakes/c23/frames/050_059,Deepfakes,seen,1.0,0,base
/ai_paas_jf/pangqs/AIGC/safepp_pytorch/data/test/ff++/fake/Deepfakes/c23/frames/051_332/508.png,1,ff++_Deepfakes,ff++,Deepfakes/c23/frames/051_332,Deepfakes,seen,1.0,0,base
/ai_paas_jf/pangqs/AIGC/safepp_pytorch/data/test/ff++/fake/Deepfakes/c23/frames/051_332/554.png,1,ff++_Deepfakes,ff++,Deepfakes/c23/frames/051_332,Deepfakes,seen,1.0,0,base
/ai_paas_jf/pangqs/AIGC/safepp_pytorch/data/test/ff++/fake/Deepfakes/c23/frames/055_147/126.png,1,ff++_Deepfakes,ff++,Deepfakes/c23/frames/055_147,Deepfakes,seen,1.0,0,base
/ai_paas_jf/pangqs/AIGC/safepp_pytorch/data/test/ff++/fake/Deepfakes/c23/frames/089_065/072.png,1,ff++_Deepfakes,ff++,Deepfakes/c23/frames/089_065,Deepfakes,seen,1.0,0,base
/ai_paas_jf/pangqs/AIGC/safepp_pytorch/data/test/ff++/fake/Deepfakes/c23/frames/089_065/580.png,1,ff++_Deepfakes,ff++,Deepfakes/c23/frames/089_065,Deepfakes,seen,1.0,0,base
/ai_paas_jf/pangqs/AIGC/safepp_pytorch/data/test/ff++/fake/Deepfakes/c23/frames/092_098/459.png,1,ff++_Deepfakes,ff++,Deepfakes/c23/frames/092_098,Deepfakes,seen,1.0,0,base
/ai_paas_jf/pangqs/AIGC/safepp_pytorch/data/test/ff++/fake/Deepfakes/c23/frames/097_033/246.png,1,ff++_Deepfakes,ff++,Deepfakes/c23/frames/097_033,Deepfakes,seen,1.0,0,base
/ai_paas_jf/pangqs/AIGC/safepp_pytorch/data/test/ff++/fake/Deepfakes/c23/frames/100_077/013.png,1,ff++_Deepfakes,ff++,Deepfakes/c23/frames/100_077,Deepfakes,seen,1.0,0,base
/ai_paas_jf/pangqs/AIGC/safepp_pytorch/data/test/ff++/fake/Deepfakes/c23/frames/105_180/279.png,1,ff++_Deepfakes,ff++,Deepfakes/c23/frames/105_180,Deepfakes,seen,1.0,0,base
/ai_paas_jf/pangqs/AIGC/safepp_pytorch/data/test/ff++/fake/Deepfakes/c23/frames/107_109/304.png,1,ff++_Deepfakes,ff++,Deepfakes/c23/frames/107_109,Deepfakes,seen,1.0,0,base
/ai_paas_jf/pangqs/AIGC/safepp_pytorch/data/test/ff++/fake/Deepfakes/c23/frames/113_983/027.png,1,ff++_Deepfakes,ff++,Deepfakes/c23/frames/113_983,Deepfakes,seen,1.0,0,base
/ai_paas_jf/pangqs/AIGC/safepp_pytorch/data/test/ff++/fake/Deepfakes/c23/frames/120_118/013.png,1,ff++_Deepfakes,ff++,Deepfakes/c23/frames/120_118,Deepfakes,seen,1.0,0,base
/ai_paas_jf/pangqs/AIGC/safepp_pytorch/data/test/ff++/fake/Deepfakes/c23/frames/122_144/218.png,1,ff++_Deepfakes,ff++,Deepfakes/c23/frames/122_144,Deepfakes,seen,1.0,0,base
/ai_paas_jf/pangqs/AIGC/safepp_pytorch/data/test/ff++/fake/Deepfakes/c23/frames/123_119/066.png,1,ff++_Deepfakes,ff++,Deepfakes/c23/frames/123_119,Deepfakes,seen,1.0,0,base
/ai_paas_jf/pangqs/AIGC/safepp_pytorch/data/test/ff++/fake/Deepfakes/c23/frames/137_165/000.png,1,ff++_Deepfakes,ff++,Deepfakes/c23/frames/137_165,Deepfakes,seen,1.0,0,base
/ai_paas_jf/pangqs/AIGC/safepp_pytorch/data/test/ff++/fake/Deepfakes/c23/frames/137_165/429.png,1,ff++_Deepfakes,ff++,Deepfakes/c23/frames/137_165,Deepfakes,seen,1.0,0,base
/ai_paas_jf/pangqs/AIGC/safepp_pytorch/data/test/ff++/fake/Deepfakes/c23/frames/137_165/585.png,1,ff++_Deepfakes,ff++,Deepfakes/c23/frames/137_165,Deepfakes,seen,1.0,0,base
/ai_paas_jf/pangqs/AIGC/safepp_pytorch/data/test/ff++/fake/Deepfakes/c23/frames/152_149/090.png,1,ff++_Deepfakes,ff++,Deepfakes/c23/frames/152_149,Deepfakes,seen,1.0,0,base
/ai_paas_jf/pangqs/AIGC/safepp_pytorch/data/test/ff++/fake/Deepfakes/c23/frames/156_243/300.png,1,ff++_Deepfakes,ff++,Deepfakes/c23/frames/156_243,Deepfakes,seen,1.0,0,base
/ai_paas_jf/pangqs/AIGC/safepp_pytorch/data/test/ff++/fake/Deepfakes/c23/frames/163_031/166.png,1,ff++_Deepfakes,ff++,Deepfakes/c23/frames/163_031,Deepfakes,seen,1.0,0,base
/ai_paas_jf/pangqs/AIGC/safepp_pytorch/data/test/ff++/fake/Deepfakes/c23/frames/171_173/052.png,1,ff++_Deepfakes,ff++,Deepfakes/c23/frames/171_173,Deepfakes,seen,1.0,0,base
/ai_paas_jf/pangqs/AIGC/safepp_pytorch/data/test/ff++/fake/Deepfakes/c23/frames/172_582/411.png,1,ff++_Deepfakes,ff++,Deepfakes/c23/frames/172_582,Deepfakes,seen,1.0,0,base
/ai_paas_jf/pangqs/AIGC/safepp_pytorch/data/test/ff++/fake/Deepfakes/c23/frames/174_964/039.png,1,ff++_Deepfakes,ff++,Deepfakes/c23/frames/174_964,Deepfakes,seen,1.0,0,base
/ai_paas_jf/pangqs/AIGC/safepp_pytorch/data/test/ff++/fake/Deepfakes/c23/frames/179_212/365.png,1,ff++_Deepfakes,ff++,Deepfakes/c23/frames/179_212,Deepfakes,seen,1.0,0,base
/ai_paas_jf/pangqs/AIGC/safepp_pytorch/data/test/ff++/fake/Deepfakes/c23/frames/187_234/222.png,1,ff++_Deepfakes,ff++,Deepfakes/c23/frames/187_234,Deepfakes,seen,1.0,0,base
/ai_paas_jf/pangqs/AIGC/safepp_pytorch/data/test/ff++/fake/Deepfakes/c23/frames/188_191/039.png,1,ff++_Deepfakes,ff++,Deepfakes/c23/frames/188_191,Deepfakes,seen,1.0,0,base
/ai_paas_jf/pangqs/AIGC/safepp_pytorch/data/test/ff++/fake/Deepfakes/c23/frames/204_230/298.png,1,ff++_Deepfakes,ff++,Deepfakes/c23/frames/204_230,Deepfakes,seen,1.0,0,base
/ai_paas_jf/pangqs/AIGC/safepp_pytorch/data/test/ff++/fake/Deepfakes/c23/frames/210_241/027.png,1,ff++_Deepfakes,ff++,Deepfakes/c23/frames/210_241,Deepfakes,seen,1.0,0,base
/ai_paas_jf/pangqs/AIGC/safepp_pytorch/data/test/ff++/fake/Deepfakes/c23/frames/210_241/189.png,1,ff++_Deepfakes,ff++,Deepfakes/c23/frames/210_241,Deepfakes,seen,1.0,0,base
/ai_paas_jf/pangqs/AIGC/safepp_pytorch/data/test/ff++/fake/Deepfakes/c23/frames/210_241/648.png,1,ff++_Deepfakes,ff++,Deepfakes/c23/frames/210_241,Deepfakes,seen,1.0,0,base
/ai_paas_jf/pangqs/AIGC/safepp_pytorch/data/test/ff++/fake/Deepfakes/c23/frames/213_083/121.png,1,ff++_Deepfakes,ff++,Deepfakes/c23/frames/213_083,Deepfakes,seen,1.0,0,base
/ai_paas_jf/pangqs/AIGC/safepp_pytorch/data/test/ff++/fake/Deepfakes/c23/frames/216_164/383.png,1,ff++_Deepfakes,ff++,Deepfakes/c23/frames/216_164,Deepfakes,seen,1.0,0,base
/ai_paas_jf/pangqs/AIGC/safepp_pytorch/data/test/ff++/fake/Deepfakes/c23/frames/222_168/248.png,1,ff++_Deepfakes,ff++,Deepfakes/c23/frames/222_168,Deepfakes,seen,1.0,0,base
/ai_paas_jf/pangqs/AIGC/safepp_pytorch/data/test/ff++/fake/Deepfakes/c23/frames/224_197/392.png,1,ff++_Deepfakes,ff++,Deepfakes/c23/frames/224_197,Deepfakes,seen,1.0,0,base
/ai_paas_jf/pangqs/AIGC/safepp_pytorch/data/test/ff++/fake/Deepfakes/c23/frames/225_151/117.png,1,ff++_Deepfakes,ff++,Deepfakes/c23/frames/225_151,Deepfakes,seen,1.0,0,base
/ai_paas_jf/pangqs/AIGC/safepp_pytorch/data/test/ff++/fake/Deepfakes/c23/frames/226_491/253.png,1,ff++_Deepfakes,ff++,Deepfakes/c23/frames/226_491,Deepfakes,seen,1.0,0,base
/ai_paas_jf/pangqs/AIGC/safepp_pytorch/data/test/ff++/fake/Deepfakes/c23/frames/231_663/202.png,1,ff++_Deepfakes,ff++,Deepfakes/c23/frames/231_663,Deepfakes,seen,1.0,0,base
/ai_paas_jf/pangqs/AIGC/safepp_pytorch/data/test/ff++/fake/Deepfakes/c23/frames/236_237/083.png,1,ff++_Deepfakes,ff++,Deepfakes/c23/frames/236_237,Deepfakes,seen,1.0,0,base
/ai_paas_jf/pangqs/AIGC/safepp_pytorch/data/test/ff++/fake/Deepfakes/c23/frames/238_282/180.png,1,ff++_Deepfakes,ff++,Deepfakes/c23/frames/238_282,Deepfakes,seen,1.0,0,base
/ai_paas_jf/pangqs/AIGC/safepp_pytorch/data/test/ff++/fake/Deepfakes/c23/frames/240_290/000.png,1,ff++_Deepfakes,ff++,Deepfakes/c23/frames/240_290,Deepfakes,seen,1.0,0,base
/ai_paas_jf/pangqs/AIGC/safepp_pytorch/data/test/ff++/fake/Deepfakes/c23/frames/240_290/082.png,1,ff++_Deepfakes,ff++,Deepfakes/c23/frames/240_290,Deepfakes,seen,1.0,0,base
/ai_paas_jf/pangqs/AIGC/safepp_pytorch/data/test/ff++/fake/Deepfakes/c23/frames/241_210/140.png,1,ff++_Deepfakes,ff++,Deepfakes/c23/frames/241_210,Deepfakes,seen,1.0,0,base
/ai_paas_jf/pangqs/AIGC/safepp_pytorch/data/test/ff++/fake/Deepfakes/c23/frames/244_822/412.png,1,ff++_Deepfakes,ff++,Deepfakes/c23/frames/244_822,Deepfakes,seen,1.0,0,base
/ai_paas_jf/pangqs/AIGC/safepp_pytorch/data/test/ff++/fake/Deepfakes/c23/frames/248_232/079.png,1,ff++_Deepfakes,ff++,Deepfakes/c23/frames/248_232,Deepfakes,seen,1.0,0,base
/ai_paas_jf/pangqs/AIGC/safepp_pytorch/data/test/ff++/fake/Deepfakes/c23/frames/252_266/184.png,1,ff++_Deepfakes,ff++,Deepfakes/c23/frames/252_266,Deepfakes,seen,1.0,0,base
/ai_paas_jf/pangqs/AIGC/safepp_pytorch/data/test/ff++/fake/Deepfakes/c23/frames/258_246/176.png,1,ff++_Deepfakes,ff++,Deepfakes/c23/frames/258_246,Deepfakes,seen,1.0,0,base
/ai_paas_jf/pangqs/AIGC/safepp_pytorch/data/test/ff++/fake/Deepfakes/c23/frames/260_331/165.png,1,ff++_Deepfakes,ff++,Deepfakes/c23/frames/260_331,Deepfakes,seen,1.0,0,base
/ai_paas_jf/pangqs/AIGC/safepp_pytorch/data/test/ff++/fake/Deepfakes/c23/frames/264_271/043.png,1,ff++_Deepfakes,ff++,Deepfakes/c23/frames/264_271,Deepfakes,seen,1.0,0,base
/ai_paas_jf/pangqs/AIGC/safepp_pytorch/data/test/ff++/fake/Deepfakes/c23/frames/265_475/533.png,1,ff++_Deepfakes,ff++,Deepfakes/c23/frames/265_475,Deepfakes,seen,1.0,0,base
/ai_paas_jf/pangqs/AIGC/safepp_pytorch/data/test/ff++/fake/Deepfakes/c23/frames/268_269/1275.png,1,ff++_Deepfakes,ff++,Deepfakes/c23/frames/268_269,Deepfakes,seen,1.0,0,base
/ai_paas_jf/pangqs/AIGC/safepp_pytorch/data/test/ff++/fake/Deepfakes/c23/frames/268_269/566.png,1,ff++_Deepfakes,ff++,Deepfakes/c23/frames/268_269,Deepfakes,seen,1.0,0,base
/ai_paas_jf/pangqs/AIGC/safepp_pytorch/data/test/ff++/fake/Deepfakes/c23/frames/275_887/341.png,1,ff++_Deepfakes,ff++,Deepfakes/c23/frames/275_887,Deepfakes,seen,1.0,0,base
/ai_paas_jf/pangqs/AIGC/safepp_pytorch/data/test/ff++/fake/Deepfakes/c23/frames/279_298/408.png,1,ff++_Deepfakes,ff++,Deepfakes/c23/frames/279_298,Deepfakes,seen,1.0,0,base
/ai_paas_jf/pangqs/AIGC/safepp_pytorch/data/test/ff++/fake/Deepfakes/c23/frames/283_313/373.png,1,ff++_Deepfakes,ff++,Deepfakes/c23/frames/283_313,Deepfakes,seen,1.0,0,base
/ai_paas_jf/pangqs/AIGC/safepp_pytorch/data/test/ff++/fake/Deepfakes/c23/frames/285_136/382.png,1,ff++_Deepfakes,ff++,Deepfakes/c23/frames/285_136,Deepfakes,seen,1.0,0,base
/ai_paas_jf/pangqs/AIGC/safepp_pytorch/data/test/ff++/fake/Deepfakes/c23/frames/289_228/019.png,1,ff++_Deepfakes,ff++,Deepfakes/c23/frames/289_228,Deepfakes,seen,1.0,0,base
/ai_paas_jf/pangqs/AIGC/safepp_pytorch/data/test/ff++/fake/Deepfakes/c23/frames/290_240/176.png,1,ff++_Deepfakes,ff++,Deepfakes/c23/frames/290_240,Deepfakes,seen,1.0,0,base
/ai_paas_jf/pangqs/AIGC/safepp_pytorch/data/test/ff++/fake/Deepfakes/c23/frames/291_874/265.png,1,ff++_Deepfakes,ff++,Deepfakes/c23/frames/291_874,Deepfakes,seen,1.0,0,base
/ai_paas_jf/pangqs/AIGC/safepp_pytorch/data/test/ff++/fake/Deepfakes/c23/frames/295_099/383.png,1,ff++_Deepfakes,ff++,Deepfakes/c23/frames/295_099,Deepfakes,seen,1.0,0,base
/ai_paas_jf/pangqs/AIGC/safepp_pytorch/data/test/ff++/fake/Deepfakes/c23/frames/296_293/248.png,1,ff++_Deepfakes,ff++,Deepfakes/c23/frames/296_293,Deepfakes,seen,1.0,0,base
/ai_paas_jf/pangqs/AIGC/safepp_pytorch/data/test/ff++/fake/Deepfakes/c23/frames/301_262/393.png,1,ff++_Deepfakes,ff++,Deepfakes/c23/frames/301_262,Deepfakes,seen,1.0,0,base
/ai_paas_jf/pangqs/AIGC/safepp_pytorch/data/test/ff++/fake/Deepfakes/c23/frames/301_262/491.png,1,ff++_Deepfakes,ff++,Deepfakes/c23/frames/301_262,Deepfakes,seen,1.0,0,base
/ai_paas_jf/pangqs/AIGC/safepp_pytorch/data/test/ff++/fake/Deepfakes/c23/frames/302_323/733.png,1,ff++_Deepfakes,ff++,Deepfakes/c23/frames/302_323,Deepfakes,seen,1.0,0,base
/ai_paas_jf/pangqs/AIGC/safepp_pytorch/data/test/ff++/fake/Deepfakes/c23/frames/307_365/267.png,1,ff++_Deepfakes,ff++,Deepfakes/c23/frames/307_365,Deepfakes,seen,1.0,0,base
/ai_paas_jf/pangqs/AIGC/safepp_pytorch/data/test/ff++/fake/Deepfakes/c23/frames/307_365/352.png,1,ff++_Deepfakes,ff++,Deepfakes/c23/frames/307_365,Deepfakes,seen,1.0,0,base
/ai_paas_jf/pangqs/AIGC/safepp_pytorch/data/test/ff++/fake/Deepfakes/c23/frames/311_387/106.png,1,ff++_Deepfakes,ff++,Deepfakes/c23/frames/311_387,Deepfakes,seen,1.0,0,base
/ai_paas_jf/pangqs/AIGC/safepp_pytorch/data/test/ff++/fake/Deepfakes/c23/frames/312_021/330.png,1,ff++_Deepfakes,ff++,Deepfakes/c23/frames/312_021,Deepfakes,seen,1.0,0,base
/ai_paas_jf/pangqs/AIGC/safepp_pytorch/data/test/ff++/fake/Deepfakes/c23/frames/313_283/000.png,1,ff++_Deepfakes,ff++,Deepfakes/c23/frames/313_283,Deepfakes,seen,1.0,0,base
/ai_paas_jf/pangqs/AIGC/safepp_pytorch/data/test/ff++/fake/Deepfakes/c23/frames/318_334/275.png,1,ff++_Deepfakes,ff++,Deepfakes/c23/frames/318_334,Deepfakes,seen,1.0,0,base
/ai_paas_jf/pangqs/AIGC/safepp_pytorch/data/test/ff++/fake/Deepfakes/c23/frames/324_356/241.png,1,ff++_Deepfakes,ff++,Deepfakes/c23/frames/324_356,Deepfakes,seen,1.0,0,base
/ai_paas_jf/pangqs/AIGC/safepp_pytorch/data/test/ff++/fake/Deepfakes/c23/frames/324_356/805.png,1,ff++_Deepfakes,ff++,Deepfakes/c23/frames/324_356,Deepfakes,seen,1.0,0,base
/ai_paas_jf/pangqs/AIGC/safepp_pytorch/data/test/ff++/fake/Deepfakes/c23/frames/327_329/015.png,1,ff++_Deepfakes,ff++,Deepfakes/c23/frames/327_329,Deepfakes,seen,1.0,0,base
/ai_paas_jf/pangqs/AIGC/safepp_pytorch/data/test/ff++/fake/Deepfakes/c23/frames/328_320/030.png,1,ff++_Deepfakes,ff++,Deepfakes/c23/frames/328_320,Deepfakes,seen,1.0,0,base
/ai_paas_jf/pangqs/AIGC/safepp_pytorch/data/test/ff++/fake/Deepfakes/c23/frames/332_051/604.png,1,ff++_Deepfakes,ff++,Deepfakes/c23/frames/332_051,Deepfakes,seen,1.0,0,base
/ai_paas_jf/pangqs/AIGC/safepp_pytorch/data/test/ff++/fake/Deepfakes/c23/frames/333_377/096.png,1,ff++_Deepfakes,ff++,Deepfakes/c23/frames/333_377,Deepfakes,seen,1.0,0,base
/ai_paas_jf/pangqs/AIGC/safepp_pytorch/data/test/ff++/fake/Deepfakes/c23/frames/334_318/302.png,1,ff++_Deepfakes,ff++,Deepfakes/c23/frames/334_318,Deepfakes,seen,1.0,0,base
/ai_paas_jf/pangqs/AIGC/safepp_pytorch/data/test/ff++/fake/Deepfakes/c23/frames/335_277/037.png,1,ff++_Deepfakes,ff++,Deepfakes/c23/frames/335_277,Deepfakes,seen,1.0,0,base
/ai_paas_jf/pangqs/AIGC/safepp_pytorch/data/test/ff++/fake/Deepfakes/c23/frames/346_351/376.png,1,ff++_Deepfakes,ff++,Deepfakes/c23/frames/346_351,Deepfakes,seen,1.0,0,base
/ai_paas_jf/pangqs/AIGC/safepp_pytorch/data/test/ff++/fake/Deepfakes/c23/frames/348_202/146.png,1,ff++_Deepfakes,ff++,Deepfakes/c23/frames/348_202,Deepfakes,seen,1.0,0,base
/ai_paas_jf/pangqs/AIGC/safepp_pytorch/data/test/ff++/fake/Deepfakes/c23/frames/353_383/092.png,1,ff++_Deepfakes,ff++,Deepfakes/c23/frames/353_383,Deepfakes,seen,1.0,0,base
/ai_paas_jf/pangqs/AIGC/safepp_pytorch/data/test/ff++/fake/Deepfakes/c23/frames/356_324/000.png,1,ff++_Deepfakes,ff++,Deepfakes/c23/frames/356_324,Deepfakes,seen,1.0,0,base
/ai_paas_jf/pangqs/AIGC/safepp_pytorch/data/test/ff++/fake/Deepfakes/c23/frames/359_317/117.png,1,ff++_Deepfakes,ff++,Deepfakes/c23/frames/359_317,Deepfakes,seen,1.0,0,base
/ai_paas_jf/pangqs/AIGC/safepp_pytorch/data/test/ff++/fake/Deepfakes/c23/frames/359_317/322.png,1,ff++_Deepfakes,ff++,Deepfakes/c23/frames/359_317,Deepfakes,seen,1.0,0,base
/ai_paas_jf/pangqs/AIGC/safepp_pytorch/data/test/ff++/fake/Deepfakes/c23/frames/361_448/029.png,1,ff++_Deepfakes,ff++,Deepfakes/c23/frames/361_448,Deepfakes,seen,1.0,0,base
/ai_paas_jf/pangqs/AIGC/safepp_pytorch/data/test/ff++/fake/Deepfakes/c23/frames/365_307/083.png,1,ff++_Deepfakes,ff++,Deepfakes/c23/frames/365_307,Deepfakes,seen,1.0,0,base
/ai_paas_jf/pangqs/AIGC/safepp_pytorch/data/test/ff++/fake/Deepfakes/c23/frames/365_307/308.png,1,ff++_Deepfakes,ff++,Deepfakes/c23/frames/365_307,Deepfakes,seen,1.0,0,base
/ai_paas_jf/pangqs/AIGC/safepp_pytorch/data/test/ff++/fake/Deepfakes/c23/frames/373_394/290.png,1,ff++_Deepfakes,ff++,Deepfakes/c23/frames/373_394,Deepfakes,seen,1.0,0,base
/ai_paas_jf/pangqs/AIGC/safepp_pytorch/data/test/ff++/fake/Deepfakes/c23/frames/375_251/215.png,1,ff++_Deepfakes,ff++,Deepfakes/c23/frames/375_251,Deepfakes,seen,1.0,0,base
/ai_paas_jf/pangqs/AIGC/safepp_pytorch/data/test/ff++/fake/Deepfakes/c23/frames/396_272/016.png,1,ff++_Deepfakes,ff++,Deepfakes/c23/frames/396_272,Deepfakes,seen,1.0,0,base
/ai_paas_jf/pangqs/AIGC/safepp_pytorch/data/test/ff++/fake/Deepfakes/c23/frames/401_395/269.png,1,ff++_Deepfakes,ff++,Deepfakes/c23/frames/401_395,Deepfakes,seen,1.0,0,base
/ai_paas_jf/pangqs/AIGC/safepp_pytorch/data/test/ff++/fake/Deepfakes/c23/frames/403_497/113.png,1,ff++_Deepfakes,ff++,Deepfakes/c23/frames/403_497,Deepfakes,seen,1.0,0,base
/ai_paas_jf/pangqs/AIGC/safepp_pytorch/data/test/ff++/fake/Deepfakes/c23/frames/403_497/159.png,1,ff++_Deepfakes,ff++,Deepfakes/c23/frames/403_497,Deepfakes,seen,1.0,0,base
/ai_paas_jf/pangqs/AIGC/safepp_pytorch/data/test/ff++/fake/Deepfakes/c23/frames/406_391/115.png,1,ff++_Deepfakes,ff++,Deepfakes/c23/frames/406_391,Deepfakes,seen,1.0,0,base
/ai_paas_jf/pangqs/AIGC/safepp_pytorch/data/test/ff++/fake/Deepfakes/c23/frames/408_424/305.png,1,ff++_Deepfakes,ff++,Deepfakes/c23/frames/408_424,Deepfakes,seen,1.0,0,base
/ai_paas_jf/pangqs/AIGC/safepp_pytorch/data/test/ff++/fake/Deepfakes/c23/frames/414_385/415.png,1,ff++_Deepfakes,ff++,Deepfakes/c23/frames/414_385,Deepfakes,seen,1.0,0,base
/ai_paas_jf/pangqs/AIGC/safepp_pytorch/data/test/ff++/fake/Deepfakes/c23/frames/417_496/138.png,1,ff++_Deepfakes,ff++,Deepfakes/c23/frames/417_496,Deepfakes,seen,1.0,0,base
/ai_paas_jf/pangqs/AIGC/safepp_pytorch/data/test/ff++/fake/Deepfakes/c23/frames/426_287/096.png,1,ff++_Deepfakes,ff++,Deepfakes/c23/frames/426_287,Deepfakes,seen,1.0,0,base
/ai_paas_jf/pangqs/AIGC/safepp_pytorch/data/test/ff++/fake/Deepfakes/c23/frames/426_287/237.png,1,ff++_Deepfakes,ff++,Deepfakes/c23/frames/426_287,Deepfakes,seen,1.0,0,base
/ai_paas_jf/pangqs/AIGC/safepp_pytorch/data/test/ff++/fake/Deepfakes/c23/frames/428_466/382.png,1,ff++_Deepfakes,ff++,Deepfakes/c23/frames/428_466,Deepfakes,seen,1.0,0,base
/ai_paas_jf/pangqs/AIGC/safepp_pytorch/data/test/ff++/fake/Deepfakes/c23/frames/430_459/149.png,1,ff++_Deepfakes,ff++,Deepfakes/c23/frames/430_459,Deepfakes,seen,1.0,0,base
/ai_paas_jf/pangqs/AIGC/safepp_pytorch/data/test/ff++/fake/Deepfakes/c23/frames/430_459/218.png,1,ff++_Deepfakes,ff++,Deepfakes/c23/frames/430_459,Deepfakes,seen,1.0,0,base
/ai_paas_jf/pangqs/AIGC/safepp_pytorch/data/test/ff++/fake/Deepfakes/c23/frames/434_438/205.png,1,ff++_Deepfakes,ff++,Deepfakes/c23/frames/434_438,Deepfakes,seen,1.0,0,base
/ai_paas_jf/pangqs/AIGC/safepp_pytorch/data/test/ff++/fake/Deepfakes/c23/frames/449_451/305.png,1,ff++_Deepfakes,ff++,Deepfakes/c23/frames/449_451,Deepfakes,seen,1.0,0,base
/ai_paas_jf/pangqs/AIGC/safepp_pytorch/data/test/ff++/fake/Deepfakes/c23/frames/451_449/172.png,1,ff++_Deepfakes,ff++,Deepfakes/c23/frames/451_449,Deepfakes,seen,1.0,0,base
/ai_paas_jf/pangqs/AIGC/safepp_pytorch/data/test/ff++/fake/Deepfakes/c23/frames/458_722/090.png,1,ff++_Deepfakes,ff++,Deepfakes/c23/frames/458_722,Deepfakes,seen,1.0,0,base
/ai_paas_jf/pangqs/AIGC/safepp_pytorch/data/test/ff++/fake/Deepfakes/c23/frames/473_366/166.png,1,ff++_Deepfakes,ff++,Deepfakes/c23/frames/473_366,Deepfakes,seen,1.0,0,base
/ai_paas_jf/pangqs/AIGC/safepp_pytorch/data/test/ff++/fake/Deepfakes/c23/frames/476_400/039.png,1,ff++_Deepfakes,ff++,Deepfakes/c23/frames/476_400,Deepfakes,seen,1.0,0,base
/ai_paas_jf/pangqs/AIGC/safepp_pytorch/data/test/ff++/fake/Deepfakes/c23/frames/478_506/482.png,1,ff++_Deepfakes,ff++,Deepfakes/c23/frames/478_506,Deepfakes,seen,1.0,0,base
/ai_paas_jf/pangqs/AIGC/safepp_pytorch/data/test/ff++/fake/Deepfakes/c23/frames/489_022/291.png,1,ff++_Deepfakes,ff++,Deepfakes/c23/frames/489_022,Deepfakes,seen,1.0,0,base
/ai_paas_jf/pangqs/AIGC/safepp_pytorch/data/test/ff++/fake/Deepfakes/c23/frames/490_534/327.png,1,ff++_Deepfakes,ff++,Deepfakes/c23/frames/490_534,Deepfakes,seen,1.0,0,base
/ai_paas_jf/pangqs/AIGC/safepp_pytorch/data/test/ff++/fake/Deepfakes/c23/frames/497_403/280.png,1,ff++_Deepfakes,ff++,Deepfakes/c23/frames/497_403,Deepfakes,seen,1.0,0,base
/ai_paas_jf/pangqs/AIGC/safepp_pytorch/data/test/ff++/fake/Deepfakes/c23/frames/499_539/165.png,1,ff++_Deepfakes,ff++,Deepfakes/c23/frames/499_539,Deepfakes,seen,1.0,0,base
/ai_paas_jf/pangqs/AIGC/safepp_pytorch/data/test/ff++/fake/Deepfakes/c23/frames/500_592/075.png,1,ff++_Deepfakes,ff++,Deepfakes/c23/frames/500_592,Deepfakes,seen,1.0,0,base
/ai_paas_jf/pangqs/AIGC/safepp_pytorch/data/test/ff++/fake/Deepfakes/c23/frames/501_326/151.png,1,ff++_Deepfakes,ff++,Deepfakes/c23/frames/501_326,Deepfakes,seen,1.0,0,base
/ai_paas_jf/pangqs/AIGC/safepp_pytorch/data/test/ff++/fake/Deepfakes/c23/frames/503_756/651.png,1,ff++_Deepfakes,ff++,Deepfakes/c23/frames/503_756,Deepfakes,seen,1.0,0,base
/ai_paas_jf/pangqs/AIGC/safepp_pytorch/data/test/ff++/fake/Deepfakes/c23/frames/516_555/204.png,1,ff++_Deepfakes,ff++,Deepfakes/c23/frames/516_555,Deepfakes,seen,1.0,0,base
/ai_paas_jf/pangqs/AIGC/safepp_pytorch/data/test/ff++/fake/Deepfakes/c23/frames/532_544/213.png,1,ff++_Deepfakes,ff++,Deepfakes/c23/frames/532_544,Deepfakes,seen,1.0,0,base
/ai_paas_jf/pangqs/AIGC/safepp_pytorch/data/test/ff++/fake/Deepfakes/c23/frames/540_536/246.png,1,ff++_Deepfakes,ff++,Deepfakes/c23/frames/540_536,Deepfakes,seen,1.0,0,base
/ai_paas_jf/pangqs/AIGC/safepp_pytorch/data/test/ff++/fake/Deepfakes/c23/frames/554_572/426.png,1,ff++_Deepfakes,ff++,Deepfakes/c23/frames/554_572,Deepfakes,seen,1.0,0,base
/ai_paas_jf/pangqs/AIGC/safepp_pytorch/data/test/ff++/fake/Deepfakes/c23/frames/559_543/311.png,1,ff++_Deepfakes,ff++,Deepfakes/c23/frames/559_543,Deepfakes,seen,1.0,0,base
/ai_paas_jf/pangqs/AIGC/safepp_pytorch/data/test/ff++/fake/Deepfakes/c23/frames/562_626/210.png,1,ff++_Deepfakes,ff++,Deepfakes/c23/frames/562_626,Deepfakes,seen,1.0,0,base
/ai_paas_jf/pangqs/AIGC/safepp_pytorch/data/test/ff++/fake/Deepfakes/c23/frames/570_624/304.png,1,ff++_Deepfakes,ff++,Deepfakes/c23/frames/570_624,Deepfakes,seen,1.0,0,base
/ai_paas_jf/pangqs/AIGC/safepp_pytorch/data/test/ff++/fake/Deepfakes/c23/frames/574_547/081.png,1,ff++_Deepfakes,ff++,Deepfakes/c23/frames/574_547,Deepfakes,seen,1.0,0,base
/ai_paas_jf/pangqs/AIGC/safepp_pytorch/data/test/ff++/fake/Deepfakes/c23/frames/588_556/297.png,1,ff++_Deepfakes,ff++,Deepfakes/c23/frames/588_556,Deepfakes,seen,1.0,0,base
/ai_paas_jf/pangqs/AIGC/safepp_pytorch/data/test/ff++/fake/Deepfakes/c23/frames/592_500/382.png,1,ff++_Deepfakes,ff++,Deepfakes/c23/frames/592_500,Deepfakes,seen,1.0,0,base
/ai_paas_jf/pangqs/AIGC/safepp_pytorch/data/test/ff++/fake/Deepfakes/c23/frames/594_530/000.png,1,ff++_Deepfakes,ff++,Deepfakes/c23/frames/594_530,Deepfakes,seen,1.0,0,base
/ai_paas_jf/pangqs/AIGC/safepp_pytorch/data/test/ff++/fake/Deepfakes/c23/frames/598_178/508.png,1,ff++_Deepfakes,ff++,Deepfakes/c23/frames/598_178,Deepfakes,seen,1.0,0,base
/ai_paas_jf/pangqs/AIGC/safepp_pytorch/data/test/ff++/fake/Deepfakes/c23/frames/604_703/398.png,1,ff++_Deepfakes,ff++,Deepfakes/c23/frames/604_703,Deepfakes,seen,1.0,0,base
/ai_paas_jf/pangqs/AIGC/safepp_pytorch/data/test/ff++/fake/Deepfakes/c23/frames/609_596/267.png,1,ff++_Deepfakes,ff++,Deepfakes/c23/frames/609_596,Deepfakes,seen,1.0,0,base
/ai_paas_jf/pangqs/AIGC/safepp_pytorch/data/test/ff++/fake/Deepfakes/c23/frames/611_760/207.png,1,ff++_Deepfakes,ff++,Deepfakes/c23/frames/611_760,Deepfakes,seen,1.0,0,base
/ai_paas_jf/pangqs/AIGC/safepp_pytorch/data/test/ff++/fake/Deepfakes/c23/frames/616_614/341.png,1,ff++_Deepfakes,ff++,Deepfakes/c23/frames/616_614,Deepfakes,seen,1.0,0,base
/ai_paas_jf/pangqs/AIGC/safepp_pytorch/data/test/ff++/fake/Deepfakes/c23/frames/624_570/337.png,1,ff++_Deepfakes,ff++,Deepfakes/c23/frames/624_570,Deepfakes,seen,1.0,0,base
/ai_paas_jf/pangqs/AIGC/safepp_pytorch/data/test/ff++/fake/Deepfakes/c23/frames/626_562/000.png,1,ff++_Deepfakes,ff++,Deepfakes/c23/frames/626_562,Deepfakes,seen,1.0,0,base
/ai_paas_jf/pangqs/AIGC/safepp_pytorch/data/test/ff++/fake/Deepfakes/c23/frames/628_568/346.png,1,ff++_Deepfakes,ff++,Deepfakes/c23/frames/628_568,Deepfakes,seen,1.0,0,base
/ai_paas_jf/pangqs/AIGC/safepp_pytorch/data/test/ff++/fake/Deepfakes/c23/frames/631_551/272.png,1,ff++_Deepfakes,ff++,Deepfakes/c23/frames/631_551,Deepfakes,seen,1.0,0,base
/ai_paas_jf/pangqs/AIGC/safepp_pytorch/data/test/ff++/fake/Deepfakes/c23/frames/642_635/553.png,1,ff++_Deepfakes,ff++,Deepfakes/c23/frames/642_635,Deepfakes,seen,1.0,0,base
/ai_paas_jf/pangqs/AIGC/safepp_pytorch/data/test/ff++/fake/Deepfakes/c23/frames/644_657/172.png,1,ff++_Deepfakes,ff++,Deepfakes/c23/frames/644_657,Deepfakes,seen,1.0,0,base
/ai_paas_jf/pangqs/AIGC/safepp_pytorch/data/test/ff++/fake/Deepfakes/c23/frames/644_657/385.png,1,ff++_Deepfakes,ff++,Deepfakes/c23/frames/644_657,Deepfakes,seen,1.0,0,base
/ai_paas_jf/pangqs/AIGC/safepp_pytorch/data/test/ff++/fake/Deepfakes/c23/frames/654_648/013.png,1,ff++_Deepfakes,ff++,Deepfakes/c23/frames/654_648,Deepfakes,seen,1.0,0,base
/ai_paas_jf/pangqs/AIGC/safepp_pytorch/data/test/ff++/fake/Deepfakes/c23/frames/662_641/079.png,1,ff++_Deepfakes,ff++,Deepfakes/c23/frames/662_641,Deepfakes,seen,1.0,0,base
/ai_paas_jf/pangqs/AIGC/safepp_pytorch/data/test/ff++/fake/Deepfakes/c23/frames/665_679/041.png,1,ff++_Deepfakes,ff++,Deepfakes/c23/frames/665_679,Deepfakes,seen,1.0,0,base
/ai_paas_jf/pangqs/AIGC/safepp_pytorch/data/test/ff++/fake/Deepfakes/c23/frames/667_446/075.png,1,ff++_Deepfakes,ff++,Deepfakes/c23/frames/667_446,Deepfakes,seen,1.0,0,base
/ai_paas_jf/pangqs/AIGC/safepp_pytorch/data/test/ff++/fake/Deepfakes/c23/frames/667_446/181.png,1,ff++_Deepfakes,ff++,Deepfakes/c23/frames/667_446,Deepfakes,seen,1.0,0,base
/ai_paas_jf/pangqs/AIGC/safepp_pytorch/data/test/ff++/fake/Deepfakes/c23/frames/667_446/256.png,1,ff++_Deepfakes,ff++,Deepfakes/c23/frames/667_446,Deepfakes,seen,1.0,0,base
/ai_paas_jf/pangqs/AIGC/safepp_pytorch/data/test/ff++/fake/Deepfakes/c23/frames/684_717/368.png,1,ff++_Deepfakes,ff++,Deepfakes/c23/frames/684_717,Deepfakes,seen,1.0,0,base
/ai_paas_jf/pangqs/AIGC/safepp_pytorch/data/test/ff++/fake/Deepfakes/c23/frames/693_698/306.png,1,ff++_Deepfakes,ff++,Deepfakes/c23/frames/693_698,Deepfakes,seen,1.0,0,base
/ai_paas_jf/pangqs/AIGC/safepp_pytorch/data/test/ff++/fake/Deepfakes/c23/frames/697_581/000.png,1,ff++_Deepfakes,ff++,Deepfakes/c23/frames/697_581,Deepfakes,seen,1.0,0,base
/ai_paas_jf/pangqs/AIGC/safepp_pytorch/data/test/ff++/fake/Deepfakes/c23/frames/704_723/072.png,1,ff++_Deepfakes,ff++,Deepfakes/c23/frames/704_723,Deepfakes,seen,1.0,0,base
/ai_paas_jf/pangqs/AIGC/safepp_pytorch/data/test/ff++/fake/Deepfakes/c23/frames/712_716/141.png,1,ff++_Deepfakes,ff++,Deepfakes/c23/frames/712_716,Deepfakes,seen,1.0,0,base
/ai_paas_jf/pangqs/AIGC/safepp_pytorch/data/test/ff++/fake/Deepfakes/c23/frames/717_684/156.png,1,ff++_Deepfakes,ff++,Deepfakes/c23/frames/717_684,Deepfakes,seen,1.0,0,base
/ai_paas_jf/pangqs/AIGC/safepp_pytorch/data/test/ff++/fake/Deepfakes/c23/frames/722_458/140.png,1,ff++_Deepfakes,ff++,Deepfakes/c23/frames/722_458,Deepfakes,seen,1.0,0,base
/ai_paas_jf/pangqs/AIGC/safepp_pytorch/data/test/ff++/fake/Deepfakes/c23/frames/723_704/258.png,1,ff++_Deepfakes,ff++,Deepfakes/c23/frames/723_704,Deepfakes,seen,1.0,0,base
/ai_paas_jf/pangqs/AIGC/safepp_pytorch/data/test/ff++/fake/Deepfakes/c23/frames/726_713/026.png,1,ff++_Deepfakes,ff++,Deepfakes/c23/frames/726_713,Deepfakes,seen,1.0,0,base
/ai_paas_jf/pangqs/AIGC/safepp_pytorch/data/test/ff++/fake/Deepfakes/c23/frames/726_713/145.png,1,ff++_Deepfakes,ff++,Deepfakes/c23/frames/726_713,Deepfakes,seen,1.0,0,base
/ai_paas_jf/pangqs/AIGC/safepp_pytorch/data/test/ff++/fake/Deepfakes/c23/frames/726_713/316.png,1,ff++_Deepfakes,ff++,Deepfakes/c23/frames/726_713,Deepfakes,seen,1.0,0,base
/ai_paas_jf/pangqs/AIGC/safepp_pytorch/data/test/ff++/fake/Deepfakes/c23/frames/728_673/182.png,1,ff++_Deepfakes,ff++,Deepfakes/c23/frames/728_673,Deepfakes,seen,1.0,0,base
/ai_paas_jf/pangqs/AIGC/safepp_pytorch/data/test/ff++/fake/Deepfakes/c23/frames/735_774/155.png,1,ff++_Deepfakes,ff++,Deepfakes/c23/frames/735_774,Deepfakes,seen,1.0,0,base
/ai_paas_jf/pangqs/AIGC/safepp_pytorch/data/test/ff++/fake/Deepfakes/c23/frames/743_750/110.png,1,ff++_Deepfakes,ff++,Deepfakes/c23/frames/743_750,Deepfakes,seen,1.0,0,base
/ai_paas_jf/pangqs/AIGC/safepp_pytorch/data/test/ff++/fake/Deepfakes/c23/frames/743_750/190.png,1,ff++_Deepfakes,ff++,Deepfakes/c23/frames/743_750,Deepfakes,seen,1.0,0,base
/ai_paas_jf/pangqs/AIGC/safepp_pytorch/data/test/ff++/fake/Deepfakes/c23/frames/744_674/028.png,1,ff++_Deepfakes,ff++,Deepfakes/c23/frames/744_674,Deepfakes,seen,1.0,0,base
/ai_paas_jf/pangqs/AIGC/safepp_pytorch/data/test/ff++/fake/Deepfakes/c23/frames/751_752/053.png,1,ff++_Deepfakes,ff++,Deepfakes/c23/frames/751_752,Deepfakes,seen,1.0,0,base
/ai_paas_jf/pangqs/AIGC/safepp_pytorch/data/test/ff++/fake/Deepfakes/c23/frames/753_789/685.png,1,ff++_Deepfakes,ff++,Deepfakes/c23/frames/753_789,Deepfakes,seen,1.0,0,base
/ai_paas_jf/pangqs/AIGC/safepp_pytorch/data/test/ff++/fake/Deepfakes/c23/frames/754_758/025.png,1,ff++_Deepfakes,ff++,Deepfakes/c23/frames/754_758,Deepfakes,seen,1.0,0,base
/ai_paas_jf/pangqs/AIGC/safepp_pytorch/data/test/ff++/fake/Deepfakes/c23/frames/760_611/245.png,1,ff++_Deepfakes,ff++,Deepfakes/c23/frames/760_611,Deepfakes,seen,1.0,0,base
/ai_paas_jf/pangqs/AIGC/safepp_pytorch/data/test/ff++/fake/Deepfakes/c23/frames/763_930/418.png,1,ff++_Deepfakes,ff++,Deepfakes/c23/frames/763_930,Deepfakes,seen,1.0,0,base
/ai_paas_jf/pangqs/AIGC/safepp_pytorch/data/test/ff++/fake/Deepfakes/c23/frames/767_694/013.png,1,ff++_Deepfakes,ff++,Deepfakes/c23/frames/767_694,Deepfakes,seen,1.0,0,base
/ai_paas_jf/pangqs/AIGC/safepp_pytorch/data/test/ff++/fake/Deepfakes/c23/frames/773_652/428.png,1,ff++_Deepfakes,ff++,Deepfakes/c23/frames/773_652,Deepfakes,seen,1.0,0,base
/ai_paas_jf/pangqs/AIGC/safepp_pytorch/data/test/ff++/fake/Deepfakes/c23/frames/774_735/020.png,1,ff++_Deepfakes,ff++,Deepfakes/c23/frames/774_735,Deepfakes,seen,1.0,0,base
/ai_paas_jf/pangqs/AIGC/safepp_pytorch/data/test/ff++/fake/Deepfakes/c23/frames/778_798/116.png,1,ff++_Deepfakes,ff++,Deepfakes/c23/frames/778_798,Deepfakes,seen,1.0,0,base
/ai_paas_jf/pangqs/AIGC/safepp_pytorch/data/test/ff++/fake/Deepfakes/c23/frames/778_798/253.png,1,ff++_Deepfakes,ff++,Deepfakes/c23/frames/778_798,Deepfakes,seen,1.0,0,base
/ai_paas_jf/pangqs/AIGC/safepp_pytorch/data/test/ff++/fake/Deepfakes/c23/frames/780_869/025.png,1,ff++_Deepfakes,ff++,Deepfakes/c23/frames/780_869,Deepfakes,seen,1.0,0,base
/ai_paas_jf/pangqs/AIGC/safepp_pytorch/data/test/ff++/fake/Deepfakes/c23/frames/781_806/244.png,1,ff++_Deepfakes,ff++,Deepfakes/c23/frames/781_806,Deepfakes,seen,1.0,0,base
/ai_paas_jf/pangqs/AIGC/safepp_pytorch/data/test/ff++/fake/Deepfakes/c23/frames/781_806/366.png,1,ff++_Deepfakes,ff++,Deepfakes/c23/frames/781_806,Deepfakes,seen,1.0,0,base
/ai_paas_jf/pangqs/AIGC/safepp_pytorch/data/test/ff++/fake/Deepfakes/c23/frames/785_736/132.png,1,ff++_Deepfakes,ff++,Deepfakes/c23/frames/785_736,Deepfakes,seen,1.0,0,base
/ai_paas_jf/pangqs/AIGC/safepp_pytorch/data/test/ff++/fake/Deepfakes/c23/frames/785_736/172.png,1,ff++_Deepfakes,ff++,Deepfakes/c23/frames/785_736,Deepfakes,seen,1.0,0,base
/ai_paas_jf/pangqs/AIGC/safepp_pytorch/data/test/ff++/fake/Deepfakes/c23/frames/797_844/013.png,1,ff++_Deepfakes,ff++,Deepfakes/c23/frames/797_844,Deepfakes,seen,1.0,0,base
/ai_paas_jf/pangqs/AIGC/safepp_pytorch/data/test/ff++/fake/Deepfakes/c23/frames/797_844/111.png,1,ff++_Deepfakes,ff++,Deepfakes/c23/frames/797_844,Deepfakes,seen,1.0,0,base
/ai_paas_jf/pangqs/AIGC/safepp_pytorch/data/test/ff++/fake/Deepfakes/c23/frames/798_778/011.png,1,ff++_Deepfakes,ff++,Deepfakes/c23/frames/798_778,Deepfakes,seen,1.0,0,base
/ai_paas_jf/pangqs/AIGC/safepp_pytorch/data/test/ff++/fake/Deepfakes/c23/frames/798_778/274.png,1,ff++_Deepfakes,ff++,Deepfakes/c23/frames/798_778,Deepfakes,seen,1.0,0,base
/ai_paas_jf/pangqs/AIGC/safepp_pytorch/data/test/ff++/fake/Deepfakes/c23/frames/804_738/219.png,1,ff++_Deepfakes,ff++,Deepfakes/c23/frames/804_738,Deepfakes,seen,1.0,0,base
/ai_paas_jf/pangqs/AIGC/safepp_pytorch/data/test/ff++/fake/Deepfakes/c23/frames/805_011/132.png,1,ff++_Deepfakes,ff++,Deepfakes/c23/frames/805_011,Deepfakes,seen,1.0,0,base
/ai_paas_jf/pangqs/AIGC/safepp_pytorch/data/test/ff++/fake/Deepfakes/c23/frames/808_829/102.png,1,ff++_Deepfakes,ff++,Deepfakes/c23/frames/808_829,Deepfakes,seen,1.0,0,base
/ai_paas_jf/pangqs/AIGC/safepp_pytorch/data/test/ff++/fake/Deepfakes/c23/frames/808_829/430.png,1,ff++_Deepfakes,ff++,Deepfakes/c23/frames/808_829,Deepfakes,seen,1.0,0,base
/ai_paas_jf/pangqs/AIGC/safepp_pytorch/data/test/ff++/fake/Deepfakes/c23/frames/811_920/122.png,1,ff++_Deepfakes,ff++,Deepfakes/c23/frames/811_920,Deepfakes,seen,1.0,0,base
/ai_paas_jf/pangqs/AIGC/safepp_pytorch/data/test/ff++/fake/Deepfakes/c23/frames/814_871/035.png,1,ff++_Deepfakes,ff++,Deepfakes/c23/frames/814_871,Deepfakes,seen,1.0,0,base
/ai_paas_jf/pangqs/AIGC/safepp_pytorch/data/test/ff++/fake/Deepfakes/c23/frames/825_074/052.png,1,ff++_Deepfakes,ff++,Deepfakes/c23/frames/825_074,Deepfakes,seen,1.0,0,base
/ai_paas_jf/pangqs/AIGC/safepp_pytorch/data/test/ff++/fake/Deepfakes/c23/frames/828_830/225.png,1,ff++_Deepfakes,ff++,Deepfakes/c23/frames/828_830,Deepfakes,seen,1.0,0,base
/ai_paas_jf/pangqs/AIGC/safepp_pytorch/data/test/ff++/fake/Deepfakes/c23/frames/829_808/232.png,1,ff++_Deepfakes,ff++,Deepfakes/c23/frames/829_808,Deepfakes,seen,1.0,0,base
/ai_paas_jf/pangqs/AIGC/safepp_pytorch/data/test/ff++/fake/Deepfakes/c23/frames/836_950/088.png,1,ff++_Deepfakes,ff++,Deepfakes/c23/frames/836_950,Deepfakes,seen,1.0,0,base
/ai_paas_jf/pangqs/AIGC/safepp_pytorch/data/test/ff++/fake/Deepfakes/c23/frames/838_810/147.png,1,ff++_Deepfakes,ff++,Deepfakes/c23/frames/838_810,Deepfakes,seen,1.0,0,base
/ai_paas_jf/pangqs/AIGC/safepp_pytorch/data/test/ff++/fake/Deepfakes/c23/frames/840_800/027.png,1,ff++_Deepfakes,ff++,Deepfakes/c23/frames/840_800,Deepfakes,seen,1.0,0,base
/ai_paas_jf/pangqs/AIGC/safepp_pytorch/data/test/ff++/fake/Deepfakes/c23/frames/840_800/514.png,1,ff++_Deepfakes,ff++,Deepfakes/c23/frames/840_800,Deepfakes,seen,1.0,0,base
/ai_paas_jf/pangqs/AIGC/safepp_pytorch/data/test/ff++/fake/Deepfakes/c23/frames/848_894/092.png,1,ff++_Deepfakes,ff++,Deepfakes/c23/frames/848_894,Deepfakes,seen,1.0,0,base
/ai_paas_jf/pangqs/AIGC/safepp_pytorch/data/test/ff++/fake/Deepfakes/c23/frames/856_881/1066.png,1,ff++_Deepfakes,ff++,Deepfakes/c23/frames/856_881,Deepfakes,seen,1.0,0,base
/ai_paas_jf/pangqs/AIGC/safepp_pytorch/data/test/ff++/fake/Deepfakes/c23/frames/859_843/267.png,1,ff++_Deepfakes,ff++,Deepfakes/c23/frames/859_843,Deepfakes,seen,1.0,0,base
/ai_paas_jf/pangqs/AIGC/safepp_pytorch/data/test/ff++/fake/Deepfakes/c23/frames/872_873/335.png,1,ff++_Deepfakes,ff++,Deepfakes/c23/frames/872_873,Deepfakes,seen,1.0,0,base
/ai_paas_jf/pangqs/AIGC/safepp_pytorch/data/test/ff++/fake/Deepfakes/c23/frames/873_872/199.png,1,ff++_Deepfakes,ff++,Deepfakes/c23/frames/873_872,Deepfakes,seen,1.0,0,base
/ai_paas_jf/pangqs/AIGC/safepp_pytorch/data/test/ff++/fake/Deepfakes/c23/frames/876_891/050.png,1,ff++_Deepfakes,ff++,Deepfakes/c23/frames/876_891,Deepfakes,seen,1.0,0,base
/ai_paas_jf/pangqs/AIGC/safepp_pytorch/data/test/ff++/fake/Deepfakes/c23/frames/877_886/073.png,1,ff++_Deepfakes,ff++,Deepfakes/c23/frames/877_886,Deepfakes,seen,1.0,0,base
/ai_paas_jf/pangqs/AIGC/safepp_pytorch/data/test/ff++/fake/Deepfakes/c23/frames/878_866/047.png,1,ff++_Deepfakes,ff++,Deepfakes/c23/frames/878_866,Deepfakes,seen,1.0,0,base
/ai_paas_jf/pangqs/AIGC/safepp_pytorch/data/test/ff++/fake/Deepfakes/c23/frames/879_963/189.png,1,ff++_Deepfakes,ff++,Deepfakes/c23/frames/879_963,Deepfakes,seen,1.0,0,base
/ai_paas_jf/pangqs/AIGC/safepp_pytorch/data/test/ff++/fake/Deepfakes/c23/frames/884_968/011.png,1,ff++_Deepfakes,ff++,Deepfakes/c23/frames/884_968,Deepfakes,seen,1.0,0,base
/ai_paas_jf/pangqs/AIGC/safepp_pytorch/data/test/ff++/fake/Deepfakes/c23/frames/897_969/042.png,1,ff++_Deepfakes,ff++,Deepfakes/c23/frames/897_969,Deepfakes,seen,1.0,0,base
/ai_paas_jf/pangqs/AIGC/safepp_pytorch/data/test/ff++/fake/Deepfakes/c23/frames/897_969/321.png,1,ff++_Deepfakes,ff++,Deepfakes/c23/frames/897_969,Deepfakes,seen,1.0,0,base
/ai_paas_jf/pangqs/AIGC/safepp_pytorch/data/test/ff++/fake/Deepfakes/c23/frames/899_914/468.png,1,ff++_Deepfakes,ff++,Deepfakes/c23/frames/899_914,Deepfakes,seen,1.0,0,base
/ai_paas_jf/pangqs/AIGC/safepp_pytorch/data/test/ff++/fake/Deepfakes/c23/frames/907_795/050.png,1,ff++_Deepfakes,ff++,Deepfakes/c23/frames/907_795,Deepfakes,seen,1.0,0,base
/ai_paas_jf/pangqs/AIGC/safepp_pytorch/data/test/ff++/fake/Deepfakes/c23/frames/913_893/000.png,1,ff++_Deepfakes,ff++,Deepfakes/c23/frames/913_893,Deepfakes,seen,1.0,0,base
/ai_paas_jf/pangqs/AIGC/safepp_pytorch/data/test/ff++/fake/Deepfakes/c23/frames/918_934/379.png,1,ff++_Deepfakes,ff++,Deepfakes/c23/frames/918_934,Deepfakes,seen,1.0,0,base
/ai_paas_jf/pangqs/AIGC/safepp_pytorch/data/test/ff++/fake/Deepfakes/c23/frames/931_936/030.png,1,ff++_Deepfakes,ff++,Deepfakes/c23/frames/931_936,Deepfakes,seen,1.0,0,base
/ai_paas_jf/pangqs/AIGC/safepp_pytorch/data/test/ff++/fake/Deepfakes/c23/frames/950_836/491.png,1,ff++_Deepfakes,ff++,Deepfakes/c23/frames/950_836,Deepfakes,seen,1.0,0,base
/ai_paas_jf/pangqs/AIGC/safepp_pytorch/data/test/ff++/fake/Deepfakes/c23/frames/966_988/292.png,1,ff++_Deepfakes,ff++,Deepfakes/c23/frames/966_988,Deepfakes,seen,1.0,0,base
/ai_paas_jf/pangqs/AIGC/safepp_pytorch/data/test/ff++/fake/Deepfakes/c23/frames/975_978/068.png,1,ff++_Deepfakes,ff++,Deepfakes/c23/frames/975_978,Deepfakes,seen,1.0,0,base
/ai_paas_jf/pangqs/AIGC/safepp_pytorch/data/test/ff++/fake/Deepfakes/c23/frames/977_075/020.png,1,ff++_Deepfakes,ff++,Deepfakes/c23/frames/977_075,Deepfakes,seen,1.0,0,base
/ai_paas_jf/pangqs/AIGC/safepp_pytorch/data/test/ff++/fake/Deepfakes/c23/frames/977_075/230.png,1,ff++_Deepfakes,ff++,Deepfakes/c23/frames/977_075,Deepfakes,seen,1.0,0,base
/ai_paas_jf/pangqs/AIGC/safepp_pytorch/data/test/ff++/fake/Deepfakes/c23/frames/978_975/463.png,1,ff++_Deepfakes,ff++,Deepfakes/c23/frames/978_975,Deepfakes,seen,1.0,0,base
/ai_paas_jf/pangqs/AIGC/safepp_pytorch/data/test/ff++/fake/Deepfakes/c23/frames/984_967/218.png,1,ff++_Deepfakes,ff++,Deepfakes/c23/frames/984_967,Deepfakes,seen,1.0,0,base
/ai_paas_jf/pangqs/AIGC/safepp_pytorch/data/test/ff++/fake/Deepfakes/c23/frames/985_981/110.png,1,ff++_Deepfakes,ff++,Deepfakes/c23/frames/985_981,Deepfakes,seen,1.0,0,base
/ai_paas_jf/pangqs/AIGC/safepp_pytorch/data/test/ff++/fake/Deepfakes/c23/frames/993_989/092.png,1,ff++_Deepfakes,ff++,Deepfakes/c23/frames/993_989,Deepfakes,seen,1.0,0,base
/ai_paas_jf/pangqs/AIGC/safepp_pytorch/data/test/ff++/fake/Deepfakes/c23/frames/994_986/020.png,1,ff++_Deepfakes,ff++,Deepfakes/c23/frames/994_986,Deepfakes,seen,1.0,0,base
/ai_paas_jf/pangqs/AIGC/safepp_pytorch/data/test/ff++/fake/Deepfakes/c23/frames/994_986/050.png,1,ff++_Deepfakes,ff++,Deepfakes/c23/frames/994_986,Deepfakes,seen,1.0,0,base
/ai_paas_jf/pangqs/AIGC/safepp_pytorch/data/test/ff++/fake/Deepfakes/c23/frames/998_561/254.png,1,ff++_Deepfakes,ff++,Deepfakes/c23/frames/998_561,Deepfakes,seen,1.0,0,base
/ai_paas_jf/pangqs/AIGC/safepp_pytorch/data/test/ff++/fake/Face2Face/c23/frames/001_870/272.png,1,ff++_Face2Face,ff++,Face2Face/c23/frames/001_870,Face2Face,seen,1.0,0,base
/ai_paas_jf/pangqs/AIGC/safepp_pytorch/data/test/ff++/fake/Face2Face/c23/frames/006_002/625.png,1,ff++_Face2Face,ff++,Face2Face/c23/frames/006_002,Face2Face,seen,1.0,0,base
/ai_paas_jf/pangqs/AIGC/safepp_pytorch/data/test/ff++/fake/Face2Face/c23/frames/008_990/068.png,1,ff++_Face2Face,ff++,Face2Face/c23/frames/008_990,Face2Face,seen,1.0,0,base
/ai_paas_jf/pangqs/AIGC/safepp_pytorch/data/test/ff++/fake/Face2Face/c23/frames/009_027/243.png,1,ff++_Face2Face,ff++,Face2Face/c23/frames/009_027,Face2Face,seen,1.0,0,base
/ai_paas_jf/pangqs/AIGC/safepp_pytorch/data/test/ff++/fake/Face2Face/c23/frames/009_027/263.png,1,ff++_Face2Face,ff++,Face2Face/c23/frames/009_027,Face2Face,seen,1.0,0,base
/ai_paas_jf/pangqs/AIGC/safepp_pytorch/data/test/ff++/fake/Face2Face/c23/frames/014_790/466.png,1,ff++_Face2Face,ff++,Face2Face/c23/frames/014_790,Face2Face,seen,1.0,0,base
/ai_paas_jf/pangqs/AIGC/safepp_pytorch/data/test/ff++/fake/Face2Face/c23/frames/020_344/406.png,1,ff++_Face2Face,ff++,Face2Face/c23/frames/020_344,Face2Face,seen,1.0,0,base
/ai_paas_jf/pangqs/AIGC/safepp_pytorch/data/test/ff++/fake/Face2Face/c23/frames/022_489/291.png,1,ff++_Face2Face,ff++,Face2Face/c23/frames/022_489,Face2Face,seen,1.0,0,base
/ai_paas_jf/pangqs/AIGC/safepp_pytorch/data/test/ff++/fake/Face2Face/c23/frames/022_489/437.png,1,ff++_Face2Face,ff++,Face2Face/c23/frames/022_489,Face2Face,seen,1.0,0,base
/ai_paas_jf/pangqs/AIGC/safepp_pytorch/data/test/ff++/fake/Face2Face/c23/frames/028_068/245.png,1,ff++_Face2Face,ff++,Face2Face/c23/frames/028_068,Face2Face,seen,1.0,0,base
/ai_paas_jf/pangqs/AIGC/safepp_pytorch/data/test/ff++/fake/Face2Face/c23/frames/031_163/215.png,1,ff++_Face2Face,ff++,Face2Face/c23/frames/031_163,Face2Face,seen,1.0,0,base
/ai_paas_jf/pangqs/AIGC/safepp_pytorch/data/test/ff++/fake/Face2Face/c23/frames/038_125/321.png,1,ff++_Face2Face,ff++,Face2Face/c23/frames/038_125,Face2Face,seen,1.0,0,base
/ai_paas_jf/pangqs/AIGC/safepp_pytorch/data/test/ff++/fake/Face2Face/c23/frames/039_058/646.png,1,ff++_Face2Face,ff++,Face2Face/c23/frames/039_058,Face2Face,seen,1.0,0,base
/ai_paas_jf/pangqs/AIGC/safepp_pytorch/data/test/ff++/fake/Face2Face/c23/frames/050_059/046.png,1,ff++_Face2Face,ff++,Face2Face/c23/frames/050_059,Face2Face,seen,1.0,0,base
/ai_paas_jf/pangqs/AIGC/safepp_pytorch/data/test/ff++/fake/Face2Face/c23/frames/050_059/557.png,1,ff++_Face2Face,ff++,Face2Face/c23/frames/050_059,Face2Face,seen,1.0,0,base
/ai_paas_jf/pangqs/AIGC/safepp_pytorch/data/test/ff++/fake/Face2Face/c23/frames/056_996/230.png,1,ff++_Face2Face,ff++,Face2Face/c23/frames/056_996,Face2Face,seen,1.0,0,base
/ai_paas_jf/pangqs/AIGC/safepp_pytorch/data/test/ff++/fake/Face2Face/c23/frames/057_070/342.png,1,ff++_Face2Face,ff++,Face2Face/c23/frames/057_070,Face2Face,seen,1.0,0,base
/ai_paas_jf/pangqs/AIGC/safepp_pytorch/data/test/ff++/fake/Face2Face/c23/frames/060_088/299.png,1,ff++_Face2Face,ff++,Face2Face/c23/frames/060_088,Face2Face,seen,1.0,0,base
/ai_paas_jf/pangqs/AIGC/safepp_pytorch/data/test/ff++/fake/Face2Face/c23/frames/088_060/462.png,1,ff++_Face2Face,ff++,Face2Face/c23/frames/088_060,Face2Face,seen,1.0,0,base
/ai_paas_jf/pangqs/AIGC/safepp_pytorch/data/test/ff++/fake/Face2Face/c23/frames/090_086/451.png,1,ff++_Face2Face,ff++,Face2Face/c23/frames/090_086,Face2Face,seen,1.0,0,base
/ai_paas_jf/pangqs/AIGC/safepp_pytorch/data/test/ff++/fake/Face2Face/c23/frames/101_096/146.png,1,ff++_Face2Face,ff++,Face2Face/c23/frames/101_096,Face2Face,seen,1.0,0,base
/ai_paas_jf/pangqs/AIGC/safepp_pytorch/data/test/ff++/fake/Face2Face/c23/frames/103_082/111.png,1,ff++_Face2Face,ff++,Face2Face/c23/frames/103_082,Face2Face,seen,1.0,0,base
/ai_paas_jf/pangqs/AIGC/safepp_pytorch/data/test/ff++/fake/Face2Face/c23/frames/120_118/158.png,1,ff++_Face2Face,ff++,Face2Face/c23/frames/120_118,Face2Face,seen,1.0,0,base
/ai_paas_jf/pangqs/AIGC/safepp_pytorch/data/test/ff++/fake/Face2Face/c23/frames/124_085/232.png,1,ff++_Face2Face,ff++,Face2Face/c23/frames/124_085,Face2Face,seen,1.0,0,base
/ai_paas_jf/pangqs/AIGC/safepp_pytorch/data/test/ff++/fake/Face2Face/c23/frames/125_038/039.png,1,ff++_Face2Face,ff++,Face2Face/c23/frames/125_038,Face2Face,seen,1.0,0,base
/ai_paas_jf/pangqs/AIGC/safepp_pytorch/data/test/ff++/fake/Face2Face/c23/frames/136_285/000.png,1,ff++_Face2Face,ff++,Face2Face/c23/frames/136_285,Face2Face,seen,1.0,0,base
/ai_paas_jf/pangqs/AIGC/safepp_pytorch/data/test/ff++/fake/Face2Face/c23/frames/150_153/070.png,1,ff++_Face2Face,ff++,Face2Face/c23/frames/150_153,Face2Face,seen,1.0,0,base
/ai_paas_jf/pangqs/AIGC/safepp_pytorch/data/test/ff++/fake/Face2Face/c23/frames/150_153/094.png,1,ff++_Face2Face,ff++,Face2Face/c23/frames/150_153,Face2Face,seen,1.0,0,base
/ai_paas_jf/pangqs/AIGC/safepp_pytorch/data/test/ff++/fake/Face2Face/c23/frames/160_928/036.png,1,ff++_Face2Face,ff++,Face2Face/c23/frames/160_928,Face2Face,seen,1.0,0,base
/ai_paas_jf/pangqs/AIGC/safepp_pytorch/data/test/ff++/fake/Face2Face/c23/frames/160_928/229.png,1,ff++_Face2Face,ff++,Face2Face/c23/frames/160_928,Face2Face,seen,1.0,0,base
/ai_paas_jf/pangqs/AIGC/safepp_pytorch/data/test/ff++/fake/Face2Face/c23/frames/164_216/245.png,1,ff++_Face2Face,ff++,Face2Face/c23/frames/164_216,Face2Face,seen,1.0,0,base
/ai_paas_jf/pangqs/AIGC/safepp_pytorch/data/test/ff++/fake/Face2Face/c23/frames/164_216/475.png,1,ff++_Face2Face,ff++,Face2Face/c23/frames/164_216,Face2Face,seen,1.0,0,base
/ai_paas_jf/pangqs/AIGC/safepp_pytorch/data/test/ff++/fake/Face2Face/c23/frames/165_137/253.png,1,ff++_Face2Face,ff++,Face2Face/c23/frames/165_137,Face2Face,seen,1.0,0,base
/ai_paas_jf/pangqs/AIGC/safepp_pytorch/data/test/ff++/fake/Face2Face/c23/frames/166_167/241.png,1,ff++_Face2Face,ff++,Face2Face/c23/frames/166_167,Face2Face,seen,1.0,0,base
/ai_paas_jf/pangqs/AIGC/safepp_pytorch/data/test/ff++/fake/Face2Face/c23/frames/167_166/121.png,1,ff++_Face2Face,ff++,Face2Face/c23/frames/167_166,Face2Face,seen,1.0,0,base
/ai_paas_jf/pangqs/AIGC/safepp_pytorch/data/test/ff++/fake/Face2Face/c23/frames/172_582/332.png,1,ff++_Face2Face,ff++,Face2Face/c23/frames/172_582,Face2Face,seen,1.0,0,base
/ai_paas_jf/pangqs/AIGC/safepp_pytorch/data/test/ff++/fake/Face2Face/c23/frames/173_171/034.png,1,ff++_Face2Face,ff++,Face2Face/c23/frames/173_171,Face2Face,seen,1.0,0,base
/ai_paas_jf/pangqs/AIGC/safepp_pytorch/data/test/ff++/fake/Face2Face/c23/frames/174_964/159.png,1,ff++_Face2Face,ff++,Face2Face/c23/frames/174_964,Face2Face,seen,1.0,0,base
/ai_paas_jf/pangqs/AIGC/safepp_pytorch/data/test/ff++/fake/Face2Face/c23/frames/174_964/348.png,1,ff++_Face2Face,ff++,Face2Face/c23/frames/174_964,Face2Face,seen,1.0,0,base
/ai_paas_jf/pangqs/AIGC/safepp_pytorch/data/test/ff++/fake/Face2Face/c23/frames/174_964/450.png,1,ff++_Face2Face,ff++,Face2Face/c23/frames/174_964,Face2Face,seen,1.0,0,base
/ai_paas_jf/pangqs/AIGC/safepp_pytorch/data/test/ff++/fake/Face2Face/c23/frames/179_212/293.png,1,ff++_Face2Face,ff++,Face2Face/c23/frames/179_212,Face2Face,seen,1.0,0,base
/ai_paas_jf/pangqs/AIGC/safepp_pytorch/data/test/ff++/fake/Face2Face/c23/frames/181_199/106.png,1,ff++_Face2Face,ff++,Face2Face/c23/frames/181_199,Face2Face,seen,1.0,0,base
/ai_paas_jf/pangqs/AIGC/safepp_pytorch/data/test/ff++/fake/Face2Face/c23/frames/182_242/266.png,1,ff++_Face2Face,ff++,Face2Face/c23/frames/182_242,Face2Face,seen,1.0,0,base
/ai_paas_jf/pangqs/AIGC/safepp_pytorch/data/test/ff++/fake/Face2Face/c23/frames/184_205/078.png,1,ff++_Face2Face,ff++,Face2Face/c23/frames/184_205,Face2Face,seen,1.0,0,base
/ai_paas_jf/pangqs/AIGC/safepp_pytorch/data/test/ff++/fake/Face2Face/c23/frames/185_276/053.png,1,ff++_Face2Face,ff++,Face2Face/c23/frames/185_276,Face2Face,seen,1.0,0,base
/ai_paas_jf/pangqs/AIGC/safepp_pytorch/data/test/ff++/fake/Face2Face/c23/frames/185_276/095.png,1,ff++_Face2Face,ff++,Face2Face/c23/frames/185_276,Face2Face,seen,1.0,0,base
/ai_paas_jf/pangqs/AIGC/safepp_pytorch/data/test/ff++/fake/Face2Face/c23/frames/187_234/272.png,1,ff++_Face2Face,ff++,Face2Face/c23/frames/187_234,Face2Face,seen,1.0,0,base
/ai_paas_jf/pangqs/AIGC/safepp_pytorch/data/test/ff++/fake/Face2Face/c23/frames/187_234/425.png,1,ff++_Face2Face,ff++,Face2Face/c23/frames/187_234,Face2Face,seen,1.0,0,base
/ai_paas_jf/pangqs/AIGC/safepp_pytorch/data/test/ff++/fake/Face2Face/c23/frames/188_191/000.png,1,ff++_Face2Face,ff++,Face2Face/c23/frames/188_191,Face2Face,seen,1.0,0,base
/ai_paas_jf/pangqs/AIGC/safepp_pytorch/data/test/ff++/fake/Face2Face/c23/frames/193_030/028.png,1,ff++_Face2Face,ff++,Face2Face/c23/frames/193_030,Face2Face,seen,1.0,0,base
/ai_paas_jf/pangqs/AIGC/safepp_pytorch/data/test/ff++/fake/Face2Face/c23/frames/193_030/114.png,1,ff++_Face2Face,ff++,Face2Face/c23/frames/193_030,Face2Face,seen,1.0,0,base
/ai_paas_jf/pangqs/AIGC/safepp_pytorch/data/test/ff++/fake/Face2Face/c23/frames/197_224/015.png,1,ff++_Face2Face,ff++,Face2Face/c23/frames/197_224,Face2Face,seen,1.0,0,base
/ai_paas_jf/pangqs/AIGC/safepp_pytorch/data/test/ff++/fake/Face2Face/c23/frames/197_224/392.png,1,ff++_Face2Face,ff++,Face2Face/c23/frames/197_224,Face2Face,seen,1.0,0,base
/ai_paas_jf/pangqs/AIGC/safepp_pytorch/data/test/ff++/fake/Face2Face/c23/frames/201_203/229.png,1,ff++_Face2Face,ff++,Face2Face/c23/frames/201_203,Face2Face,seen,1.0,0,base
/ai_paas_jf/pangqs/AIGC/safepp_pytorch/data/test/ff++/fake/Face2Face/c23/frames/202_348/146.png,1,ff++_Face2Face,ff++,Face2Face/c23/frames/202_348,Face2Face,seen,1.0,0,base
/ai_paas_jf/pangqs/AIGC/safepp_pytorch/data/test/ff++/fake/Face2Face/c23/frames/202_348/266.png,1,ff++_Face2Face,ff++,Face2Face/c23/frames/202_348,Face2Face,seen,1.0,0,base
/ai_paas_jf/pangqs/AIGC/safepp_pytorch/data/test/ff++/fake/Face2Face/c23/frames/205_184/606.png,1,ff++_Face2Face,ff++,Face2Face/c23/frames/205_184,Face2Face,seen,1.0,0,base
/ai_paas_jf/pangqs/AIGC/safepp_pytorch/data/test/ff++/fake/Face2Face/c23/frames/206_221/069.png,1,ff++_Face2Face,ff++,Face2Face/c23/frames/206_221,Face2Face,seen,1.0,0,base
/ai_paas_jf/pangqs/AIGC/safepp_pytorch/data/test/ff++/fake/Face2Face/c23/frames/210_241/215.png,1,ff++_Face2Face,ff++,Face2Face/c23/frames/210_241,Face2Face,seen,1.0,0,base
/ai_paas_jf/pangqs/AIGC/safepp_pytorch/data/test/ff++/fake/Face2Face/c23/frames/211_177/395.png,1,ff++_Face2Face,ff++,Face2Face/c23/frames/211_177,Face2Face,seen,1.0,0,base
/ai_paas_jf/pangqs/AIGC/safepp_pytorch/data/test/ff++/fake/Face2Face/c23/frames/212_179/1259.png,1,ff++_Face2Face,ff++,Face2Face/c23/frames/212_179,Face2Face,seen,1.0,0,base
/ai_paas_jf/pangqs/AIGC/safepp_pytorch/data/test/ff++/fake/Face2Face/c23/frames/215_208/299.png,1,ff++_Face2Face,ff++,Face2Face/c23/frames/215_208,Face2Face,seen,1.0,0,base
/ai_paas_jf/pangqs/AIGC/safepp_pytorch/data/test/ff++/fake/Face2Face/c23/frames/222_168/118.png,1,ff++_Face2Face,ff++,Face2Face/c23/frames/222_168,Face2Face,seen,1.0,0,base
/ai_paas_jf/pangqs/AIGC/safepp_pytorch/data/test/ff++/fake/Face2Face/c23/frames/225_151/223.png,1,ff++_Face2Face,ff++,Face2Face/c23/frames/225_151,Face2Face,seen,1.0,0,base
/ai_paas_jf/pangqs/AIGC/safepp_pytorch/data/test/ff++/fake/Face2Face/c23/frames/230_204/397.png,1,ff++_Face2Face,ff++,Face2Face/c23/frames/230_204,Face2Face,seen,1.0,0,base
/ai_paas_jf/pangqs/AIGC/safepp_pytorch/data/test/ff++/fake/Face2Face/c23/frames/232_248/127.png,1,ff++_Face2Face,ff++,Face2Face/c23/frames/232_248,Face2Face,seen,1.0,0,base
/ai_paas_jf/pangqs/AIGC/safepp_pytorch/data/test/ff++/fake/Face2Face/c23/frames/238_282/095.png,1,ff++_Face2Face,ff++,Face2Face/c23/frames/238_282,Face2Face,seen,1.0,0,base
/ai_paas_jf/pangqs/AIGC/safepp_pytorch/data/test/ff++/fake/Face2Face/c23/frames/239_218/329.png,1,ff++_Face2Face,ff++,Face2Face/c23/frames/239_218,Face2Face,seen,1.0,0,base
/ai_paas_jf/pangqs/AIGC/safepp_pytorch/data/test/ff++/fake/Face2Face/c23/frames/260_331/135.png,1,ff++_Face2Face,ff++,Face2Face/c23/frames/260_331,Face2Face,seen,1.0,0,base
/ai_paas_jf/pangqs/AIGC/safepp_pytorch/data/test/ff++/fake/Face2Face/c23/frames/260_331/241.png,1,ff++_Face2Face,ff++,Face2Face/c23/frames/260_331,Face2Face,seen,1.0,0,base
/ai_paas_jf/pangqs/AIGC/safepp_pytorch/data/test/ff++/fake/Face2Face/c23/frames/264_271/236.png,1,ff++_Face2Face,ff++,Face2Face/c23/frames/264_271,Face2Face,seen,1.0,0,base
/ai_paas_jf/pangqs/AIGC/safepp_pytorch/data/test/ff++/fake/Face2Face/c23/frames/267_286/064.png,1,ff++_Face2Face,ff++,Face2Face/c23/frames/267_286,Face2Face,seen,1.0,0,base
/ai_paas_jf/pangqs/AIGC/safepp_pytorch/data/test/ff++/fake/Face2Face/c23/frames/267_286/667.png,1,ff++_Face2Face,ff++,Face2Face/c23/frames/267_286,Face2Face,seen,1.0,0,base
/ai_paas_jf/pangqs/AIGC/safepp_pytorch/data/test/ff++/fake/Face2Face/c23/frames/271_264/117.png,1,ff++_Face2Face,ff++,Face2Face/c23/frames/271_264,Face2Face,seen,1.0,0,base
/ai_paas_jf/pangqs/AIGC/safepp_pytorch/data/test/ff++/fake/Face2Face/c23/frames/275_887/218.png,1,ff++_Face2Face,ff++,Face2Face/c23/frames/275_887,Face2Face,seen,1.0,0,base
/ai_paas_jf/pangqs/AIGC/safepp_pytorch/data/test/ff++/fake/Face2Face/c23/frames/277_335/037.png,1,ff++_Face2Face,ff++,Face2Face/c23/frames/277_335,Face2Face,seen,1.0,0,base
/ai_paas_jf/pangqs/AIGC/safepp_pytorch/data/test/ff++/fake/Face2Face/c23/frames/279_298/293.png,1,ff++_Face2Face,ff++,Face2Face/c23/frames/279_298,Face2Face,seen,1.0,0,base
/ai_paas_jf/pangqs/AIGC/safepp_pytorch/data/test/ff++/fake/Face2Face/c23/frames/285_136/078.png,1,ff++_Face2Face,ff++,Face2Face/c23/frames/285_136,Face2Face,seen,1.0,0,base
/ai_paas_jf/pangqs/AIGC/safepp_pytorch/data/test/ff++/fake/Face2Face/c23/frames/290_240/1149.png,1,ff++_Face2Face,ff++,Face2Face/c23/frames/290_240,Face2Face,seen,1.0,0,base
/ai_paas_jf/pangqs/AIGC/safepp_pytorch/data/test/ff++/fake/Face2Face/c23/frames/297_270/000.png,1,ff++_Face2Face,ff++,Face2Face/c23/frames/297_270,Face2Face,seen,1.0,0,base
/ai_paas_jf/pangqs/AIGC/safepp_pytorch/data/test/ff++/fake/Face2Face/c23/frames/300_304/098.png,1,ff++_Face2Face,ff++,Face2Face/c23/frames/300_304,Face2Face,seen,1.0,0,base
/ai_paas_jf/pangqs/AIGC/safepp_pytorch/data/test/ff++/fake/Face2Face/c23/frames/300_304/353.png,1,ff++_Face2Face,ff++,Face2Face/c23/frames/300_304,Face2Face,seen,1.0,0,base
/ai_paas_jf/pangqs/AIGC/safepp_pytorch/data/test/ff++/fake/Face2Face/c23/frames/302_323/014.png,1,ff++_Face2Face,ff++,Face2Face/c23/frames/302_323,Face2Face,seen,1.0,0,base
/ai_paas_jf/pangqs/AIGC/safepp_pytorch/data/test/ff++/fake/Face2Face/c23/frames/312_021/360.png,1,ff++_Face2Face,ff++,Face2Face/c23/frames/312_021,Face2Face,seen,1.0,0,base
/ai_paas_jf/pangqs/AIGC/safepp_pytorch/data/test/ff++/fake/Face2Face/c23/frames/312_021/402.png,1,ff++_Face2Face,ff++,Face2Face/c23/frames/312_021,Face2Face,seen,1.0,0,base
/ai_paas_jf/pangqs/AIGC/safepp_pytorch/data/test/ff++/fake/Face2Face/c23/frames/317_359/220.png,1,ff++_Face2Face,ff++,Face2Face/c23/frames/317_359,Face2Face,seen,1.0,0,base
/ai_paas_jf/pangqs/AIGC/safepp_pytorch/data/test/ff++/fake/Face2Face/c23/frames/318_334/561.png,1,ff++_Face2Face,ff++,Face2Face/c23/frames/318_334,Face2Face,seen,1.0,0,base
/ai_paas_jf/pangqs/AIGC/safepp_pytorch/data/test/ff++/fake/Face2Face/c23/frames/323_302/507.png,1,ff++_Face2Face,ff++,Face2Face/c23/frames/323_302,Face2Face,seen,1.0,0,base
/ai_paas_jf/pangqs/AIGC/safepp_pytorch/data/test/ff++/fake/Face2Face/c23/frames/326_501/100.png,1,ff++_Face2Face,ff++,Face2Face/c23/frames/326_501,Face2Face,seen,1.0,0,base
/ai_paas_jf/pangqs/AIGC/safepp_pytorch/data/test/ff++/fake/Face2Face/c23/frames/326_501/369.png,1,ff++_Face2Face,ff++,Face2Face/c23/frames/326_501,Face2Face,seen,1.0,0,base
/ai_paas_jf/pangqs/AIGC/safepp_pytorch/data/test/ff++/fake/Face2Face/c23/frames/329_327/047.png,1,ff++_Face2Face,ff++,Face2Face/c23/frames/329_327,Face2Face,seen,1.0,0,base
/ai_paas_jf/pangqs/AIGC/safepp_pytorch/data/test/ff++/fake/Face2Face/c23/frames/331_260/252.png,1,ff++_Face2Face,ff++,Face2Face/c23/frames/331_260,Face2Face,seen,1.0,0,base
/ai_paas_jf/pangqs/AIGC/safepp_pytorch/data/test/ff++/fake/Face2Face/c23/frames/332_051/023.png,1,ff++_Face2Face,ff++,Face2Face/c23/frames/332_051,Face2Face,seen,1.0,0,base
/ai_paas_jf/pangqs/AIGC/safepp_pytorch/data/test/ff++/fake/Face2Face/c23/frames/336_338/572.png,1,ff++_Face2Face,ff++,Face2Face/c23/frames/336_338,Face2Face,seen,1.0,0,base
/ai_paas_jf/pangqs/AIGC/safepp_pytorch/data/test/ff++/fake/Face2Face/c23/frames/340_341/799.png,1,ff++_Face2Face,ff++,Face2Face/c23/frames/340_341,Face2Face,seen,1.0,0,base
/ai_paas_jf/pangqs/AIGC/safepp_pytorch/data/test/ff++/fake/Face2Face/c23/frames/343_363/091.png,1,ff++_Face2Face,ff++,Face2Face/c23/frames/343_363,Face2Face,seen,1.0,0,base
/ai_paas_jf/pangqs/AIGC/safepp_pytorch/data/test/ff++/fake/Face2Face/c23/frames/344_020/025.png,1,ff++_Face2Face,ff++,Face2Face/c23/frames/344_020,Face2Face,seen,1.0,0,base
/ai_paas_jf/pangqs/AIGC/safepp_pytorch/data/test/ff++/fake/Face2Face/c23/frames/346_351/088.png,1,ff++_Face2Face,ff++,Face2Face/c23/frames/346_351,Face2Face,seen,1.0,0,base
/ai_paas_jf/pangqs/AIGC/safepp_pytorch/data/test/ff++/fake/Face2Face/c23/frames/348_202/207.png,1,ff++_Face2Face,ff++,Face2Face/c23/frames/348_202,Face2Face,seen,1.0,0,base
/ai_paas_jf/pangqs/AIGC/safepp_pytorch/data/test/ff++/fake/Face2Face/c23/frames/353_383/314.png,1,ff++_Face2Face,ff++,Face2Face/c23/frames/353_383,Face2Face,seen,1.0,0,base
/ai_paas_jf/pangqs/AIGC/safepp_pytorch/data/test/ff++/fake/Face2Face/c23/frames/355_748/132.png,1,ff++_Face2Face,ff++,Face2Face/c23/frames/355_748,Face2Face,seen,1.0,0,base
/ai_paas_jf/pangqs/AIGC/safepp_pytorch/data/test/ff++/fake/Face2Face/c23/frames/359_317/219.png,1,ff++_Face2Face,ff++,Face2Face/c23/frames/359_317,Face2Face,seen,1.0,0,base
/ai_paas_jf/pangqs/AIGC/safepp_pytorch/data/test/ff++/fake/Face2Face/c23/frames/360_437/267.png,1,ff++_Face2Face,ff++,Face2Face/c23/frames/360_437,Face2Face,seen,1.0,0,base
/ai_paas_jf/pangqs/AIGC/safepp_pytorch/data/test/ff++/fake/Face2Face/c23/frames/363_343/259.png,1,ff++_Face2Face,ff++,Face2Face/c23/frames/363_343,Face2Face,seen,1.0,0,base
/ai_paas_jf/pangqs/AIGC/safepp_pytorch/data/test/ff++/fake/Face2Face/c23/frames/366_473/499.png,1,ff++_Face2Face,ff++,Face2Face/c23/frames/366_473,Face2Face,seen,1.0,0,base
/ai_paas_jf/pangqs/AIGC/safepp_pytorch/data/test/ff++/fake/Face2Face/c23/frames/378_368/563.png,1,ff++_Face2Face,ff++,Face2Face/c23/frames/378_368,Face2Face,seen,1.0,0,base
/ai_paas_jf/pangqs/AIGC/safepp_pytorch/data/test/ff++/fake/Face2Face/c23/frames/396_272/041.png,1,ff++_Face2Face,ff++,Face2Face/c23/frames/396_272,Face2Face,seen,1.0,0,base
/ai_paas_jf/pangqs/AIGC/safepp_pytorch/data/test/ff++/fake/Face2Face/c23/frames/405_393/428.png,1,ff++_Face2Face,ff++,Face2Face/c23/frames/405_393,Face2Face,seen,1.0,0,base
/ai_paas_jf/pangqs/AIGC/safepp_pytorch/data/test/ff++/fake/Face2Face/c23/frames/406_391/422.png,1,ff++_Face2Face,ff++,Face2Face/c23/frames/406_391,Face2Face,seen,1.0,0,base
/ai_paas_jf/pangqs/AIGC/safepp_pytorch/data/test/ff++/fake/Face2Face/c23/frames/407_374/547.png,1,ff++_Face2Face,ff++,Face2Face/c23/frames/407_374,Face2Face,seen,1.0,0,base
/ai_paas_jf/pangqs/AIGC/safepp_pytorch/data/test/ff++/fake/Face2Face/c23/frames/408_424/050.png,1,ff++_Face2Face,ff++,Face2Face/c23/frames/408_424,Face2Face,seen,1.0,0,base
/ai_paas_jf/pangqs/AIGC/safepp_pytorch/data/test/ff++/fake/Face2Face/c23/frames/411_410/280.png,1,ff++_Face2Face,ff++,Face2Face/c23/frames/411_410,Face2Face,seen,1.0,0,base
/ai_paas_jf/pangqs/AIGC/safepp_pytorch/data/test/ff++/fake/Face2Face/c23/frames/411_410/339.png,1,ff++_Face2Face,ff++,Face2Face/c23/frames/411_410,Face2Face,seen,1.0,0,base
/ai_paas_jf/pangqs/AIGC/safepp_pytorch/data/test/ff++/fake/Face2Face/c23/frames/427_637/344.png,1,ff++_Face2Face,ff++,Face2Face/c23/frames/427_637,Face2Face,seen,1.0,0,base
/ai_paas_jf/pangqs/AIGC/safepp_pytorch/data/test/ff++/fake/Face2Face/c23/frames/434_438/401.png,1,ff++_Face2Face,ff++,Face2Face/c23/frames/434_438,Face2Face,seen,1.0,0,base
/ai_paas_jf/pangqs/AIGC/safepp_pytorch/data/test/ff++/fake/Face2Face/c23/frames/436_526/000.png,1,ff++_Face2Face,ff++,Face2Face/c23/frames/436_526,Face2Face,seen,1.0,0,base
/ai_paas_jf/pangqs/AIGC/safepp_pytorch/data/test/ff++/fake/Face2Face/c23/frames/436_526/648.png,1,ff++_Face2Face,ff++,Face2Face/c23/frames/436_526,Face2Face,seen,1.0,0,base
/ai_paas_jf/pangqs/AIGC/safepp_pytorch/data/test/ff++/fake/Face2Face/c23/frames/444_655/545.png,1,ff++_Face2Face,ff++,Face2Face/c23/frames/444_655,Face2Face,seen,1.0,0,base
/ai_paas_jf/pangqs/AIGC/safepp_pytorch/data/test/ff++/fake/Face2Face/c23/frames/447_431/158.png,1,ff++_Face2Face,ff++,Face2Face/c23/frames/447_431,Face2Face,seen,1.0,0,base
/ai_paas_jf/pangqs/AIGC/safepp_pytorch/data/test/ff++/fake/Face2Face/c23/frames/447_431/218.png,1,ff++_Face2Face,ff++,Face2Face/c23/frames/447_431,Face2Face,seen,1.0,0,base
/ai_paas_jf/pangqs/AIGC/safepp_pytorch/data/test/ff++/fake/Face2Face/c23/frames/449_451/123.png,1,ff++_Face2Face,ff++,Face2Face/c23/frames/449_451,Face2Face,seen,1.0,0,base
/ai_paas_jf/pangqs/AIGC/safepp_pytorch/data/test/ff++/fake/Face2Face/c23/frames/449_451/221.png,1,ff++_Face2Face,ff++,Face2Face/c23/frames/449_451,Face2Face,seen,1.0,0,base
/ai_paas_jf/pangqs/AIGC/safepp_pytorch/data/test/ff++/fake/Face2Face/c23/frames/457_398/412.png,1,ff++_Face2Face,ff++,Face2Face/c23/frames/457_398,Face2Face,seen,1.0,0,base
/ai_paas_jf/pangqs/AIGC/safepp_pytorch/data/test/ff++/fake/Face2Face/c23/frames/463_464/091.png,1,ff++_Face2Face,ff++,Face2Face/c23/frames/463_464,Face2Face,seen,1.0,0,base
/ai_paas_jf/pangqs/AIGC/safepp_pytorch/data/test/ff++/fake/Face2Face/c23/frames/464_463/243.png,1,ff++_Face2Face,ff++,Face2Face/c23/frames/464_463,Face2Face,seen,1.0,0,base
/ai_paas_jf/pangqs/AIGC/safepp_pytorch/data/test/ff++/fake/Face2Face/c23/frames/466_428/086.png,1,ff++_Face2Face,ff++,Face2Face/c23/frames/466_428,Face2Face,seen,1.0,0,base
/ai_paas_jf/pangqs/AIGC/safepp_pytorch/data/test/ff++/fake/Face2Face/c23/frames/496_417/166.png,1,ff++_Face2Face,ff++,Face2Face/c23/frames/496_417,Face2Face,seen,1.0,0,base
/ai_paas_jf/pangqs/AIGC/safepp_pytorch/data/test/ff++/fake/Face2Face/c23/frames/500_592/382.png,1,ff++_Face2Face,ff++,Face2Face/c23/frames/500_592,Face2Face,seen,1.0,0,base
/ai_paas_jf/pangqs/AIGC/safepp_pytorch/data/test/ff++/fake/Face2Face/c23/frames/510_528/121.png,1,ff++_Face2Face,ff++,Face2Face/c23/frames/510_528,Face2Face,seen,1.0,0,base
/ai_paas_jf/pangqs/AIGC/safepp_pytorch/data/test/ff++/fake/Face2Face/c23/frames/510_528/169.png,1,ff++_Face2Face,ff++,Face2Face/c23/frames/510_528,Face2Face,seen,1.0,0,base
/ai_paas_jf/pangqs/AIGC/safepp_pytorch/data/test/ff++/fake/Face2Face/c23/frames/513_305/787.png,1,ff++_Face2Face,ff++,Face2Face/c23/frames/513_305,Face2Face,seen,1.0,0,base
/ai_paas_jf/pangqs/AIGC/safepp_pytorch/data/test/ff++/fake/Face2Face/c23/frames/520_542/061.png,1,ff++_Face2Face,ff++,Face2Face/c23/frames/520_542,Face2Face,seen,1.0,0,base
/ai_paas_jf/pangqs/AIGC/safepp_pytorch/data/test/ff++/fake/Face2Face/c23/frames/520_542/308.png,1,ff++_Face2Face,ff++,Face2Face/c23/frames/520_542,Face2Face,seen,1.0,0,base
/ai_paas_jf/pangqs/AIGC/safepp_pytorch/data/test/ff++/fake/Face2Face/c23/frames/522_337/053.png,1,ff++_Face2Face,ff++,Face2Face/c23/frames/522_337,Face2Face,seen,1.0,0,base
/ai_paas_jf/pangqs/AIGC/safepp_pytorch/data/test/ff++/fake/Face2Face/c23/frames/531_549/160.png,1,ff++_Face2Face,ff++,Face2Face/c23/frames/531_549,Face2Face,seen,1.0,0,base
/ai_paas_jf/pangqs/AIGC/safepp_pytorch/data/test/ff++/fake/Face2Face/c23/frames/533_450/498.png,1,ff++_Face2Face,ff++,Face2Face/c23/frames/533_450,Face2Face,seen,1.0,0,base
/ai_paas_jf/pangqs/AIGC/safepp_pytorch/data/test/ff++/fake/Face2Face/c23/frames/542_520/157.png,1,ff++_Face2Face,ff++,Face2Face/c23/frames/542_520,Face2Face,seen,1.0,0,base
/ai_paas_jf/pangqs/AIGC/safepp_pytorch/data/test/ff++/fake/Face2Face/c23/frames/549_531/030.png,1,ff++_Face2Face,ff++,Face2Face/c23/frames/549_531,Face2Face,seen,1.0,0,base
/ai_paas_jf/pangqs/AIGC/safepp_pytorch/data/test/ff++/fake/Face2Face/c23/frames/549_531/051.png,1,ff++_Face2Face,ff++,Face2Face/c23/frames/549_531,Face2Face,seen,1.0,0,base
/ai_paas_jf/pangqs/AIGC/safepp_pytorch/data/test/ff++/fake/Face2Face/c23/frames/553_545/280.png,1,ff++_Face2Face,ff++,Face2Face/c23/frames/553_545,Face2Face,seen,1.0,0,base
/ai_paas_jf/pangqs/AIGC/safepp_pytorch/data/test/ff++/fake/Face2Face/c23/frames/554_572/290.png,1,ff++_Face2Face,ff++,Face2Face/c23/frames/554_572,Face2Face,seen,1.0,0,base
/ai_paas_jf/pangqs/AIGC/safepp_pytorch/data/test/ff++/fake/Face2Face/c23/frames/559_543/601.png,1,ff++_Face2Face,ff++,Face2Face/c23/frames/559_543,Face2Face,seen,1.0,0,base
/ai_paas_jf/pangqs/AIGC/safepp_pytorch/data/test/ff++/fake/Face2Face/c23/frames/562_626/314.png,1,ff++_Face2Face,ff++,Face2Face/c23/frames/562_626,Face2Face,seen,1.0,0,base
/ai_paas_jf/pangqs/AIGC/safepp_pytorch/data/test/ff++/fake/Face2Face/c23/frames/575_603/237.png,1,ff++_Face2Face,ff++,Face2Face/c23/frames/575_603,Face2Face,seen,1.0,0,base
/ai_paas_jf/pangqs/AIGC/safepp_pytorch/data/test/ff++/fake/Face2Face/c23/frames/582_172/605.png,1,ff++_Face2Face,ff++,Face2Face/c23/frames/582_172,Face2Face,seen,1.0,0,base
/ai_paas_jf/pangqs/AIGC/safepp_pytorch/data/test/ff++/fake/Face2Face/c23/frames/587_535/042.png,1,ff++_Face2Face,ff++,Face2Face/c23/frames/587_535,Face2Face,seen,1.0,0,base
/ai_paas_jf/pangqs/AIGC/safepp_pytorch/data/test/ff++/fake/Face2Face/c23/frames/591_605/299.png,1,ff++_Face2Face,ff++,Face2Face/c23/frames/591_605,Face2Face,seen,1.0,0,base
/ai_paas_jf/pangqs/AIGC/safepp_pytorch/data/test/ff++/fake/Face2Face/c23/frames/592_500/075.png,1,ff++_Face2Face,ff++,Face2Face/c23/frames/592_500,Face2Face,seen,1.0,0,base
/ai_paas_jf/pangqs/AIGC/safepp_pytorch/data/test/ff++/fake/Face2Face/c23/frames/592_500/215.png,1,ff++_Face2Face,ff++,Face2Face/c23/frames/592_500,Face2Face,seen,1.0,0,base
/ai_paas_jf/pangqs/AIGC/safepp_pytorch/data/test/ff++/fake/Face2Face/c23/frames/596_609/346.png,1,ff++_Face2Face,ff++,Face2Face/c23/frames/596_609,Face2Face,seen,1.0,0,base
/ai_paas_jf/pangqs/AIGC/safepp_pytorch/data/test/ff++/fake/Face2Face/c23/frames/600_505/034.png,1,ff++_Face2Face,ff++,Face2Face/c23/frames/600_505,Face2Face,seen,1.0,0,base
/ai_paas_jf/pangqs/AIGC/safepp_pytorch/data/test/ff++/fake/Face2Face/c23/frames/603_575/053.png,1,ff++_Face2Face,ff++,Face2Face/c23/frames/603_575,Face2Face,seen,1.0,0,base
/ai_paas_jf/pangqs/AIGC/safepp_pytorch/data/test/ff++/fake/Face2Face/c23/frames/605_591/191.png,1,ff++_Face2Face,ff++,Face2Face/c23/frames/605_591,Face2Face,seen,1.0,0,base
/ai_paas_jf/pangqs/AIGC/safepp_pytorch/data/test/ff++/fake/Face2Face/c23/frames/616_614/244.png,1,ff++_Face2Face,ff++,Face2Face/c23/frames/616_614,Face2Face,seen,1.0,0,base
/ai_paas_jf/pangqs/AIGC/safepp_pytorch/data/test/ff++/fake/Face2Face/c23/frames/626_562/330.png,1,ff++_Face2Face,ff++,Face2Face/c23/frames/626_562,Face2Face,seen,1.0,0,base
/ai_paas_jf/pangqs/AIGC/safepp_pytorch/data/test/ff++/fake/Face2Face/c23/frames/626_562/420.png,1,ff++_Face2Face,ff++,Face2Face/c23/frames/626_562,Face2Face,seen,1.0,0,base
/ai_paas_jf/pangqs/AIGC/safepp_pytorch/data/test/ff++/fake/Face2Face/c23/frames/646_643/152.png,1,ff++_Face2Face,ff++,Face2Face/c23/frames/646_643,Face2Face,seen,1.0,0,base
/ai_paas_jf/pangqs/AIGC/safepp_pytorch/data/test/ff++/fake/Face2Face/c23/frames/648_654/026.png,1,ff++_Face2Face,ff++,Face2Face/c23/frames/648_654,Face2Face,seen,1.0,0,base
/ai_paas_jf/pangqs/AIGC/safepp_pytorch/data/test/ff++/fake/Face2Face/c23/frames/651_835/329.png,1,ff++_Face2Face,ff++,Face2Face/c23/frames/651_835,Face2Face,seen,1.0,0,base
/ai_paas_jf/pangqs/AIGC/safepp_pytorch/data/test/ff++/fake/Face2Face/c23/frames/652_773/130.png,1,ff++_Face2Face,ff++,Face2Face/c23/frames/652_773,Face2Face,seen,1.0,0,base
/ai_paas_jf/pangqs/AIGC/safepp_pytorch/data/test/ff++/fake/Face2Face/c23/frames/654_648/227.png,1,ff++_Face2Face,ff++,Face2Face/c23/frames/654_648,Face2Face,seen,1.0,0,base
/ai_paas_jf/pangqs/AIGC/safepp_pytorch/data/test/ff++/fake/Face2Face/c23/frames/655_444/323.png,1,ff++_Face2Face,ff++,Face2Face/c23/frames/655_444,Face2Face,seen,1.0,0,base
/ai_paas_jf/pangqs/AIGC/safepp_pytorch/data/test/ff++/fake/Face2Face/c23/frames/659_749/066.png,1,ff++_Face2Face,ff++,Face2Face/c23/frames/659_749,Face2Face,seen,1.0,0,base
/ai_paas_jf/pangqs/AIGC/safepp_pytorch/data/test/ff++/fake/Face2Face/c23/frames/674_744/085.png,1,ff++_Face2Face,ff++,Face2Face/c23/frames/674_744,Face2Face,seen,1.0,0,base
/ai_paas_jf/pangqs/AIGC/safepp_pytorch/data/test/ff++/fake/Face2Face/c23/frames/678_460/247.png,1,ff++_Face2Face,ff++,Face2Face/c23/frames/678_460,Face2Face,seen,1.0,0,base
/ai_paas_jf/pangqs/AIGC/safepp_pytorch/data/test/ff++/fake/Face2Face/c23/frames/680_486/054.png,1,ff++_Face2Face,ff++,Face2Face/c23/frames/680_486,Face2Face,seen,1.0,0,base
/ai_paas_jf/pangqs/AIGC/safepp_pytorch/data/test/ff++/fake/Face2Face/c23/frames/687_615/261.png,1,ff++_Face2Face,ff++,Face2Face/c23/frames/687_615,Face2Face,seen,1.0,0,base
/ai_paas_jf/pangqs/AIGC/safepp_pytorch/data/test/ff++/fake/Face2Face/c23/frames/687_615/378.png,1,ff++_Face2Face,ff++,Face2Face/c23/frames/687_615,Face2Face,seen,1.0,0,base
/ai_paas_jf/pangqs/AIGC/safepp_pytorch/data/test/ff++/fake/Face2Face/c23/frames/692_610/038.png,1,ff++_Face2Face,ff++,Face2Face/c23/frames/692_610,Face2Face,seen,1.0,0,base
/ai_paas_jf/pangqs/AIGC/safepp_pytorch/data/test/ff++/fake/Face2Face/c23/frames/693_698/283.png,1,ff++_Face2Face,ff++,Face2Face/c23/frames/693_698,Face2Face,seen,1.0,0,base
/ai_paas_jf/pangqs/AIGC/safepp_pytorch/data/test/ff++/fake/Face2Face/c23/frames/694_767/144.png,1,ff++_Face2Face,ff++,Face2Face/c23/frames/694_767,Face2Face,seen,1.0,0,base
/ai_paas_jf/pangqs/AIGC/safepp_pytorch/data/test/ff++/fake/Face2Face/c23/frames/696_686/000.png,1,ff++_Face2Face,ff++,Face2Face/c23/frames/696_686,Face2Face,seen,1.0,0,base
/ai_paas_jf/pangqs/AIGC/safepp_pytorch/data/test/ff++/fake/Face2Face/c23/frames/697_581/159.png,1,ff++_Face2Face,ff++,Face2Face/c23/frames/697_581,Face2Face,seen,1.0,0,base
/ai_paas_jf/pangqs/AIGC/safepp_pytorch/data/test/ff++/fake/Face2Face/c23/frames/710_788/154.png,1,ff++_Face2Face,ff++,Face2Face/c23/frames/710_788,Face2Face,seen,1.0,0,base
/ai_paas_jf/pangqs/AIGC/safepp_pytorch/data/test/ff++/fake/Face2Face/c23/frames/711_681/487.png,1,ff++_Face2Face,ff++,Face2Face/c23/frames/711_681,Face2Face,seen,1.0,0,base
/ai_paas_jf/pangqs/AIGC/safepp_pytorch/data/test/ff++/fake/Face2Face/c23/frames/716_712/283.png,1,ff++_Face2Face,ff++,Face2Face/c23/frames/716_712,Face2Face,seen,1.0,0,base
/ai_paas_jf/pangqs/AIGC/safepp_pytorch/data/test/ff++/fake/Face2Face/c23/frames/716_712/425.png,1,ff++_Face2Face,ff++,Face2Face/c23/frames/716_712,Face2Face,seen,1.0,0,base
/ai_paas_jf/pangqs/AIGC/safepp_pytorch/data/test/ff++/fake/Face2Face/c23/frames/721_715/799.png,1,ff++_Face2Face,ff++,Face2Face/c23/frames/721_715,Face2Face,seen,1.0,0,base
/ai_paas_jf/pangqs/AIGC/safepp_pytorch/data/test/ff++/fake/Face2Face/c23/frames/723_704/217.png,1,ff++_Face2Face,ff++,Face2Face/c23/frames/723_704,Face2Face,seen,1.0,0,base
/ai_paas_jf/pangqs/AIGC/safepp_pytorch/data/test/ff++/fake/Face2Face/c23/frames/728_673/381.png,1,ff++_Face2Face,ff++,Face2Face/c23/frames/728_673,Face2Face,seen,1.0,0,base
/ai_paas_jf/pangqs/AIGC/safepp_pytorch/data/test/ff++/fake/Face2Face/c23/frames/733_935/052.png,1,ff++_Face2Face,ff++,Face2Face/c23/frames/733_935,Face2Face,seen,1.0,0,base
/ai_paas_jf/pangqs/AIGC/safepp_pytorch/data/test/ff++/fake/Face2Face/c23/frames/736_785/372.png,1,ff++_Face2Face,ff++,Face2Face/c23/frames/736_785,Face2Face,seen,1.0,0,base
/ai_paas_jf/pangqs/AIGC/safepp_pytorch/data/test/ff++/fake/Face2Face/c23/frames/749_659/612.png,1,ff++_Face2Face,ff++,Face2Face/c23/frames/749_659,Face2Face,seen,1.0,0,base
/ai_paas_jf/pangqs/AIGC/safepp_pytorch/data/test/ff++/fake/Face2Face/c23/frames/753_789/529.png,1,ff++_Face2Face,ff++,Face2Face/c23/frames/753_789,Face2Face,seen,1.0,0,base
/ai_paas_jf/pangqs/AIGC/safepp_pytorch/data/test/ff++/fake/Face2Face/c23/frames/760_611/228.png,1,ff++_Face2Face,ff++,Face2Face/c23/frames/760_611,Face2Face,seen,1.0,0,base
/ai_paas_jf/pangqs/AIGC/safepp_pytorch/data/test/ff++/fake/Face2Face/c23/frames/761_766/554.png,1,ff++_Face2Face,ff++,Face2Face/c23/frames/761_766,Face2Face,seen,1.0,0,base
/ai_paas_jf/pangqs/AIGC/safepp_pytorch/data/test/ff++/fake/Face2Face/c23/frames/763_930/403.png,1,ff++_Face2Face,ff++,Face2Face/c23/frames/763_930,Face2Face,seen,1.0,0,base
/ai_paas_jf/pangqs/AIGC/safepp_pytorch/data/test/ff++/fake/Face2Face/c23/frames/765_867/864.png,1,ff++_Face2Face,ff++,Face2Face/c23/frames/765_867,Face2Face,seen,1.0,0,base
/ai_paas_jf/pangqs/AIGC/safepp_pytorch/data/test/ff++/fake/Face2Face/c23/frames/766_761/110.png,1,ff++_Face2Face,ff++,Face2Face/c23/frames/766_761,Face2Face,seen,1.0,0,base
/ai_paas_jf/pangqs/AIGC/safepp_pytorch/data/test/ff++/fake/Face2Face/c23/frames/766_761/275.png,1,ff++_Face2Face,ff++,Face2Face/c23/frames/766_761,Face2Face,seen,1.0,0,base
/ai_paas_jf/pangqs/AIGC/safepp_pytorch/data/test/ff++/fake/Face2Face/c23/frames/769_784/125.png,1,ff++_Face2Face,ff++,Face2Face/c23/frames/769_784,Face2Face,seen,1.0,0,base
/ai_paas_jf/pangqs/AIGC/safepp_pytorch/data/test/ff++/fake/Face2Face/c23/frames/772_708/141.png,1,ff++_Face2Face,ff++,Face2Face/c23/frames/772_708,Face2Face,seen,1.0,0,base
/ai_paas_jf/pangqs/AIGC/safepp_pytorch/data/test/ff++/fake/Face2Face/c23/frames/773_652/220.png,1,ff++_Face2Face,ff++,Face2Face/c23/frames/773_652,Face2Face,seen,1.0,0,base
/ai_paas_jf/pangqs/AIGC/safepp_pytorch/data/test/ff++/fake/Face2Face/c23/frames/782_787/258.png,1,ff++_Face2Face,ff++,Face2Face/c23/frames/782_787,Face2Face,seen,1.0,0,base
/ai_paas_jf/pangqs/AIGC/safepp_pytorch/data/test/ff++/fake/Face2Face/c23/frames/784_769/358.png,1,ff++_Face2Face,ff++,Face2Face/c23/frames/784_769,Face2Face,seen,1.0,0,base
/ai_paas_jf/pangqs/AIGC/safepp_pytorch/data/test/ff++/fake/Face2Face/c23/frames/785_736/013.png,1,ff++_Face2Face,ff++,Face2Face/c23/frames/785_736,Face2Face,seen,1.0,0,base
/ai_paas_jf/pangqs/AIGC/safepp_pytorch/data/test/ff++/fake/Face2Face/c23/frames/789_753/066.png,1,ff++_Face2Face,ff++,Face2Face/c23/frames/789_753,Face2Face,seen,1.0,0,base
/ai_paas_jf/pangqs/AIGC/safepp_pytorch/data/test/ff++/fake/Face2Face/c23/frames/789_753/508.png,1,ff++_Face2Face,ff++,Face2Face/c23/frames/789_753,Face2Face,seen,1.0,0,base
/ai_paas_jf/pangqs/AIGC/safepp_pytorch/data/test/ff++/fake/Face2Face/c23/frames/789_753/685.png,1,ff++_Face2Face,ff++,Face2Face/c23/frames/789_753,Face2Face,seen,1.0,0,base
/ai_paas_jf/pangqs/AIGC/safepp_pytorch/data/test/ff++/fake/Face2Face/c23/frames/795_907/050.png,1,ff++_Face2Face,ff++,Face2Face/c23/frames/795_907,Face2Face,seen,1.0,0,base
/ai_paas_jf/pangqs/AIGC/safepp_pytorch/data/test/ff++/fake/Face2Face/c23/frames/800_840/730.png,1,ff++_Face2Face,ff++,Face2Face/c23/frames/800_840,Face2Face,seen,1.0,0,base
/ai_paas_jf/pangqs/AIGC/safepp_pytorch/data/test/ff++/fake/Face2Face/c23/frames/805_011/081.png,1,ff++_Face2Face,ff++,Face2Face/c23/frames/805_011,Face2Face,seen,1.0,0,base
/ai_paas_jf/pangqs/AIGC/safepp_pytorch/data/test/ff++/fake/Face2Face/c23/frames/808_829/774.png,1,ff++_Face2Face,ff++,Face2Face/c23/frames/808_829,Face2Face,seen,1.0,0,base
/ai_paas_jf/pangqs/AIGC/safepp_pytorch/data/test/ff++/fake/Face2Face/c23/frames/808_829/800.png,1,ff++_Face2Face,ff++,Face2Face/c23/frames/808_829,Face2Face,seen,1.0,0,base
/ai_paas_jf/pangqs/AIGC/safepp_pytorch/data/test/ff++/fake/Face2Face/c23/frames/809_799/237.png,1,ff++_Face2Face,ff++,Face2Face/c23/frames/809_799,Face2Face,seen,1.0,0,base
/ai_paas_jf/pangqs/AIGC/safepp_pytorch/data/test/ff++/fake/Face2Face/c23/frames/811_920/190.png,1,ff++_Face2Face,ff++,Face2Face/c23/frames/811_920,Face2Face,seen,1.0,0,base
/ai_paas_jf/pangqs/AIGC/safepp_pytorch/data/test/ff++/fake/Face2Face/c23/frames/813_700/064.png,1,ff++_Face2Face,ff++,Face2Face/c23/frames/813_700,Face2Face,seen,1.0,0,base
/ai_paas_jf/pangqs/AIGC/safepp_pytorch/data/test/ff++/fake/Face2Face/c23/frames/815_730/069.png,1,ff++_Face2Face,ff++,Face2Face/c23/frames/815_730,Face2Face,seen,1.0,0,base
/ai_paas_jf/pangqs/AIGC/safepp_pytorch/data/test/ff++/fake/Face2Face/c23/frames/830_828/112.png,1,ff++_Face2Face,ff++,Face2Face/c23/frames/830_828,Face2Face,seen,1.0,0,base
/ai_paas_jf/pangqs/AIGC/safepp_pytorch/data/test/ff++/fake/Face2Face/c23/frames/838_810/542.png,1,ff++_Face2Face,ff++,Face2Face/c23/frames/838_810,Face2Face,seen,1.0,0,base
/ai_paas_jf/pangqs/AIGC/safepp_pytorch/data/test/ff++/fake/Face2Face/c23/frames/843_859/064.png,1,ff++_Face2Face,ff++,Face2Face/c23/frames/843_859,Face2Face,seen,1.0,0,base
/ai_paas_jf/pangqs/AIGC/safepp_pytorch/data/test/ff++/fake/Face2Face/c23/frames/844_797/139.png,1,ff++_Face2Face,ff++,Face2Face/c23/frames/844_797,Face2Face,seen,1.0,0,base
/ai_paas_jf/pangqs/AIGC/safepp_pytorch/data/test/ff++/fake/Face2Face/c23/frames/853_863/247.png,1,ff++_Face2Face,ff++,Face2Face/c23/frames/853_863,Face2Face,seen,1.0,0,base
/ai_paas_jf/pangqs/AIGC/safepp_pytorch/data/test/ff++/fake/Face2Face/c23/frames/853_863/297.png,1,ff++_Face2Face,ff++,Face2Face/c23/frames/853_863,Face2Face,seen,1.0,0,base
/ai_paas_jf/pangqs/AIGC/safepp_pytorch/data/test/ff++/fake/Face2Face/c23/frames/858_861/325.png,1,ff++_Face2Face,ff++,Face2Face/c23/frames/858_861,Face2Face,seen,1.0,0,base
/ai_paas_jf/pangqs/AIGC/safepp_pytorch/data/test/ff++/fake/Face2Face/c23/frames/859_843/102.png,1,ff++_Face2Face,ff++,Face2Face/c23/frames/859_843,Face2Face,seen,1.0,0,base
/ai_paas_jf/pangqs/AIGC/safepp_pytorch/data/test/ff++/fake/Face2Face/c23/frames/866_878/569.png,1,ff++_Face2Face,ff++,Face2Face/c23/frames/866_878,Face2Face,seen,1.0,0,base
/ai_paas_jf/pangqs/AIGC/safepp_pytorch/data/test/ff++/fake/Face2Face/c23/frames/870_001/103.png,1,ff++_Face2Face,ff++,Face2Face/c23/frames/870_001,Face2Face,seen,1.0,0,base
/ai_paas_jf/pangqs/AIGC/safepp_pytorch/data/test/ff++/fake/Face2Face/c23/frames/874_291/159.png,1,ff++_Face2Face,ff++,Face2Face/c23/frames/874_291,Face2Face,seen,1.0,0,base
/ai_paas_jf/pangqs/AIGC/safepp_pytorch/data/test/ff++/fake/Face2Face/c23/frames/879_963/066.png,1,ff++_Face2Face,ff++,Face2Face/c23/frames/879_963,Face2Face,seen,1.0,0,base
/ai_paas_jf/pangqs/AIGC/safepp_pytorch/data/test/ff++/fake/Face2Face/c23/frames/883_013/064.png,1,ff++_Face2Face,ff++,Face2Face/c23/frames/883_013,Face2Face,seen,1.0,0,base
/ai_paas_jf/pangqs/AIGC/safepp_pytorch/data/test/ff++/fake/Face2Face/c23/frames/883_013/266.png,1,ff++_Face2Face,ff++,Face2Face/c23/frames/883_013,Face2Face,seen,1.0,0,base
/ai_paas_jf/pangqs/AIGC/safepp_pytorch/data/test/ff++/fake/Face2Face/c23/frames/894_848/011.png,1,ff++_Face2Face,ff++,Face2Face/c23/frames/894_848,Face2Face,seen,1.0,0,base
/ai_paas_jf/pangqs/AIGC/safepp_pytorch/data/test/ff++/fake/Face2Face/c23/frames/903_792/000.png,1,ff++_Face2Face,ff++,Face2Face/c23/frames/903_792,Face2Face,seen,1.0,0,base
/ai_paas_jf/pangqs/AIGC/safepp_pytorch/data/test/ff++/fake/Face2Face/c23/frames/903_792/086.png,1,ff++_Face2Face,ff++,Face2Face/c23/frames/903_792,Face2Face,seen,1.0,0,base
/ai_paas_jf/pangqs/AIGC/safepp_pytorch/data/test/ff++/fake/Face2Face/c23/frames/905_860/325.png,1,ff++_Face2Face,ff++,Face2Face/c23/frames/905_860,Face2Face,seen,1.0,0,base
/ai_paas_jf/pangqs/AIGC/safepp_pytorch/data/test/ff++/fake/Face2Face/c23/frames/908_207/133.png,1,ff++_Face2Face,ff++,Face2Face/c23/frames/908_207,Face2Face,seen,1.0,0,base
/ai_paas_jf/pangqs/AIGC/safepp_pytorch/data/test/ff++/fake/Face2Face/c23/frames/910_911/052.png,1,ff++_Face2Face,ff++,Face2Face/c23/frames/910_911,Face2Face,seen,1.0,0,base
/ai_paas_jf/pangqs/AIGC/safepp_pytorch/data/test/ff++/fake/Face2Face/c23/frames/910_911/179.png,1,ff++_Face2Face,ff++,Face2Face/c23/frames/910_911,Face2Face,seen,1.0,0,base
/ai_paas_jf/pangqs/AIGC/safepp_pytorch/data/test/ff++/fake/Face2Face/c23/frames/913_893/069.png,1,ff++_Face2Face,ff++,Face2Face/c23/frames/913_893,Face2Face,seen,1.0,0,base
/ai_paas_jf/pangqs/AIGC/safepp_pytorch/data/test/ff++/fake/Face2Face/c23/frames/929_962/000.png,1,ff++_Face2Face,ff++,Face2Face/c23/frames/929_962,Face2Face,seen,1.0,0,base
/ai_paas_jf/pangqs/AIGC/safepp_pytorch/data/test/ff++/fake/Face2Face/c23/frames/930_763/418.png,1,ff++_Face2Face,ff++,Face2Face/c23/frames/930_763,Face2Face,seen,1.0,0,base
/ai_paas_jf/pangqs/AIGC/safepp_pytorch/data/test/ff++/fake/Face2Face/c23/frames/934_918/379.png,1,ff++_Face2Face,ff++,Face2Face/c23/frames/934_918,Face2Face,seen,1.0,0,base
/ai_paas_jf/pangqs/AIGC/safepp_pytorch/data/test/ff++/fake/Face2Face/c23/frames/937_888/296.png,1,ff++_Face2Face,ff++,Face2Face/c23/frames/937_888,Face2Face,seen,1.0,0,base
/ai_paas_jf/pangqs/AIGC/safepp_pytorch/data/test/ff++/fake/Face2Face/c23/frames/940_941/174.png,1,ff++_Face2Face,ff++,Face2Face/c23/frames/940_941,Face2Face,seen,1.0,0,base
/ai_paas_jf/pangqs/AIGC/safepp_pytorch/data/test/ff++/fake/Face2Face/c23/frames/940_941/477.png,1,ff++_Face2Face,ff++,Face2Face/c23/frames/940_941,Face2Face,seen,1.0,0,base
/ai_paas_jf/pangqs/AIGC/safepp_pytorch/data/test/ff++/fake/Face2Face/c23/frames/942_943/090.png,1,ff++_Face2Face,ff++,Face2Face/c23/frames/942_943,Face2Face,seen,1.0,0,base
/ai_paas_jf/pangqs/AIGC/safepp_pytorch/data/test/ff++/fake/Face2Face/c23/frames/943_942/031.png,1,ff++_Face2Face,ff++,Face2Face/c23/frames/943_942,Face2Face,seen,1.0,0,base
/ai_paas_jf/pangqs/AIGC/safepp_pytorch/data/test/ff++/fake/Face2Face/c23/frames/961_069/024.png,1,ff++_Face2Face,ff++,Face2Face/c23/frames/961_069,Face2Face,seen,1.0,0,base
/ai_paas_jf/pangqs/AIGC/safepp_pytorch/data/test/ff++/fake/Face2Face/c23/frames/961_069/498.png,1,ff++_Face2Face,ff++,Face2Face/c23/frames/961_069,Face2Face,seen,1.0,0,base
/ai_paas_jf/pangqs/AIGC/safepp_pytorch/data/test/ff++/fake/Face2Face/c23/frames/963_879/540.png,1,ff++_Face2Face,ff++,Face2Face/c23/frames/963_879,Face2Face,seen,1.0,0,base
/ai_paas_jf/pangqs/AIGC/safepp_pytorch/data/test/ff++/fake/Face2Face/c23/frames/967_984/207.png,1,ff++_Face2Face,ff++,Face2Face/c23/frames/967_984,Face2Face,seen,1.0,0,base
/ai_paas_jf/pangqs/AIGC/safepp_pytorch/data/test/ff++/fake/Face2Face/c23/frames/972_718/353.png,1,ff++_Face2Face,ff++,Face2Face/c23/frames/972_718,Face2Face,seen,1.0,0,base
/ai_paas_jf/pangqs/AIGC/safepp_pytorch/data/test/ff++/fake/Face2Face/c23/frames/976_954/205.png,1,ff++_Face2Face,ff++,Face2Face/c23/frames/976_954,Face2Face,seen,1.0,0,base
/ai_paas_jf/pangqs/AIGC/safepp_pytorch/data/test/ff++/fake/Face2Face/c23/frames/977_075/118.png,1,ff++_Face2Face,ff++,Face2Face/c23/frames/977_075,Face2Face,seen,1.0,0,base
/ai_paas_jf/pangqs/AIGC/safepp_pytorch/data/test/ff++/fake/Face2Face/c23/frames/978_975/146.png,1,ff++_Face2Face,ff++,Face2Face/c23/frames/978_975,Face2Face,seen,1.0,0,base
/ai_paas_jf/pangqs/AIGC/safepp_pytorch/data/test/ff++/fake/Face2Face/c23/frames/985_981/191.png,1,ff++_Face2Face,ff++,Face2Face/c23/frames/985_981,Face2Face,seen,1.0,0,base
/ai_paas_jf/pangqs/AIGC/safepp_pytorch/data/test/ff++/fake/Face2Face/c23/frames/989_993/223.png,1,ff++_Face2Face,ff++,Face2Face/c23/frames/989_993,Face2Face,seen,1.0,0,base
/ai_paas_jf/pangqs/AIGC/safepp_pytorch/data/test/ff++/fake/Face2Face/c23/frames/998_561/013.png,1,ff++_Face2Face,ff++,Face2Face/c23/frames/998_561,Face2Face,seen,1.0,0,base
/ai_paas_jf/pangqs/AIGC/safepp_pytorch/data/test/ff++/fake/Face2Face/c23/frames/998_561/080.png,1,ff++_Face2Face,ff++,Face2Face/c23/frames/998_561,Face2Face,seen,1.0,0,base
/ai_paas_jf/pangqs/AIGC/safepp_pytorch/data/test/ff++/fake/FaceSwap/c23/frames/002_006/029.png,1,ff++_FaceSwap,ff++,FaceSwap/c23/frames/002_006,FaceSwap,seen,1.0,0,base
/ai_paas_jf/pangqs/AIGC/safepp_pytorch/data/test/ff++/fake/FaceSwap/c23/frames/008_990/264.png,1,ff++_FaceSwap,ff++,FaceSwap/c23/frames/008_990,FaceSwap,seen,1.0,0,base
/ai_paas_jf/pangqs/AIGC/safepp_pytorch/data/test/ff++/fake/FaceSwap/c23/frames/013_883/064.png,1,ff++_FaceSwap,ff++,FaceSwap/c23/frames/013_883,FaceSwap,seen,1.0,0,base
/ai_paas_jf/pangqs/AIGC/safepp_pytorch/data/test/ff++/fake/FaceSwap/c23/frames/013_883/277.png,1,ff++_FaceSwap,ff++,FaceSwap/c23/frames/013_883,FaceSwap,seen,1.0,0,base
/ai_paas_jf/pangqs/AIGC/safepp_pytorch/data/test/ff++/fake/FaceSwap/c23/frames/014_790/130.png,1,ff++_FaceSwap,ff++,FaceSwap/c23/frames/014_790,FaceSwap,seen,1.0,0,base
/ai_paas_jf/pangqs/AIGC/safepp_pytorch/data/test/ff++/fake/FaceSwap/c23/frames/020_344/363.png,1,ff++_FaceSwap,ff++,FaceSwap/c23/frames/020_344,FaceSwap,seen,1.0,0,base
/ai_paas_jf/pangqs/AIGC/safepp_pytorch/data/test/ff++/fake/FaceSwap/c23/frames/021_312/055.png,1,ff++_FaceSwap,ff++,FaceSwap/c23/frames/021_312,FaceSwap,seen,1.0,0,base
/ai_paas_jf/pangqs/AIGC/safepp_pytorch/data/test/ff++/fake/FaceSwap/c23/frames/030_193/143.png,1,ff++_FaceSwap,ff++,FaceSwap/c23/frames/030_193,FaceSwap,seen,1.0,0,base
/ai_paas_jf/pangqs/AIGC/safepp_pytorch/data/test/ff++/fake/FaceSwap/c23/frames/031_163/303.png,1,ff++_FaceSwap,ff++,FaceSwap/c23/frames/031_163,FaceSwap,seen,1.0,0,base
/ai_paas_jf/pangqs/AIGC/safepp_pytorch/data/test/ff++/fake/FaceSwap/c23/frames/032_944/039.png,1,ff++_FaceSwap,ff++,FaceSwap/c23/frames/032_944,FaceSwap,seen,1.0,0,base
/ai_paas_jf/pangqs/AIGC/safepp_pytorch/data/test/ff++/fake/FaceSwap/c23/frames/039_058/333.png,1,ff++_FaceSwap,ff++,FaceSwap/c23/frames/039_058,FaceSwap,seen,1.0,0,base
/ai_paas_jf/pangqs/AIGC/safepp_pytorch/data/test/ff++/fake/FaceSwap/c23/frames/041_063/190.png,1,ff++_FaceSwap,ff++,FaceSwap/c23/frames/041_063,FaceSwap,seen,1.0,0,base
/ai_paas_jf/pangqs/AIGC/safepp_pytorch/data/test/ff++/fake/FaceSwap/c23/frames/041_063/280.png,1,ff++_FaceSwap,ff++,FaceSwap/c23/frames/041_063,FaceSwap,seen,1.0,0,base
/ai_paas_jf/pangqs/AIGC/safepp_pytorch/data/test/ff++/fake/FaceSwap/c23/frames/043_110/350.png,1,ff++_FaceSwap,ff++,FaceSwap/c23/frames/043_110,FaceSwap,seen,1.0,0,base
/ai_paas_jf/pangqs/AIGC/safepp_pytorch/data/test/ff++/fake/FaceSwap/c23/frames/049_946/092.png,1,ff++_FaceSwap,ff++,FaceSwap/c23/frames/049_946,FaceSwap,seen,1.0,0,base
/ai_paas_jf/pangqs/AIGC/safepp_pytorch/data/test/ff++/fake/FaceSwap/c23/frames/053_095/375.png,1,ff++_FaceSwap,ff++,FaceSwap/c23/frames/053_095,FaceSwap,seen,1.0,0,base
/ai_paas_jf/pangqs/AIGC/safepp_pytorch/data/test/ff++/fake/FaceSwap/c23/frames/054_071/011.png,1,ff++_FaceSwap,ff++,FaceSwap/c23/frames/054_071,FaceSwap,seen,1.0,0,base
/ai_paas_jf/pangqs/AIGC/safepp_pytorch/data/test/ff++/fake/FaceSwap/c23/frames/055_147/190.png,1,ff++_FaceSwap,ff++,FaceSwap/c23/frames/055_147,FaceSwap,seen,1.0,0,base
/ai_paas_jf/pangqs/AIGC/safepp_pytorch/data/test/ff++/fake/FaceSwap/c23/frames/058_039/058.png,1,ff++_FaceSwap,ff++,FaceSwap/c23/frames/058_039,FaceSwap,seen,1.0,0,base
/ai_paas_jf/pangqs/AIGC/safepp_pytorch/data/test/ff++/fake/FaceSwap/c23/frames/063_041/112.png,1,ff++_FaceSwap,ff++,FaceSwap/c23/frames/063_041,FaceSwap,seen,1.0,0,base
/ai_paas_jf/pangqs/AIGC/safepp_pytorch/data/test/ff++/fake/FaceSwap/c23/frames/063_041/190.png,1,ff++_FaceSwap,ff++,FaceSwap/c23/frames/063_041,FaceSwap,seen,1.0,0,base
/ai_paas_jf/pangqs/AIGC/safepp_pytorch/data/test/ff++/fake/FaceSwap/c23/frames/075_977/375.png,1,ff++_FaceSwap,ff++,FaceSwap/c23/frames/075_977,FaceSwap,seen,1.0,0,base
/ai_paas_jf/pangqs/AIGC/safepp_pytorch/data/test/ff++/fake/FaceSwap/c23/frames/077_100/163.png,1,ff++_FaceSwap,ff++,FaceSwap/c23/frames/077_100,FaceSwap,seen,1.0,0,base
/ai_paas_jf/pangqs/AIGC/safepp_pytorch/data/test/ff++/fake/FaceSwap/c23/frames/087_081/069.png,1,ff++_FaceSwap,ff++,FaceSwap/c23/frames/087_081,FaceSwap,seen,1.0,0,base
/ai_paas_jf/pangqs/AIGC/safepp_pytorch/data/test/ff++/fake/FaceSwap/c23/frames/088_060/000.png,1,ff++_FaceSwap,ff++,FaceSwap/c23/frames/088_060,FaceSwap,seen,1.0,0,base
/ai_paas_jf/pangqs/AIGC/safepp_pytorch/data/test/ff++/fake/FaceSwap/c23/frames/092_098/105.png,1,ff++_FaceSwap,ff++,FaceSwap/c23/frames/092_098,FaceSwap,seen,1.0,0,base
/ai_paas_jf/pangqs/AIGC/safepp_pytorch/data/test/ff++/fake/FaceSwap/c23/frames/097_033/107.png,1,ff++_FaceSwap,ff++,FaceSwap/c23/frames/097_033,FaceSwap,seen,1.0,0,base
/ai_paas_jf/pangqs/AIGC/safepp_pytorch/data/test/ff++/fake/FaceSwap/c23/frames/098_092/269.png,1,ff++_FaceSwap,ff++,FaceSwap/c23/frames/098_092,FaceSwap,seen,1.0,0,base
/ai_paas_jf/pangqs/AIGC/safepp_pytorch/data/test/ff++/fake/FaceSwap/c23/frames/109_107/067.png,1,ff++_FaceSwap,ff++,FaceSwap/c23/frames/109_107,FaceSwap,seen,1.0,0,base
/ai_paas_jf/pangqs/AIGC/safepp_pytorch/data/test/ff++/fake/FaceSwap/c23/frames/109_107/076.png,1,ff++_FaceSwap,ff++,FaceSwap/c23/frames/109_107,FaceSwap,seen,1.0,0,base
/ai_paas_jf/pangqs/AIGC/safepp_pytorch/data/test/ff++/fake/FaceSwap/c23/frames/110_043/031.png,1,ff++_FaceSwap,ff++,FaceSwap/c23/frames/110_043,FaceSwap,seen,1.0,0,base
/ai_paas_jf/pangqs/AIGC/safepp_pytorch/data/test/ff++/fake/FaceSwap/c23/frames/111_094/264.png,1,ff++_FaceSwap,ff++,FaceSwap/c23/frames/111_094,FaceSwap,seen,1.0,0,base
/ai_paas_jf/pangqs/AIGC/safepp_pytorch/data/test/ff++/fake/FaceSwap/c23/frames/117_217/141.png,1,ff++_FaceSwap,ff++,FaceSwap/c23/frames/117_217,FaceSwap,seen,1.0,0,base
/ai_paas_jf/pangqs/AIGC/safepp_pytorch/data/test/ff++/fake/FaceSwap/c23/frames/117_217/458.png,1,ff++_FaceSwap,ff++,FaceSwap/c23/frames/117_217,FaceSwap,seen,1.0,0,base
/ai_paas_jf/pangqs/AIGC/safepp_pytorch/data/test/ff++/fake/FaceSwap/c23/frames/118_120/033.png,1,ff++_FaceSwap,ff++,FaceSwap/c23/frames/118_120,FaceSwap,seen,1.0,0,base
/ai_paas_jf/pangqs/AIGC/safepp_pytorch/data/test/ff++/fake/FaceSwap/c23/frames/119_123/129.png,1,ff++_FaceSwap,ff++,FaceSwap/c23/frames/119_123,FaceSwap,seen,1.0,0,base
/ai_paas_jf/pangqs/AIGC/safepp_pytorch/data/test/ff++/fake/FaceSwap/c23/frames/120_118/169.png,1,ff++_FaceSwap,ff++,FaceSwap/c23/frames/120_118,FaceSwap,seen,1.0,0,base
/ai_paas_jf/pangqs/AIGC/safepp_pytorch/data/test/ff++/fake/FaceSwap/c23/frames/123_119/129.png,1,ff++_FaceSwap,ff++,FaceSwap/c23/frames/123_119,FaceSwap,seen,1.0,0,base
/ai_paas_jf/pangqs/AIGC/safepp_pytorch/data/test/ff++/fake/FaceSwap/c23/frames/133_148/000.png,1,ff++_FaceSwap,ff++,FaceSwap/c23/frames/133_148,FaceSwap,seen,1.0,0,base
/ai_paas_jf/pangqs/AIGC/safepp_pytorch/data/test/ff++/fake/FaceSwap/c23/frames/139_130/352.png,1,ff++_FaceSwap,ff++,FaceSwap/c23/frames/139_130,FaceSwap,seen,1.0,0,base
/ai_paas_jf/pangqs/AIGC/safepp_pytorch/data/test/ff++/fake/FaceSwap/c23/frames/148_133/198.png,1,ff++_FaceSwap,ff++,FaceSwap/c23/frames/148_133,FaceSwap,seen,1.0,0,base
/ai_paas_jf/pangqs/AIGC/safepp_pytorch/data/test/ff++/fake/FaceSwap/c23/frames/149_152/150.png,1,ff++_FaceSwap,ff++,FaceSwap/c23/frames/149_152,FaceSwap,seen,1.0,0,base
/ai_paas_jf/pangqs/AIGC/safepp_pytorch/data/test/ff++/fake/FaceSwap/c23/frames/152_149/150.png,1,ff++_FaceSwap,ff++,FaceSwap/c23/frames/152_149,FaceSwap,seen,1.0,0,base
/ai_paas_jf/pangqs/AIGC/safepp_pytorch/data/test/ff++/fake/FaceSwap/c23/frames/160_928/241.png,1,ff++_FaceSwap,ff++,FaceSwap/c23/frames/160_928,FaceSwap,seen,1.0,0,base
/ai_paas_jf/pangqs/AIGC/safepp_pytorch/data/test/ff++/fake/FaceSwap/c23/frames/167_166/098.png,1,ff++_FaceSwap,ff++,FaceSwap/c23/frames/167_166,FaceSwap,seen,1.0,0,base
/ai_paas_jf/pangqs/AIGC/safepp_pytorch/data/test/ff++/fake/FaceSwap/c23/frames/179_212/293.png,1,ff++_FaceSwap,ff++,FaceSwap/c23/frames/179_212,FaceSwap,seen,1.0,0,base
/ai_paas_jf/pangqs/AIGC/safepp_pytorch/data/test/ff++/fake/FaceSwap/c23/frames/180_105/299.png,1,ff++_FaceSwap,ff++,FaceSwap/c23/frames/180_105,FaceSwap,seen,1.0,0,base
/ai_paas_jf/pangqs/AIGC/safepp_pytorch/data/test/ff++/fake/FaceSwap/c23/frames/182_242/223.png,1,ff++_FaceSwap,ff++,FaceSwap/c23/frames/182_242,FaceSwap,seen,1.0,0,base
/ai_paas_jf/pangqs/AIGC/safepp_pytorch/data/test/ff++/fake/FaceSwap/c23/frames/184_205/108.png,1,ff++_FaceSwap,ff++,FaceSwap/c23/frames/184_205,FaceSwap,seen,1.0,0,base
/ai_paas_jf/pangqs/AIGC/safepp_pytorch/data/test/ff++/fake/FaceSwap/c23/frames/187_234/459.png,1,ff++_FaceSwap,ff++,FaceSwap/c23/frames/187_234,FaceSwap,seen,1.0,0,base
/ai_paas_jf/pangqs/AIGC/safepp_pytorch/data/test/ff++/fake/FaceSwap/c23/frames/193_030/143.png,1,ff++_FaceSwap,ff++,FaceSwap/c23/frames/193_030,FaceSwap,seen,1.0,0,base
/ai_paas_jf/pangqs/AIGC/safepp_pytorch/data/test/ff++/fake/FaceSwap/c23/frames/193_030/267.png,1,ff++_FaceSwap,ff++,FaceSwap/c23/frames/193_030,FaceSwap,seen,1.0,0,base
/ai_paas_jf/pangqs/AIGC/safepp_pytorch/data/test/ff++/fake/FaceSwap/c23/frames/195_442/214.png,1,ff++_FaceSwap,ff++,FaceSwap/c23/frames/195_442,FaceSwap,seen,1.0,0,base
/ai_paas_jf/pangqs/AIGC/safepp_pytorch/data/test/ff++/fake/FaceSwap/c23/frames/195_442/321.png,1,ff++_FaceSwap,ff++,FaceSwap/c23/frames/195_442,FaceSwap,seen,1.0,0,base
/ai_paas_jf/pangqs/AIGC/safepp_pytorch/data/test/ff++/fake/FaceSwap/c23/frames/197_224/267.png,1,ff++_FaceSwap,ff++,FaceSwap/c23/frames/197_224,FaceSwap,seen,1.0,0,base
/ai_paas_jf/pangqs/AIGC/safepp_pytorch/data/test/ff++/fake/FaceSwap/c23/frames/200_189/313.png,1,ff++_FaceSwap,ff++,FaceSwap/c23/frames/200_189,FaceSwap,seen,1.0,0,base
/ai_paas_jf/pangqs/AIGC/safepp_pytorch/data/test/ff++/fake/FaceSwap/c23/frames/204_230/335.png,1,ff++_FaceSwap,ff++,FaceSwap/c23/frames/204_230,FaceSwap,seen,1.0,0,base
/ai_paas_jf/pangqs/AIGC/safepp_pytorch/data/test/ff++/fake/FaceSwap/c23/frames/209_016/162.png,1,ff++_FaceSwap,ff++,FaceSwap/c23/frames/209_016,FaceSwap,seen,1.0,0,base
/ai_paas_jf/pangqs/AIGC/safepp_pytorch/data/test/ff++/fake/FaceSwap/c23/frames/211_177/145.png,1,ff++_FaceSwap,ff++,FaceSwap/c23/frames/211_177,FaceSwap,seen,1.0,0,base
/ai_paas_jf/pangqs/AIGC/safepp_pytorch/data/test/ff++/fake/FaceSwap/c23/frames/215_208/134.png,1,ff++_FaceSwap,ff++,FaceSwap/c23/frames/215_208,FaceSwap,seen,1.0,0,base
/ai_paas_jf/pangqs/AIGC/safepp_pytorch/data/test/ff++/fake/FaceSwap/c23/frames/222_168/000.png,1,ff++_FaceSwap,ff++,FaceSwap/c23/frames/222_168,FaceSwap,seen,1.0,0,base
/ai_paas_jf/pangqs/AIGC/safepp_pytorch/data/test/ff++/fake/FaceSwap/c23/frames/222_168/013.png,1,ff++_FaceSwap,ff++,FaceSwap/c23/frames/222_168,FaceSwap,seen,1.0,0,base
/ai_paas_jf/pangqs/AIGC/safepp_pytorch/data/test/ff++/fake/FaceSwap/c23/frames/222_168/026.png,1,ff++_FaceSwap,ff++,FaceSwap/c23/frames/222_168,FaceSwap,seen,1.0,0,base
/ai_paas_jf/pangqs/AIGC/safepp_pytorch/data/test/ff++/fake/FaceSwap/c23/frames/226_491/137.png,1,ff++_FaceSwap,ff++,FaceSwap/c23/frames/226_491,FaceSwap,seen,1.0,0,base
/ai_paas_jf/pangqs/AIGC/safepp_pytorch/data/test/ff++/fake/FaceSwap/c23/frames/242_182/117.png,1,ff++_FaceSwap,ff++,FaceSwap/c23/frames/242_182,FaceSwap,seen,1.0,0,base
/ai_paas_jf/pangqs/AIGC/safepp_pytorch/data/test/ff++/fake/FaceSwap/c23/frames/243_156/112.png,1,ff++_FaceSwap,ff++,FaceSwap/c23/frames/243_156,FaceSwap,seen,1.0,0,base
/ai_paas_jf/pangqs/AIGC/safepp_pytorch/data/test/ff++/fake/FaceSwap/c23/frames/247_229/100.png,1,ff++_FaceSwap,ff++,FaceSwap/c23/frames/247_229,FaceSwap,seen,1.0,0,base
/ai_paas_jf/pangqs/AIGC/safepp_pytorch/data/test/ff++/fake/FaceSwap/c23/frames/252_266/239.png,1,ff++_FaceSwap,ff++,FaceSwap/c23/frames/252_266,FaceSwap,seen,1.0,0,base
/ai_paas_jf/pangqs/AIGC/safepp_pytorch/data/test/ff++/fake/FaceSwap/c23/frames/262_301/025.png,1,ff++_FaceSwap,ff++,FaceSwap/c23/frames/262_301,FaceSwap,seen,1.0,0,base
/ai_paas_jf/pangqs/AIGC/safepp_pytorch/data/test/ff++/fake/FaceSwap/c23/frames/262_301/063.png,1,ff++_FaceSwap,ff++,FaceSwap/c23/frames/262_301,FaceSwap,seen,1.0,0,base
/ai_paas_jf/pangqs/AIGC/safepp_pytorch/data/test/ff++/fake/FaceSwap/c23/frames/264_271/117.png,1,ff++_FaceSwap,ff++,FaceSwap/c23/frames/264_271,FaceSwap,seen,1.0,0,base
/ai_paas_jf/pangqs/AIGC/safepp_pytorch/data/test/ff++/fake/FaceSwap/c23/frames/272_396/114.png,1,ff++_FaceSwap,ff++,FaceSwap/c23/frames/272_396,FaceSwap,seen,1.0,0,base
/ai_paas_jf/pangqs/AIGC/safepp_pytorch/data/test/ff++/fake/FaceSwap/c23/frames/277_335/049.png,1,ff++_FaceSwap,ff++,FaceSwap/c23/frames/277_335,FaceSwap,seen,1.0,0,base
/ai_paas_jf/pangqs/AIGC/safepp_pytorch/data/test/ff++/fake/FaceSwap/c23/frames/277_335/259.png,1,ff++_FaceSwap,ff++,FaceSwap/c23/frames/277_335,FaceSwap,seen,1.0,0,base
/ai_paas_jf/pangqs/AIGC/safepp_pytorch/data/test/ff++/fake/FaceSwap/c23/frames/277_335/358.png,1,ff++_FaceSwap,ff++,FaceSwap/c23/frames/277_335,FaceSwap,seen,1.0,0,base
/ai_paas_jf/pangqs/AIGC/safepp_pytorch/data/test/ff++/fake/FaceSwap/c23/frames/279_298/348.png,1,ff++_FaceSwap,ff++,FaceSwap/c23/frames/279_298,FaceSwap,seen,1.0,0,base
/ai_paas_jf/pangqs/AIGC/safepp_pytorch/data/test/ff++/fake/FaceSwap/c23/frames/282_238/114.png,1,ff++_FaceSwap,ff++,FaceSwap/c23/frames/282_238,FaceSwap,seen,1.0,0,base
/ai_paas_jf/pangqs/AIGC/safepp_pytorch/data/test/ff++/fake/FaceSwap/c23/frames/282_238/267.png,1,ff++_FaceSwap,ff++,FaceSwap/c23/frames/282_238,FaceSwap,seen,1.0,0,base
/ai_paas_jf/pangqs/AIGC/safepp_pytorch/data/test/ff++/fake/FaceSwap/c23/frames/283_313/325.png,1,ff++_FaceSwap,ff++,FaceSwap/c23/frames/283_313,FaceSwap,seen,1.0,0,base
/ai_paas_jf/pangqs/AIGC/safepp_pytorch/data/test/ff++/fake/FaceSwap/c23/frames/287_426/226.png,1,ff++_FaceSwap,ff++,FaceSwap/c23/frames/287_426,FaceSwap,seen,1.0,0,base
/ai_paas_jf/pangqs/AIGC/safepp_pytorch/data/test/ff++/fake/FaceSwap/c23/frames/294_292/355.png,1,ff++_FaceSwap,ff++,FaceSwap/c23/frames/294_292,FaceSwap,seen,1.0,0,base
/ai_paas_jf/pangqs/AIGC/safepp_pytorch/data/test/ff++/fake/FaceSwap/c23/frames/294_292/382.png,1,ff++_FaceSwap,ff++,FaceSwap/c23/frames/294_292,FaceSwap,seen,1.0,0,base
/ai_paas_jf/pangqs/AIGC/safepp_pytorch/data/test/ff++/fake/FaceSwap/c23/frames/295_099/383.png,1,ff++_FaceSwap,ff++,FaceSwap/c23/frames/295_099,FaceSwap,seen,1.0,0,base
/ai_paas_jf/pangqs/AIGC/safepp_pytorch/data/test/ff++/fake/FaceSwap/c23/frames/324_356/197.png,1,ff++_FaceSwap,ff++,FaceSwap/c23/frames/324_356,FaceSwap,seen,1.0,0,base
/ai_paas_jf/pangqs/AIGC/safepp_pytorch/data/test/ff++/fake/FaceSwap/c23/frames/329_327/293.png,1,ff++_FaceSwap,ff++,FaceSwap/c23/frames/329_327,FaceSwap,seen,1.0,0,base
/ai_paas_jf/pangqs/AIGC/safepp_pytorch/data/test/ff++/fake/FaceSwap/c23/frames/331_260/184.png,1,ff++_FaceSwap,ff++,FaceSwap/c23/frames/331_260,FaceSwap,seen,1.0,0,base
/ai_paas_jf/pangqs/AIGC/safepp_pytorch/data/test/ff++/fake/FaceSwap/c23/frames/332_051/044.png,1,ff++_FaceSwap,ff++,FaceSwap/c23/frames/332_051,FaceSwap,seen,1.0,0,base
/ai_paas_jf/pangqs/AIGC/safepp_pytorch/data/test/ff++/fake/FaceSwap/c23/frames/333_377/217.png,1,ff++_FaceSwap,ff++,FaceSwap/c23/frames/333_377,FaceSwap,seen,1.0,0,base
/ai_paas_jf/pangqs/AIGC/safepp_pytorch/data/test/ff++/fake/FaceSwap/c23/frames/339_392/102.png,1,ff++_FaceSwap,ff++,FaceSwap/c23/frames/339_392,FaceSwap,seen,1.0,0,base
/ai_paas_jf/pangqs/AIGC/safepp_pytorch/data/test/ff++/fake/FaceSwap/c23/frames/351_346/118.png,1,ff++_FaceSwap,ff++,FaceSwap/c23/frames/351_346,FaceSwap,seen,1.0,0,base
/ai_paas_jf/pangqs/AIGC/safepp_pytorch/data/test/ff++/fake/FaceSwap/c23/frames/357_432/333.png,1,ff++_FaceSwap,ff++,FaceSwap/c23/frames/357_432,FaceSwap,seen,1.0,0,base
/ai_paas_jf/pangqs/AIGC/safepp_pytorch/data/test/ff++/fake/FaceSwap/c23/frames/359_317/308.png,1,ff++_FaceSwap,ff++,FaceSwap/c23/frames/359_317,FaceSwap,seen,1.0,0,base
/ai_paas_jf/pangqs/AIGC/safepp_pytorch/data/test/ff++/fake/FaceSwap/c23/frames/368_378/220.png,1,ff++_FaceSwap,ff++,FaceSwap/c23/frames/368_378,FaceSwap,seen,1.0,0,base
/ai_paas_jf/pangqs/AIGC/safepp_pytorch/data/test/ff++/fake/FaceSwap/c23/frames/368_378/539.png,1,ff++_FaceSwap,ff++,FaceSwap/c23/frames/368_378,FaceSwap,seen,1.0,0,base
/ai_paas_jf/pangqs/AIGC/safepp_pytorch/data/test/ff++/fake/FaceSwap/c23/frames/372_413/085.png,1,ff++_FaceSwap,ff++,FaceSwap/c23/frames/372_413,FaceSwap,seen,1.0,0,base
/ai_paas_jf/pangqs/AIGC/safepp_pytorch/data/test/ff++/fake/FaceSwap/c23/frames/400_476/299.png,1,ff++_FaceSwap,ff++,FaceSwap/c23/frames/400_476,FaceSwap,seen,1.0,0,base
/ai_paas_jf/pangqs/AIGC/safepp_pytorch/data/test/ff++/fake/FaceSwap/c23/frames/406_391/428.png,1,ff++_FaceSwap,ff++,FaceSwap/c23/frames/406_391,FaceSwap,seen,1.0,0,base
/ai_paas_jf/pangqs/AIGC/safepp_pytorch/data/test/ff++/fake/FaceSwap/c23/frames/410_411/118.png,1,ff++_FaceSwap,ff++,FaceSwap/c23/frames/410_411,FaceSwap,seen,1.0,0,base
/ai_paas_jf/pangqs/AIGC/safepp_pytorch/data/test/ff++/fake/FaceSwap/c23/frames/412_274/305.png,1,ff++_FaceSwap,ff++,FaceSwap/c23/frames/412_274,FaceSwap,seen,1.0,0,base
/ai_paas_jf/pangqs/AIGC/safepp_pytorch/data/test/ff++/fake/FaceSwap/c23/frames/415_484/112.png,1,ff++_FaceSwap,ff++,FaceSwap/c23/frames/415_484,FaceSwap,seen,1.0,0,base
/ai_paas_jf/pangqs/AIGC/safepp_pytorch/data/test/ff++/fake/FaceSwap/c23/frames/415_484/307.png,1,ff++_FaceSwap,ff++,FaceSwap/c23/frames/415_484,FaceSwap,seen,1.0,0,base
/ai_paas_jf/pangqs/AIGC/safepp_pytorch/data/test/ff++/fake/FaceSwap/c23/frames/435_456/475.png,1,ff++_FaceSwap,ff++,FaceSwap/c23/frames/435_456,FaceSwap,seen,1.0,0,base
/ai_paas_jf/pangqs/AIGC/safepp_pytorch/data/test/ff++/fake/FaceSwap/c23/frames/444_655/393.png,1,ff++_FaceSwap,ff++,FaceSwap/c23/frames/444_655,FaceSwap,seen,1.0,0,base
/ai_paas_jf/pangqs/AIGC/safepp_pytorch/data/test/ff++/fake/FaceSwap/c23/frames/466_428/107.png,1,ff++_FaceSwap,ff++,FaceSwap/c23/frames/466_428,FaceSwap,seen,1.0,0,base
/ai_paas_jf/pangqs/AIGC/safepp_pytorch/data/test/ff++/fake/FaceSwap/c23/frames/466_428/161.png,1,ff++_FaceSwap,ff++,FaceSwap/c23/frames/466_428,FaceSwap,seen,1.0,0,base
/ai_paas_jf/pangqs/AIGC/safepp_pytorch/data/test/ff++/fake/FaceSwap/c23/frames/473_366/091.png,1,ff++_FaceSwap,ff++,FaceSwap/c23/frames/473_366,FaceSwap,seen,1.0,0,base
/ai_paas_jf/pangqs/AIGC/safepp_pytorch/data/test/ff++/fake/FaceSwap/c23/frames/475_265/173.png,1,ff++_FaceSwap,ff++,FaceSwap/c23/frames/475_265,FaceSwap,seen,1.0,0,base
/ai_paas_jf/pangqs/AIGC/safepp_pytorch/data/test/ff++/fake/FaceSwap/c23/frames/477_487/225.png,1,ff++_FaceSwap,ff++,FaceSwap/c23/frames/477_487,FaceSwap,seen,1.0,0,base
/ai_paas_jf/pangqs/AIGC/safepp_pytorch/data/test/ff++/fake/FaceSwap/c23/frames/496_417/749.png,1,ff++_FaceSwap,ff++,FaceSwap/c23/frames/496_417,FaceSwap,seen,1.0,0,base
/ai_paas_jf/pangqs/AIGC/safepp_pytorch/data/test/ff++/fake/FaceSwap/c23/frames/499_539/020.png,1,ff++_FaceSwap,ff++,FaceSwap/c23/frames/499_539,FaceSwap,seen,1.0,0,base
/ai_paas_jf/pangqs/AIGC/safepp_pytorch/data/test/ff++/fake/FaceSwap/c23/frames/501_326/050.png,1,ff++_FaceSwap,ff++,FaceSwap/c23/frames/501_326,FaceSwap,seen,1.0,0,base
/ai_paas_jf/pangqs/AIGC/safepp_pytorch/data/test/ff++/fake/FaceSwap/c23/frames/505_600/012.png,1,ff++_FaceSwap,ff++,FaceSwap/c23/frames/505_600,FaceSwap,seen,1.0,0,base
/ai_paas_jf/pangqs/AIGC/safepp_pytorch/data/test/ff++/fake/FaceSwap/c23/frames/508_831/178.png,1,ff++_FaceSwap,ff++,FaceSwap/c23/frames/508_831,FaceSwap,seen,1.0,0,base
/ai_paas_jf/pangqs/AIGC/safepp_pytorch/data/test/ff++/fake/FaceSwap/c23/frames/510_528/153.png,1,ff++_FaceSwap,ff++,FaceSwap/c23/frames/510_528,FaceSwap,seen,1.0,0,base
/ai_paas_jf/pangqs/AIGC/safepp_pytorch/data/test/ff++/fake/FaceSwap/c23/frames/512_495/572.png,1,ff++_FaceSwap,ff++,FaceSwap/c23/frames/512_495,FaceSwap,seen,1.0,0,base
/ai_paas_jf/pangqs/AIGC/safepp_pytorch/data/test/ff++/fake/FaceSwap/c23/frames/516_555/091.png,1,ff++_FaceSwap,ff++,FaceSwap/c23/frames/516_555,FaceSwap,seen,1.0,0,base
/ai_paas_jf/pangqs/AIGC/safepp_pytorch/data/test/ff++/fake/FaceSwap/c23/frames/516_555/250.png,1,ff++_FaceSwap,ff++,FaceSwap/c23/frames/516_555,FaceSwap,seen,1.0,0,base
/ai_paas_jf/pangqs/AIGC/safepp_pytorch/data/test/ff++/fake/FaceSwap/c23/frames/520_542/061.png,1,ff++_FaceSwap,ff++,FaceSwap/c23/frames/520_542,FaceSwap,seen,1.0,0,base
/ai_paas_jf/pangqs/AIGC/safepp_pytorch/data/test/ff++/fake/FaceSwap/c23/frames/524_580/215.png,1,ff++_FaceSwap,ff++,FaceSwap/c23/frames/524_580,FaceSwap,seen,1.0,0,base
/ai_paas_jf/pangqs/AIGC/safepp_pytorch/data/test/ff++/fake/FaceSwap/c23/frames/528_510/153.png,1,ff++_FaceSwap,ff++,FaceSwap/c23/frames/528_510,FaceSwap,seen,1.0,0,base
/ai_paas_jf/pangqs/AIGC/safepp_pytorch/data/test/ff++/fake/FaceSwap/c23/frames/530_594/141.png,1,ff++_FaceSwap,ff++,FaceSwap/c23/frames/530_594,FaceSwap,seen,1.0,0,base
/ai_paas_jf/pangqs/AIGC/safepp_pytorch/data/test/ff++/fake/FaceSwap/c23/frames/541_523/084.png,1,ff++_FaceSwap,ff++,FaceSwap/c23/frames/541_523,FaceSwap,seen,1.0,0,base
/ai_paas_jf/pangqs/AIGC/safepp_pytorch/data/test/ff++/fake/FaceSwap/c23/frames/543_559/139.png,1,ff++_FaceSwap,ff++,FaceSwap/c23/frames/543_559,FaceSwap,seen,1.0,0,base
/ai_paas_jf/pangqs/AIGC/safepp_pytorch/data/test/ff++/fake/FaceSwap/c23/frames/544_532/331.png,1,ff++_FaceSwap,ff++,FaceSwap/c23/frames/544_532,FaceSwap,seen,1.0,0,base
/ai_paas_jf/pangqs/AIGC/safepp_pytorch/data/test/ff++/fake/FaceSwap/c23/frames/546_621/011.png,1,ff++_FaceSwap,ff++,FaceSwap/c23/frames/546_621,FaceSwap,seen,1.0,0,base
/ai_paas_jf/pangqs/AIGC/safepp_pytorch/data/test/ff++/fake/FaceSwap/c23/frames/553_545/210.png,1,ff++_FaceSwap,ff++,FaceSwap/c23/frames/553_545,FaceSwap,seen,1.0,0,base
/ai_paas_jf/pangqs/AIGC/safepp_pytorch/data/test/ff++/fake/FaceSwap/c23/frames/556_588/011.png,1,ff++_FaceSwap,ff++,FaceSwap/c23/frames/556_588,FaceSwap,seen,1.0,0,base
/ai_paas_jf/pangqs/AIGC/safepp_pytorch/data/test/ff++/fake/FaceSwap/c23/frames/562_626/210.png,1,ff++_FaceSwap,ff++,FaceSwap/c23/frames/562_626,FaceSwap,seen,1.0,0,base
/ai_paas_jf/pangqs/AIGC/safepp_pytorch/data/test/ff++/fake/FaceSwap/c23/frames/576_155/118.png,1,ff++_FaceSwap,ff++,FaceSwap/c23/frames/576_155,FaceSwap,seen,1.0,0,base
/ai_paas_jf/pangqs/AIGC/safepp_pytorch/data/test/ff++/fake/FaceSwap/c23/frames/576_155/237.png,1,ff++_FaceSwap,ff++,FaceSwap/c23/frames/576_155,FaceSwap,seen,1.0,0,base
/ai_paas_jf/pangqs/AIGC/safepp_pytorch/data/test/ff++/fake/FaceSwap/c23/frames/577_593/199.png,1,ff++_FaceSwap,ff++,FaceSwap/c23/frames/577_593,FaceSwap,seen,1.0,0,base
/ai_paas_jf/pangqs/AIGC/safepp_pytorch/data/test/ff++/fake/FaceSwap/c23/frames/577_593/276.png,1,ff++_FaceSwap,ff++,FaceSwap/c23/frames/577_593,FaceSwap,seen,1.0,0,base
/ai_paas_jf/pangqs/AIGC/safepp_pytorch/data/test/ff++/fake/FaceSwap/c23/frames/581_697/221.png,1,ff++_FaceSwap,ff++,FaceSwap/c23/frames/581_697,FaceSwap,seen,1.0,0,base
/ai_paas_jf/pangqs/AIGC/safepp_pytorch/data/test/ff++/fake/FaceSwap/c23/frames/590_034/144.png,1,ff++_FaceSwap,ff++,FaceSwap/c23/frames/590_034,FaceSwap,seen,1.0,0,base
/ai_paas_jf/pangqs/AIGC/safepp_pytorch/data/test/ff++/fake/FaceSwap/c23/frames/591_605/226.png,1,ff++_FaceSwap,ff++,FaceSwap/c23/frames/591_605,FaceSwap,seen,1.0,0,base
/ai_paas_jf/pangqs/AIGC/safepp_pytorch/data/test/ff++/fake/FaceSwap/c23/frames/609_596/283.png,1,ff++_FaceSwap,ff++,FaceSwap/c23/frames/609_596,FaceSwap,seen,1.0,0,base
/ai_paas_jf/pangqs/AIGC/safepp_pytorch/data/test/ff++/fake/FaceSwap/c23/frames/614_616/228.png,1,ff++_FaceSwap,ff++,FaceSwap/c23/frames/614_616,FaceSwap,seen,1.0,0,base
/ai_paas_jf/pangqs/AIGC/safepp_pytorch/data/test/ff++/fake/FaceSwap/c23/frames/615_687/421.png,1,ff++_FaceSwap,ff++,FaceSwap/c23/frames/615_687,FaceSwap,seen,1.0,0,base
/ai_paas_jf/pangqs/AIGC/safepp_pytorch/data/test/ff++/fake/FaceSwap/c23/frames/624_570/157.png,1,ff++_FaceSwap,ff++,FaceSwap/c23/frames/624_570,FaceSwap,seen,1.0,0,base
/ai_paas_jf/pangqs/AIGC/safepp_pytorch/data/test/ff++/fake/FaceSwap/c23/frames/628_568/275.png,1,ff++_FaceSwap,ff++,FaceSwap/c23/frames/628_568,FaceSwap,seen,1.0,0,base
/ai_paas_jf/pangqs/AIGC/safepp_pytorch/data/test/ff++/fake/FaceSwap/c23/frames/629_618/368.png,1,ff++_FaceSwap,ff++,FaceSwap/c23/frames/629_618,FaceSwap,seen,1.0,0,base
/ai_paas_jf/pangqs/AIGC/safepp_pytorch/data/test/ff++/fake/FaceSwap/c23/frames/643_646/210.png,1,ff++_FaceSwap,ff++,FaceSwap/c23/frames/643_646,FaceSwap,seen,1.0,0,base
/ai_paas_jf/pangqs/AIGC/safepp_pytorch/data/test/ff++/fake/FaceSwap/c23/frames/645_688/553.png,1,ff++_FaceSwap,ff++,FaceSwap/c23/frames/645_688,FaceSwap,seen,1.0,0,base
/ai_paas_jf/pangqs/AIGC/safepp_pytorch/data/test/ff++/fake/FaceSwap/c23/frames/648_654/026.png,1,ff++_FaceSwap,ff++,FaceSwap/c23/frames/648_654,FaceSwap,seen,1.0,0,base
/ai_paas_jf/pangqs/AIGC/safepp_pytorch/data/test/ff++/fake/FaceSwap/c23/frames/648_654/316.png,1,ff++_FaceSwap,ff++,FaceSwap/c23/frames/648_654,FaceSwap,seen,1.0,0,base
/ai_paas_jf/pangqs/AIGC/safepp_pytorch/data/test/ff++/fake/FaceSwap/c23/frames/651_835/183.png,1,ff++_FaceSwap,ff++,FaceSwap/c23/frames/651_835,FaceSwap,seen,1.0,0,base
/ai_paas_jf/pangqs/AIGC/safepp_pytorch/data/test/ff++/fake/FaceSwap/c23/frames/651_835/330.png,1,ff++_FaceSwap,ff++,FaceSwap/c23/frames/651_835,FaceSwap,seen,1.0,0,base
/ai_paas_jf/pangqs/AIGC/safepp_pytorch/data/test/ff++/fake/FaceSwap/c23/frames/654_648/026.png,1,ff++_FaceSwap,ff++,FaceSwap/c23/frames/654_648,FaceSwap,seen,1.0,0,base
/ai_paas_jf/pangqs/AIGC/safepp_pytorch/data/test/ff++/fake/FaceSwap/c23/frames/655_444/323.png,1,ff++_FaceSwap,ff++,FaceSwap/c23/frames/655_444,FaceSwap,seen,1.0,0,base
/ai_paas_jf/pangqs/AIGC/safepp_pytorch/data/test/ff++/fake/FaceSwap/c23/frames/655_444/393.png,1,ff++_FaceSwap,ff++,FaceSwap/c23/frames/655_444,FaceSwap,seen,1.0,0,base
/ai_paas_jf/pangqs/AIGC/safepp_pytorch/data/test/ff++/fake/FaceSwap/c23/frames/657_644/053.png,1,ff++_FaceSwap,ff++,FaceSwap/c23/frames/657_644,FaceSwap,seen,1.0,0,base
/ai_paas_jf/pangqs/AIGC/safepp_pytorch/data/test/ff++/fake/FaceSwap/c23/frames/663_231/000.png,1,ff++_FaceSwap,ff++,FaceSwap/c23/frames/663_231,FaceSwap,seen,1.0,0,base
/ai_paas_jf/pangqs/AIGC/safepp_pytorch/data/test/ff++/fake/FaceSwap/c23/frames/671_677/212.png,1,ff++_FaceSwap,ff++,FaceSwap/c23/frames/671_677,FaceSwap,seen,1.0,0,base
/ai_paas_jf/pangqs/AIGC/safepp_pytorch/data/test/ff++/fake/FaceSwap/c23/frames/676_776/095.png,1,ff++_FaceSwap,ff++,FaceSwap/c23/frames/676_776,FaceSwap,seen,1.0,0,base
/ai_paas_jf/pangqs/AIGC/safepp_pytorch/data/test/ff++/fake/FaceSwap/c23/frames/677_671/010.png,1,ff++_FaceSwap,ff++,FaceSwap/c23/frames/677_671,FaceSwap,seen,1.0,0,base
/ai_paas_jf/pangqs/AIGC/safepp_pytorch/data/test/ff++/fake/FaceSwap/c23/frames/679_665/052.png,1,ff++_FaceSwap,ff++,FaceSwap/c23/frames/679_665,FaceSwap,seen,1.0,0,base
/ai_paas_jf/pangqs/AIGC/safepp_pytorch/data/test/ff++/fake/FaceSwap/c23/frames/681_711/215.png,1,ff++_FaceSwap,ff++,FaceSwap/c23/frames/681_711,FaceSwap,seen,1.0,0,base
/ai_paas_jf/pangqs/AIGC/safepp_pytorch/data/test/ff++/fake/FaceSwap/c23/frames/688_645/160.png,1,ff++_FaceSwap,ff++,FaceSwap/c23/frames/688_645,FaceSwap,seen,1.0,0,base
/ai_paas_jf/pangqs/AIGC/safepp_pytorch/data/test/ff++/fake/FaceSwap/c23/frames/690_689/117.png,1,ff++_FaceSwap,ff++,FaceSwap/c23/frames/690_689,FaceSwap,seen,1.0,0,base
/ai_paas_jf/pangqs/AIGC/safepp_pytorch/data/test/ff++/fake/FaceSwap/c23/frames/692_610/216.png,1,ff++_FaceSwap,ff++,FaceSwap/c23/frames/692_610,FaceSwap,seen,1.0,0,base
/ai_paas_jf/pangqs/AIGC/safepp_pytorch/data/test/ff++/fake/FaceSwap/c23/frames/693_698/146.png,1,ff++_FaceSwap,ff++,FaceSwap/c23/frames/693_698,FaceSwap,seen,1.0,0,base
/ai_paas_jf/pangqs/AIGC/safepp_pytorch/data/test/ff++/fake/FaceSwap/c23/frames/703_604/156.png,1,ff++_FaceSwap,ff++,FaceSwap/c23/frames/703_604,FaceSwap,seen,1.0,0,base
/ai_paas_jf/pangqs/AIGC/safepp_pytorch/data/test/ff++/fake/FaceSwap/c23/frames/709_390/299.png,1,ff++_FaceSwap,ff++,FaceSwap/c23/frames/709_390,FaceSwap,seen,1.0,0,base
/ai_paas_jf/pangqs/AIGC/safepp_pytorch/data/test/ff++/fake/FaceSwap/c23/frames/710_788/121.png,1,ff++_FaceSwap,ff++,FaceSwap/c23/frames/710_788,FaceSwap,seen,1.0,0,base
/ai_paas_jf/pangqs/AIGC/safepp_pytorch/data/test/ff++/fake/FaceSwap/c23/frames/713_726/145.png,1,ff++_FaceSwap,ff++,FaceSwap/c23/frames/713_726,FaceSwap,seen,1.0,0,base
/ai_paas_jf/pangqs/AIGC/safepp_pytorch/data/test/ff++/fake/FaceSwap/c23/frames/715_721/355.png,1,ff++_FaceSwap,ff++,FaceSwap/c23/frames/715_721,FaceSwap,seen,1.0,0,base
/ai_paas_jf/pangqs/AIGC/safepp_pytorch/data/test/ff++/fake/FaceSwap/c23/frames/717_684/216.png,1,ff++_FaceSwap,ff++,FaceSwap/c23/frames/717_684,FaceSwap,seen,1.0,0,base
/ai_paas_jf/pangqs/AIGC/safepp_pytorch/data/test/ff++/fake/FaceSwap/c23/frames/719_737/011.png,1,ff++_FaceSwap,ff++,FaceSwap/c23/frames/719_737,FaceSwap,seen,1.0,0,base
/ai_paas_jf/pangqs/AIGC/safepp_pytorch/data/test/ff++/fake/FaceSwap/c23/frames/719_737/273.png,1,ff++_FaceSwap,ff++,FaceSwap/c23/frames/719_737,FaceSwap,seen,1.0,0,base
/ai_paas_jf/pangqs/AIGC/safepp_pytorch/data/test/ff++/fake/FaceSwap/c23/frames/723_704/144.png,1,ff++_FaceSwap,ff++,FaceSwap/c23/frames/723_704,FaceSwap,seen,1.0,0,base
/ai_paas_jf/pangqs/AIGC/safepp_pytorch/data/test/ff++/fake/FaceSwap/c23/frames/749_659/491.png,1,ff++_FaceSwap,ff++,FaceSwap/c23/frames/749_659,FaceSwap,seen,1.0,0,base
/ai_paas_jf/pangqs/AIGC/safepp_pytorch/data/test/ff++/fake/FaceSwap/c23/frames/750_743/190.png,1,ff++_FaceSwap,ff++,FaceSwap/c23/frames/750_743,FaceSwap,seen,1.0,0,base
/ai_paas_jf/pangqs/AIGC/safepp_pytorch/data/test/ff++/fake/FaceSwap/c23/frames/750_743/230.png,1,ff++_FaceSwap,ff++,FaceSwap/c23/frames/750_743,FaceSwap,seen,1.0,0,base
/ai_paas_jf/pangqs/AIGC/safepp_pytorch/data/test/ff++/fake/FaceSwap/c23/frames/758_754/226.png,1,ff++_FaceSwap,ff++,FaceSwap/c23/frames/758_754,FaceSwap,seen,1.0,0,base
/ai_paas_jf/pangqs/AIGC/safepp_pytorch/data/test/ff++/fake/FaceSwap/c23/frames/760_611/255.png,1,ff++_FaceSwap,ff++,FaceSwap/c23/frames/760_611,FaceSwap,seen,1.0,0,base
/ai_paas_jf/pangqs/AIGC/safepp_pytorch/data/test/ff++/fake/FaceSwap/c23/frames/764_850/344.png,1,ff++_FaceSwap,ff++,FaceSwap/c23/frames/764_850,FaceSwap,seen,1.0,0,base
/ai_paas_jf/pangqs/AIGC/safepp_pytorch/data/test/ff++/fake/FaceSwap/c23/frames/767_694/028.png,1,ff++_FaceSwap,ff++,FaceSwap/c23/frames/767_694,FaceSwap,seen,1.0,0,base
/ai_paas_jf/pangqs/AIGC/safepp_pytorch/data/test/ff++/fake/FaceSwap/c23/frames/769_784/342.png,1,ff++_FaceSwap,ff++,FaceSwap/c23/frames/769_784,FaceSwap,seen,1.0,0,base
/ai_paas_jf/pangqs/AIGC/safepp_pytorch/data/test/ff++/fake/FaceSwap/c23/frames/772_708/175.png,1,ff++_FaceSwap,ff++,FaceSwap/c23/frames/772_708,FaceSwap,seen,1.0,0,base
/ai_paas_jf/pangqs/AIGC/safepp_pytorch/data/test/ff++/fake/FaceSwap/c23/frames/778_798/253.png,1,ff++_FaceSwap,ff++,FaceSwap/c23/frames/778_798,FaceSwap,seen,1.0,0,base
/ai_paas_jf/pangqs/AIGC/safepp_pytorch/data/test/ff++/fake/FaceSwap/c23/frames/778_798/305.png,1,ff++_FaceSwap,ff++,FaceSwap/c23/frames/778_798,FaceSwap,seen,1.0,0,base
/ai_paas_jf/pangqs/AIGC/safepp_pytorch/data/test/ff++/fake/FaceSwap/c23/frames/780_869/139.png,1,ff++_FaceSwap,ff++,FaceSwap/c23/frames/780_869,FaceSwap,seen,1.0,0,base
/ai_paas_jf/pangqs/AIGC/safepp_pytorch/data/test/ff++/fake/FaceSwap/c23/frames/786_819/468.png,1,ff++_FaceSwap,ff++,FaceSwap/c23/frames/786_819,FaceSwap,seen,1.0,0,base
/ai_paas_jf/pangqs/AIGC/safepp_pytorch/data/test/ff++/fake/FaceSwap/c23/frames/789_753/529.png,1,ff++_FaceSwap,ff++,FaceSwap/c23/frames/789_753,FaceSwap,seen,1.0,0,base
/ai_paas_jf/pangqs/AIGC/safepp_pytorch/data/test/ff++/fake/FaceSwap/c23/frames/790_014/566.png,1,ff++_FaceSwap,ff++,FaceSwap/c23/frames/790_014,FaceSwap,seen,1.0,0,base
/ai_paas_jf/pangqs/AIGC/safepp_pytorch/data/test/ff++/fake/FaceSwap/c23/frames/792_903/382.png,1,ff++_FaceSwap,ff++,FaceSwap/c23/frames/792_903,FaceSwap,seen,1.0,0,base
/ai_paas_jf/pangqs/AIGC/safepp_pytorch/data/test/ff++/fake/FaceSwap/c23/frames/800_840/271.png,1,ff++_FaceSwap,ff++,FaceSwap/c23/frames/800_840,FaceSwap,seen,1.0,0,base
/ai_paas_jf/pangqs/AIGC/safepp_pytorch/data/test/ff++/fake/FaceSwap/c23/frames/808_829/410.png,1,ff++_FaceSwap,ff++,FaceSwap/c23/frames/808_829,FaceSwap,seen,1.0,0,base
/ai_paas_jf/pangqs/AIGC/safepp_pytorch/data/test/ff++/fake/FaceSwap/c23/frames/828_830/030.png,1,ff++_FaceSwap,ff++,FaceSwap/c23/frames/828_830,FaceSwap,seen,1.0,0,base
/ai_paas_jf/pangqs/AIGC/safepp_pytorch/data/test/ff++/fake/FaceSwap/c23/frames/833_826/262.png,1,ff++_FaceSwap,ff++,FaceSwap/c23/frames/833_826,FaceSwap,seen,1.0,0,base
/ai_paas_jf/pangqs/AIGC/safepp_pytorch/data/test/ff++/fake/FaceSwap/c23/frames/840_800/043.png,1,ff++_FaceSwap,ff++,FaceSwap/c23/frames/840_800,FaceSwap,seen,1.0,0,base
/ai_paas_jf/pangqs/AIGC/safepp_pytorch/data/test/ff++/fake/FaceSwap/c23/frames/841_639/050.png,1,ff++_FaceSwap,ff++,FaceSwap/c23/frames/841_639,FaceSwap,seen,1.0,0,base
/ai_paas_jf/pangqs/AIGC/safepp_pytorch/data/test/ff++/fake/FaceSwap/c23/frames/844_797/111.png,1,ff++_FaceSwap,ff++,FaceSwap/c23/frames/844_797,FaceSwap,seen,1.0,0,base
/ai_paas_jf/pangqs/AIGC/safepp_pytorch/data/test/ff++/fake/FaceSwap/c23/frames/849_771/300.png,1,ff++_FaceSwap,ff++,FaceSwap/c23/frames/849_771,FaceSwap,seen,1.0,0,base
/ai_paas_jf/pangqs/AIGC/safepp_pytorch/data/test/ff++/fake/FaceSwap/c23/frames/854_747/000.png,1,ff++_FaceSwap,ff++,FaceSwap/c23/frames/854_747,FaceSwap,seen,1.0,0,base
/ai_paas_jf/pangqs/AIGC/safepp_pytorch/data/test/ff++/fake/FaceSwap/c23/frames/854_747/151.png,1,ff++_FaceSwap,ff++,FaceSwap/c23/frames/854_747,FaceSwap,seen,1.0,0,base
/ai_paas_jf/pangqs/AIGC/safepp_pytorch/data/test/ff++/fake/FaceSwap/c23/frames/860_905/221.png,1,ff++_FaceSwap,ff++,FaceSwap/c23/frames/860_905,FaceSwap,seen,1.0,0,base
/ai_paas_jf/pangqs/AIGC/safepp_pytorch/data/test/ff++/fake/FaceSwap/c23/frames/861_858/015.png,1,ff++_FaceSwap,ff++,FaceSwap/c23/frames/861_858,FaceSwap,seen,1.0,0,base
/ai_paas_jf/pangqs/AIGC/safepp_pytorch/data/test/ff++/fake/FaceSwap/c23/frames/863_853/346.png,1,ff++_FaceSwap,ff++,FaceSwap/c23/frames/863_853,FaceSwap,seen,1.0,0,base
/ai_paas_jf/pangqs/AIGC/safepp_pytorch/data/test/ff++/fake/FaceSwap/c23/frames/869_780/321.png,1,ff++_FaceSwap,ff++,FaceSwap/c23/frames/869_780,FaceSwap,seen,1.0,0,base
/ai_paas_jf/pangqs/AIGC/safepp_pytorch/data/test/ff++/fake/FaceSwap/c23/frames/872_873/305.png,1,ff++_FaceSwap,ff++,FaceSwap/c23/frames/872_873,FaceSwap,seen,1.0,0,base
/ai_paas_jf/pangqs/AIGC/safepp_pytorch/data/test/ff++/fake/FaceSwap/c23/frames/873_872/396.png,1,ff++_FaceSwap,ff++,FaceSwap/c23/frames/873_872,FaceSwap,seen,1.0,0,base
/ai_paas_jf/pangqs/AIGC/safepp_pytorch/data/test/ff++/fake/FaceSwap/c23/frames/881_856/102.png,1,ff++_FaceSwap,ff++,FaceSwap/c23/frames/881_856,FaceSwap,seen,1.0,0,base
/ai_paas_jf/pangqs/AIGC/safepp_pytorch/data/test/ff++/fake/FaceSwap/c23/frames/888_937/069.png,1,ff++_FaceSwap,ff++,FaceSwap/c23/frames/888_937,FaceSwap,seen,1.0,0,base
/ai_paas_jf/pangqs/AIGC/safepp_pytorch/data/test/ff++/fake/FaceSwap/c23/frames/892_112/170.png,1,ff++_FaceSwap,ff++,FaceSwap/c23/frames/892_112,FaceSwap,seen,1.0,0,base
/ai_paas_jf/pangqs/AIGC/safepp_pytorch/data/test/ff++/fake/FaceSwap/c23/frames/894_848/221.png,1,ff++_FaceSwap,ff++,FaceSwap/c23/frames/894_848,FaceSwap,seen,1.0,0,base
/ai_paas_jf/pangqs/AIGC/safepp_pytorch/data/test/ff++/fake/FaceSwap/c23/frames/899_914/069.png,1,ff++_FaceSwap,ff++,FaceSwap/c23/frames/899_914,FaceSwap,seen,1.0,0,base
/ai_paas_jf/pangqs/AIGC/safepp_pytorch/data/test/ff++/fake/FaceSwap/c23/frames/902_901/208.png,1,ff++_FaceSwap,ff++,FaceSwap/c23/frames/902_901,FaceSwap,seen,1.0,0,base
/ai_paas_jf/pangqs/AIGC/safepp_pytorch/data/test/ff++/fake/FaceSwap/c23/frames/908_207/333.png,1,ff++_FaceSwap,ff++,FaceSwap/c23/frames/908_207,FaceSwap,seen,1.0,0,base
/ai_paas_jf/pangqs/AIGC/safepp_pytorch/data/test/ff++/fake/FaceSwap/c23/frames/911_910/140.png,1,ff++_FaceSwap,ff++,FaceSwap/c23/frames/911_910,FaceSwap,seen,1.0,0,base
/ai_paas_jf/pangqs/AIGC/safepp_pytorch/data/test/ff++/fake/FaceSwap/c23/frames/913_893/155.png,1,ff++_FaceSwap,ff++,FaceSwap/c23/frames/913_893,FaceSwap,seen,1.0,0,base
/ai_paas_jf/pangqs/AIGC/safepp_pytorch/data/test/ff++/fake/FaceSwap/c23/frames/918_934/121.png,1,ff++_FaceSwap,ff++,FaceSwap/c23/frames/918_934,FaceSwap,seen,1.0,0,base
/ai_paas_jf/pangqs/AIGC/safepp_pytorch/data/test/ff++/fake/FaceSwap/c23/frames/929_962/325.png,1,ff++_FaceSwap,ff++,FaceSwap/c23/frames/929_962,FaceSwap,seen,1.0,0,base
/ai_paas_jf/pangqs/AIGC/safepp_pytorch/data/test/ff++/fake/FaceSwap/c23/frames/930_763/403.png,1,ff++_FaceSwap,ff++,FaceSwap/c23/frames/930_763,FaceSwap,seen,1.0,0,base
/ai_paas_jf/pangqs/AIGC/safepp_pytorch/data/test/ff++/fake/FaceSwap/c23/frames/931_936/028.png,1,ff++_FaceSwap,ff++,FaceSwap/c23/frames/931_936,FaceSwap,seen,1.0,0,base
/ai_paas_jf/pangqs/AIGC/safepp_pytorch/data/test/ff++/fake/FaceSwap/c23/frames/936_931/114.png,1,ff++_FaceSwap,ff++,FaceSwap/c23/frames/936_931,FaceSwap,seen,1.0,0,base
/ai_paas_jf/pangqs/AIGC/safepp_pytorch/data/test/ff++/fake/FaceSwap/c23/frames/941_940/308.png,1,ff++_FaceSwap,ff++,FaceSwap/c23/frames/941_940,FaceSwap,seen,1.0,0,base
/ai_paas_jf/pangqs/AIGC/safepp_pytorch/data/test/ff++/fake/FaceSwap/c23/frames/950_836/011.png,1,ff++_FaceSwap,ff++,FaceSwap/c23/frames/950_836,FaceSwap,seen,1.0,0,base
/ai_paas_jf/pangqs/AIGC/safepp_pytorch/data/test/ff++/fake/FaceSwap/c23/frames/963_879/066.png,1,ff++_FaceSwap,ff++,FaceSwap/c23/frames/963_879,FaceSwap,seen,1.0,0,base
/ai_paas_jf/pangqs/AIGC/safepp_pytorch/data/test/ff++/fake/FaceSwap/c23/frames/964_174/013.png,1,ff++_FaceSwap,ff++,FaceSwap/c23/frames/964_174,FaceSwap,seen,1.0,0,base
/ai_paas_jf/pangqs/AIGC/safepp_pytorch/data/test/ff++/fake/FaceSwap/c23/frames/966_988/011.png,1,ff++_FaceSwap,ff++,FaceSwap/c23/frames/966_988,FaceSwap,seen,1.0,0,base
/ai_paas_jf/pangqs/AIGC/safepp_pytorch/data/test/ff++/fake/FaceSwap/c23/frames/966_988/152.png,1,ff++_FaceSwap,ff++,FaceSwap/c23/frames/966_988,FaceSwap,seen,1.0,0,base
/ai_paas_jf/pangqs/AIGC/safepp_pytorch/data/test/ff++/fake/FaceSwap/c23/frames/967_984/174.png,1,ff++_FaceSwap,ff++,FaceSwap/c23/frames/967_984,FaceSwap,seen,1.0,0,base
/ai_paas_jf/pangqs/AIGC/safepp_pytorch/data/test/ff++/fake/FaceSwap/c23/frames/969_897/064.png,1,ff++_FaceSwap,ff++,FaceSwap/c23/frames/969_897,FaceSwap,seen,1.0,0,base
/ai_paas_jf/pangqs/AIGC/safepp_pytorch/data/test/ff++/fake/FaceSwap/c23/frames/984_967/163.png,1,ff++_FaceSwap,ff++,FaceSwap/c23/frames/984_967,FaceSwap,seen,1.0,0,base
/ai_paas_jf/pangqs/AIGC/safepp_pytorch/data/test/ff++/fake/FaceSwap/c23/frames/994_986/304.png,1,ff++_FaceSwap,ff++,FaceSwap/c23/frames/994_986,FaceSwap,seen,1.0,0,base
/ai_paas_jf/pangqs/AIGC/safepp_pytorch/data/test/ff++/fake/NeuralTextures/c23/frames/002_006/139.png,1,ff++_NeuralTextures,ff++,NeuralTextures/c23/frames/002_006,NeuralTextures,seen,1.0,0,base
/ai_paas_jf/pangqs/AIGC/safepp_pytorch/data/test/ff++/fake/NeuralTextures/c23/frames/007_132/053.png,1,ff++_NeuralTextures,ff++,NeuralTextures/c23/frames/007_132,NeuralTextures,seen,1.0,0,base
/ai_paas_jf/pangqs/AIGC/safepp_pytorch/data/test/ff++/fake/NeuralTextures/c23/frames/007_132/385.png,1,ff++_NeuralTextures,ff++,NeuralTextures/c23/frames/007_132,NeuralTextures,seen,1.0,0,base
/ai_paas_jf/pangqs/AIGC/safepp_pytorch/data/test/ff++/fake/NeuralTextures/c23/frames/016_209/205.png,1,ff++_NeuralTextures,ff++,NeuralTextures/c23/frames/016_209,NeuralTextures,seen,1.0,0,base
/ai_paas_jf/pangqs/AIGC/safepp_pytorch/data/test/ff++/fake/NeuralTextures/c23/frames/021_312/261.png,1,ff++_NeuralTextures,ff++,NeuralTextures/c23/frames/021_312,NeuralTextures,seen,1.0,0,base
/ai_paas_jf/pangqs/AIGC/safepp_pytorch/data/test/ff++/fake/NeuralTextures/c23/frames/022_489/125.png,1,ff++_NeuralTextures,ff++,NeuralTextures/c23/frames/022_489,NeuralTextures,seen,1.0,0,base
/ai_paas_jf/pangqs/AIGC/safepp_pytorch/data/test/ff++/fake/NeuralTextures/c23/frames/028_068/077.png,1,ff++_NeuralTextures,ff++,NeuralTextures/c23/frames/028_068,NeuralTextures,seen,1.0,0,base
/ai_paas_jf/pangqs/AIGC/safepp_pytorch/data/test/ff++/fake/NeuralTextures/c23/frames/031_163/117.png,1,ff++_NeuralTextures,ff++,NeuralTextures/c23/frames/031_163,NeuralTextures,seen,1.0,0,base
/ai_paas_jf/pangqs/AIGC/safepp_pytorch/data/test/ff++/fake/NeuralTextures/c23/frames/034_590/000.png,1,ff++_NeuralTextures,ff++,NeuralTextures/c23/frames/034_590,NeuralTextures,seen,1.0,0,base
/ai_paas_jf/pangqs/AIGC/safepp_pytorch/data/test/ff++/fake/NeuralTextures/c23/frames/054_071/319.png,1,ff++_NeuralTextures,ff++,NeuralTextures/c23/frames/054_071,NeuralTextures,seen,1.0,0,base
/ai_paas_jf/pangqs/AIGC/safepp_pytorch/data/test/ff++/fake/NeuralTextures/c23/frames/056_996/010.png,1,ff++_NeuralTextures,ff++,NeuralTextures/c23/frames/056_996,NeuralTextures,seen,1.0,0,base
/ai_paas_jf/pangqs/AIGC/safepp_pytorch/data/test/ff++/fake/NeuralTextures/c23/frames/060_088/107.png,1,ff++_NeuralTextures,ff++,NeuralTextures/c23/frames/060_088,NeuralTextures,seen,1.0,0,base
/ai_paas_jf/pangqs/AIGC/safepp_pytorch/data/test/ff++/fake/NeuralTextures/c23/frames/062_066/340.png,1,ff++_NeuralTextures,ff++,NeuralTextures/c23/frames/062_066,NeuralTextures,seen,1.0,0,base
/ai_paas_jf/pangqs/AIGC/safepp_pytorch/data/test/ff++/fake/NeuralTextures/c23/frames/063_041/190.png,1,ff++_NeuralTextures,ff++,NeuralTextures/c23/frames/063_041,NeuralTextures,seen,1.0,0,base
/ai_paas_jf/pangqs/AIGC/safepp_pytorch/data/test/ff++/fake/NeuralTextures/c23/frames/066_062/245.png,1,ff++_NeuralTextures,ff++,NeuralTextures/c23/frames/066_062,NeuralTextures,seen,1.0,0,base
/ai_paas_jf/pangqs/AIGC/safepp_pytorch/data/test/ff++/fake/NeuralTextures/c23/frames/074_825/122.png,1,ff++_NeuralTextures,ff++,NeuralTextures/c23/frames/074_825,NeuralTextures,seen,1.0,0,base
/ai_paas_jf/pangqs/AIGC/safepp_pytorch/data/test/ff++/fake/NeuralTextures/c23/frames/077_100/163.png,1,ff++_NeuralTextures,ff++,NeuralTextures/c23/frames/077_100,NeuralTextures,seen,1.0,0,base
/ai_paas_jf/pangqs/AIGC/safepp_pytorch/data/test/ff++/fake/NeuralTextures/c23/frames/086_090/221.png,1,ff++_NeuralTextures,ff++,NeuralTextures/c23/frames/086_090,NeuralTextures,seen,1.0,0,base
/ai_paas_jf/pangqs/AIGC/safepp_pytorch/data/test/ff++/fake/NeuralTextures/c23/frames/090_086/066.png,1,ff++_NeuralTextures,ff++,NeuralTextures/c23/frames/090_086,NeuralTextures,seen,1.0,0,base
/ai_paas_jf/pangqs/AIGC/safepp_pytorch/data/test/ff++/fake/NeuralTextures/c23/frames/090_086/553.png,1,ff++_NeuralTextures,ff++,NeuralTextures/c23/frames/090_086,NeuralTextures,seen,1.0,0,base
/ai_paas_jf/pangqs/AIGC/safepp_pytorch/data/test/ff++/fake/NeuralTextures/c23/frames/094_111/278.png,1,ff++_NeuralTextures,ff++,NeuralTextures/c23/frames/094_111,NeuralTextures,seen,1.0,0,base
/ai_paas_jf/pangqs/AIGC/safepp_pytorch/data/test/ff++/fake/NeuralTextures/c23/frames/097_033/123.png,1,ff++_NeuralTextures,ff++,NeuralTextures/c23/frames/097_033,NeuralTextures,seen,1.0,0,base
/ai_paas_jf/pangqs/AIGC/safepp_pytorch/data/test/ff++/fake/NeuralTextures/c23/frames/098_092/105.png,1,ff++_NeuralTextures,ff++,NeuralTextures/c23/frames/098_092,NeuralTextures,seen,1.0,0,base
/ai_paas_jf/pangqs/AIGC/safepp_pytorch/data/test/ff++/fake/NeuralTextures/c23/frames/099_295/370.png,1,ff++_NeuralTextures,ff++,NeuralTextures/c23/frames/099_295,NeuralTextures,seen,1.0,0,base
/ai_paas_jf/pangqs/AIGC/safepp_pytorch/data/test/ff++/fake/NeuralTextures/c23/frames/100_077/245.png,1,ff++_NeuralTextures,ff++,NeuralTextures/c23/frames/100_077,NeuralTextures,seen,1.0,0,base
/ai_paas_jf/pangqs/AIGC/safepp_pytorch/data/test/ff++/fake/NeuralTextures/c23/frames/109_107/067.png,1,ff++_NeuralTextures,ff++,NeuralTextures/c23/frames/109_107,NeuralTextures,seen,1.0,0,base
/ai_paas_jf/pangqs/AIGC/safepp_pytorch/data/test/ff++/fake/NeuralTextures/c23/frames/118_120/011.png,1,ff++_NeuralTextures,ff++,NeuralTextures/c23/frames/118_120,NeuralTextures,seen,1.0,0,base
/ai_paas_jf/pangqs/AIGC/safepp_pytorch/data/test/ff++/fake/NeuralTextures/c23/frames/123_119/064.png,1,ff++_NeuralTextures,ff++,NeuralTextures/c23/frames/123_119,NeuralTextures,seen,1.0,0,base
/ai_paas_jf/pangqs/AIGC/safepp_pytorch/data/test/ff++/fake/NeuralTextures/c23/frames/129_127/063.png,1,ff++_NeuralTextures,ff++,NeuralTextures/c23/frames/129_127,NeuralTextures,seen,1.0,0,base
/ai_paas_jf/pangqs/AIGC/safepp_pytorch/data/test/ff++/fake/NeuralTextures/c23/frames/136_285/221.png,1,ff++_NeuralTextures,ff++,NeuralTextures/c23/frames/136_285,NeuralTextures,seen,1.0,0,base
/ai_paas_jf/pangqs/AIGC/safepp_pytorch/data/test/ff++/fake/NeuralTextures/c23/frames/148_133/336.png,1,ff++_NeuralTextures,ff++,NeuralTextures/c23/frames/148_133,NeuralTextures,seen,1.0,0,base
/ai_paas_jf/pangqs/AIGC/safepp_pytorch/data/test/ff++/fake/NeuralTextures/c23/frames/151_225/068.png,1,ff++_NeuralTextures,ff++,NeuralTextures/c23/frames/151_225,NeuralTextures,seen,1.0,0,base
/ai_paas_jf/pangqs/AIGC/safepp_pytorch/data/test/ff++/fake/NeuralTextures/c23/frames/152_149/090.png,1,ff++_NeuralTextures,ff++,NeuralTextures/c23/frames/152_149,NeuralTextures,seen,1.0,0,base
/ai_paas_jf/pangqs/AIGC/safepp_pytorch/data/test/ff++/fake/NeuralTextures/c23/frames/152_149/120.png,1,ff++_NeuralTextures,ff++,NeuralTextures/c23/frames/152_149,NeuralTextures,seen,1.0,0,base
/ai_paas_jf/pangqs/AIGC/safepp_pytorch/data/test/ff++/fake/NeuralTextures/c23/frames/166_167/010.png,1,ff++_NeuralTextures,ff++,NeuralTextures/c23/frames/166_167,NeuralTextures,seen,1.0,0,base
/ai_paas_jf/pangqs/AIGC/safepp_pytorch/data/test/ff++/fake/NeuralTextures/c23/frames/167_166/054.png,1,ff++_NeuralTextures,ff++,NeuralTextures/c23/frames/167_166,NeuralTextures,seen,1.0,0,base
/ai_paas_jf/pangqs/AIGC/safepp_pytorch/data/test/ff++/fake/NeuralTextures/c23/frames/177_211/303.png,1,ff++_NeuralTextures,ff++,NeuralTextures/c23/frames/177_211,NeuralTextures,seen,1.0,0,base
/ai_paas_jf/pangqs/AIGC/safepp_pytorch/data/test/ff++/fake/NeuralTextures/c23/frames/179_212/013.png,1,ff++_NeuralTextures,ff++,NeuralTextures/c23/frames/179_212,NeuralTextures,seen,1.0,0,base
/ai_paas_jf/pangqs/AIGC/safepp_pytorch/data/test/ff++/fake/NeuralTextures/c23/frames/180_105/299.png,1,ff++_NeuralTextures,ff++,NeuralTextures/c23/frames/180_105,NeuralTextures,seen,1.0,0,base
/ai_paas_jf/pangqs/AIGC/safepp_pytorch/data/test/ff++/fake/NeuralTextures/c23/frames/182_242/042.png,1,ff++_NeuralTextures,ff++,NeuralTextures/c23/frames/182_242,NeuralTextures,seen,1.0,0,base
/ai_paas_jf/pangqs/AIGC/safepp_pytorch/data/test/ff++/fake/NeuralTextures/c23/frames/183_253/363.png,1,ff++_NeuralTextures,ff++,NeuralTextures/c23/frames/183_253,NeuralTextures,seen,1.0,0,base
/ai_paas_jf/pangqs/AIGC/safepp_pytorch/data/test/ff++/fake/NeuralTextures/c23/frames/185_276/117.png,1,ff++_NeuralTextures,ff++,NeuralTextures/c23/frames/185_276,NeuralTextures,seen,1.0,0,base
/ai_paas_jf/pangqs/AIGC/safepp_pytorch/data/test/ff++/fake/NeuralTextures/c23/frames/193_030/028.png,1,ff++_NeuralTextures,ff++,NeuralTextures/c23/frames/193_030,NeuralTextures,seen,1.0,0,base
/ai_paas_jf/pangqs/AIGC/safepp_pytorch/data/test/ff++/fake/NeuralTextures/c23/frames/197_224/141.png,1,ff++_NeuralTextures,ff++,NeuralTextures/c23/frames/197_224,NeuralTextures,seen,1.0,0,base
/ai_paas_jf/pangqs/AIGC/safepp_pytorch/data/test/ff++/fake/NeuralTextures/c23/frames/197_224/188.png,1,ff++_NeuralTextures,ff++,NeuralTextures/c23/frames/197_224,NeuralTextures,seen,1.0,0,base
/ai_paas_jf/pangqs/AIGC/safepp_pytorch/data/test/ff++/fake/NeuralTextures/c23/frames/197_224/267.png,1,ff++_NeuralTextures,ff++,NeuralTextures/c23/frames/197_224,NeuralTextures,seen,1.0,0,base
/ai_paas_jf/pangqs/AIGC/safepp_pytorch/data/test/ff++/fake/NeuralTextures/c23/frames/201_203/028.png,1,ff++_NeuralTextures,ff++,NeuralTextures/c23/frames/201_203,NeuralTextures,seen,1.0,0,base
/ai_paas_jf/pangqs/AIGC/safepp_pytorch/data/test/ff++/fake/NeuralTextures/c23/frames/202_348/322.png,1,ff++_NeuralTextures,ff++,NeuralTextures/c23/frames/202_348,NeuralTextures,seen,1.0,0,base
/ai_paas_jf/pangqs/AIGC/safepp_pytorch/data/test/ff++/fake/NeuralTextures/c23/frames/203_201/014.png,1,ff++_NeuralTextures,ff++,NeuralTextures/c23/frames/203_201,NeuralTextures,seen,1.0,0,base
/ai_paas_jf/pangqs/AIGC/safepp_pytorch/data/test/ff++/fake/NeuralTextures/c23/frames/204_230/335.png,1,ff++_NeuralTextures,ff++,NeuralTextures/c23/frames/204_230,NeuralTextures,seen,1.0,0,base
/ai_paas_jf/pangqs/AIGC/safepp_pytorch/data/test/ff++/fake/NeuralTextures/c23/frames/205_184/029.png,1,ff++_NeuralTextures,ff++,NeuralTextures/c23/frames/205_184,NeuralTextures,seen,1.0,0,base
/ai_paas_jf/pangqs/AIGC/safepp_pytorch/data/test/ff++/fake/NeuralTextures/c23/frames/209_016/173.png,1,ff++_NeuralTextures,ff++,NeuralTextures/c23/frames/209_016,NeuralTextures,seen,1.0,0,base
/ai_paas_jf/pangqs/AIGC/safepp_pytorch/data/test/ff++/fake/NeuralTextures/c23/frames/209_016/260.png,1,ff++_NeuralTextures,ff++,NeuralTextures/c23/frames/209_016,NeuralTextures,seen,1.0,0,base
/ai_paas_jf/pangqs/AIGC/safepp_pytorch/data/test/ff++/fake/NeuralTextures/c23/frames/212_179/414.png,1,ff++_NeuralTextures,ff++,NeuralTextures/c23/frames/212_179,NeuralTextures,seen,1.0,0,base
/ai_paas_jf/pangqs/AIGC/safepp_pytorch/data/test/ff++/fake/NeuralTextures/c23/frames/230_204/335.png,1,ff++_NeuralTextures,ff++,NeuralTextures/c23/frames/230_204,NeuralTextures,seen,1.0,0,base
/ai_paas_jf/pangqs/AIGC/safepp_pytorch/data/test/ff++/fake/NeuralTextures/c23/frames/234_187/272.png,1,ff++_NeuralTextures,ff++,NeuralTextures/c23/frames/234_187,NeuralTextures,seen,1.0,0,base
/ai_paas_jf/pangqs/AIGC/safepp_pytorch/data/test/ff++/fake/NeuralTextures/c23/frames/234_187/442.png,1,ff++_NeuralTextures,ff++,NeuralTextures/c23/frames/234_187,NeuralTextures,seen,1.0,0,base
/ai_paas_jf/pangqs/AIGC/safepp_pytorch/data/test/ff++/fake/NeuralTextures/c23/frames/235_194/180.png,1,ff++_NeuralTextures,ff++,NeuralTextures/c23/frames/235_194,NeuralTextures,seen,1.0,0,base
/ai_paas_jf/pangqs/AIGC/safepp_pytorch/data/test/ff++/fake/NeuralTextures/c23/frames/236_237/650.png,1,ff++_NeuralTextures,ff++,NeuralTextures/c23/frames/236_237,NeuralTextures,seen,1.0,0,base
/ai_paas_jf/pangqs/AIGC/safepp_pytorch/data/test/ff++/fake/NeuralTextures/c23/frames/252_266/464.png,1,ff++_NeuralTextures,ff++,NeuralTextures/c23/frames/252_266,NeuralTextures,seen,1.0,0,base
/ai_paas_jf/pangqs/AIGC/safepp_pytorch/data/test/ff++/fake/NeuralTextures/c23/frames/258_246/079.png,1,ff++_NeuralTextures,ff++,NeuralTextures/c23/frames/258_246,NeuralTextures,seen,1.0,0,base
/ai_paas_jf/pangqs/AIGC/safepp_pytorch/data/test/ff++/fake/NeuralTextures/c23/frames/267_286/196.png,1,ff++_NeuralTextures,ff++,NeuralTextures/c23/frames/267_286,NeuralTextures,seen,1.0,0,base
/ai_paas_jf/pangqs/AIGC/safepp_pytorch/data/test/ff++/fake/NeuralTextures/c23/frames/268_269/186.png,1,ff++_NeuralTextures,ff++,NeuralTextures/c23/frames/268_269,NeuralTextures,seen,1.0,0,base
/ai_paas_jf/pangqs/AIGC/safepp_pytorch/data/test/ff++/fake/NeuralTextures/c23/frames/271_264/410.png,1,ff++_NeuralTextures,ff++,NeuralTextures/c23/frames/271_264,NeuralTextures,seen,1.0,0,base
/ai_paas_jf/pangqs/AIGC/safepp_pytorch/data/test/ff++/fake/NeuralTextures/c23/frames/275_887/054.png,1,ff++_NeuralTextures,ff++,NeuralTextures/c23/frames/275_887,NeuralTextures,seen,1.0,0,base
/ai_paas_jf/pangqs/AIGC/safepp_pytorch/data/test/ff++/fake/NeuralTextures/c23/frames/276_185/095.png,1,ff++_NeuralTextures,ff++,NeuralTextures/c23/frames/276_185,NeuralTextures,seen,1.0,0,base
/ai_paas_jf/pangqs/AIGC/safepp_pytorch/data/test/ff++/fake/NeuralTextures/c23/frames/282_238/267.png,1,ff++_NeuralTextures,ff++,NeuralTextures/c23/frames/282_238,NeuralTextures,seen,1.0,0,base
/ai_paas_jf/pangqs/AIGC/safepp_pytorch/data/test/ff++/fake/NeuralTextures/c23/frames/283_313/325.png,1,ff++_NeuralTextures,ff++,NeuralTextures/c23/frames/283_313,NeuralTextures,seen,1.0,0,base
/ai_paas_jf/pangqs/AIGC/safepp_pytorch/data/test/ff++/fake/NeuralTextures/c23/frames/283_313/418.png,1,ff++_NeuralTextures,ff++,NeuralTextures/c23/frames/283_313,NeuralTextures,seen,1.0,0,base
/ai_paas_jf/pangqs/AIGC/safepp_pytorch/data/test/ff++/fake/NeuralTextures/c23/frames/287_426/096.png,1,ff++_NeuralTextures,ff++,NeuralTextures/c23/frames/287_426,NeuralTextures,seen,1.0,0,base
/ai_paas_jf/pangqs/AIGC/safepp_pytorch/data/test/ff++/fake/NeuralTextures/c23/frames/287_426/204.png,1,ff++_NeuralTextures,ff++,NeuralTextures/c23/frames/287_426,NeuralTextures,seen,1.0,0,base
/ai_paas_jf/pangqs/AIGC/safepp_pytorch/data/test/ff++/fake/NeuralTextures/c23/frames/307_365/225.png,1,ff++_NeuralTextures,ff++,NeuralTextures/c23/frames/307_365,NeuralTextures,seen,1.0,0,base
/ai_paas_jf/pangqs/AIGC/safepp_pytorch/data/test/ff++/fake/NeuralTextures/c23/frames/312_021/013.png,1,ff++_NeuralTextures,ff++,NeuralTextures/c23/frames/312_021,NeuralTextures,seen,1.0,0,base
/ai_paas_jf/pangqs/AIGC/safepp_pytorch/data/test/ff++/fake/NeuralTextures/c23/frames/313_283/418.png,1,ff++_NeuralTextures,ff++,NeuralTextures/c23/frames/313_283,NeuralTextures,seen,1.0,0,base
/ai_paas_jf/pangqs/AIGC/safepp_pytorch/data/test/ff++/fake/NeuralTextures/c23/frames/318_334/275.png,1,ff++_NeuralTextures,ff++,NeuralTextures/c23/frames/318_334,NeuralTextures,seen,1.0,0,base
/ai_paas_jf/pangqs/AIGC/safepp_pytorch/data/test/ff++/fake/NeuralTextures/c23/frames/318_334/382.png,1,ff++_NeuralTextures,ff++,NeuralTextures/c23/frames/318_334,NeuralTextures,seen,1.0,0,base
/ai_paas_jf/pangqs/AIGC/safepp_pytorch/data/test/ff++/fake/NeuralTextures/c23/frames/328_320/225.png,1,ff++_NeuralTextures,ff++,NeuralTextures/c23/frames/328_320,NeuralTextures,seen,1.0,0,base
/ai_paas_jf/pangqs/AIGC/safepp_pytorch/data/test/ff++/fake/NeuralTextures/c23/frames/329_327/414.png,1,ff++_NeuralTextures,ff++,NeuralTextures/c23/frames/329_327,NeuralTextures,seen,1.0,0,base
/ai_paas_jf/pangqs/AIGC/safepp_pytorch/data/test/ff++/fake/NeuralTextures/c23/frames/331_260/165.png,1,ff++_NeuralTextures,ff++,NeuralTextures/c23/frames/331_260,NeuralTextures,seen,1.0,0,base
/ai_paas_jf/pangqs/AIGC/safepp_pytorch/data/test/ff++/fake/NeuralTextures/c23/frames/332_051/044.png,1,ff++_NeuralTextures,ff++,NeuralTextures/c23/frames/332_051,NeuralTextures,seen,1.0,0,base
/ai_paas_jf/pangqs/AIGC/safepp_pytorch/data/test/ff++/fake/NeuralTextures/c23/frames/335_277/049.png,1,ff++_NeuralTextures,ff++,NeuralTextures/c23/frames/335_277,NeuralTextures,seen,1.0,0,base
/ai_paas_jf/pangqs/AIGC/safepp_pytorch/data/test/ff++/fake/NeuralTextures/c23/frames/338_336/048.png,1,ff++_NeuralTextures,ff++,NeuralTextures/c23/frames/338_336,NeuralTextures,seen,1.0,0,base
/ai_paas_jf/pangqs/AIGC/safepp_pytorch/data/test/ff++/fake/NeuralTextures/c23/frames/345_259/313.png,1,ff++_NeuralTextures,ff++,NeuralTextures/c23/frames/345_259,NeuralTextures,seen,1.0,0,base
/ai_paas_jf/pangqs/AIGC/safepp_pytorch/data/test/ff++/fake/NeuralTextures/c23/frames/357_432/133.png,1,ff++_NeuralTextures,ff++,NeuralTextures/c23/frames/357_432,NeuralTextures,seen,1.0,0,base
/ai_paas_jf/pangqs/AIGC/safepp_pytorch/data/test/ff++/fake/NeuralTextures/c23/frames/359_317/249.png,1,ff++_NeuralTextures,ff++,NeuralTextures/c23/frames/359_317,NeuralTextures,seen,1.0,0,base
/ai_paas_jf/pangqs/AIGC/safepp_pytorch/data/test/ff++/fake/NeuralTextures/c23/frames/361_448/146.png,1,ff++_NeuralTextures,ff++,NeuralTextures/c23/frames/361_448,NeuralTextures,seen,1.0,0,base
/ai_paas_jf/pangqs/AIGC/safepp_pytorch/data/test/ff++/fake/NeuralTextures/c23/frames/361_448/410.png,1,ff++_NeuralTextures,ff++,NeuralTextures/c23/frames/361_448,NeuralTextures,seen,1.0,0,base
/ai_paas_jf/pangqs/AIGC/safepp_pytorch/data/test/ff++/fake/NeuralTextures/c23/frames/363_343/048.png,1,ff++_NeuralTextures,ff++,NeuralTextures/c23/frames/363_343,NeuralTextures,seen,1.0,0,base
/ai_paas_jf/pangqs/AIGC/safepp_pytorch/data/test/ff++/fake/NeuralTextures/c23/frames/365_307/011.png,1,ff++_NeuralTextures,ff++,NeuralTextures/c23/frames/365_307,NeuralTextures,seen,1.0,0,base
/ai_paas_jf/pangqs/AIGC/safepp_pytorch/data/test/ff++/fake/NeuralTextures/c23/frames/368_378/220.png,1,ff++_NeuralTextures,ff++,NeuralTextures/c23/frames/368_378,NeuralTextures,seen,1.0,0,base
/ai_paas_jf/pangqs/AIGC/safepp_pytorch/data/test/ff++/fake/NeuralTextures/c23/frames/372_413/329.png,1,ff++_NeuralTextures,ff++,NeuralTextures/c23/frames/372_413,NeuralTextures,seen,1.0,0,base
/ai_paas_jf/pangqs/AIGC/safepp_pytorch/data/test/ff++/fake/NeuralTextures/c23/frames/373_394/229.png,1,ff++_NeuralTextures,ff++,NeuralTextures/c23/frames/373_394,NeuralTextures,seen,1.0,0,base
/ai_paas_jf/pangqs/AIGC/safepp_pytorch/data/test/ff++/fake/NeuralTextures/c23/frames/374_407/178.png,1,ff++_NeuralTextures,ff++,NeuralTextures/c23/frames/374_407,NeuralTextures,seen,1.0,0,base
/ai_paas_jf/pangqs/AIGC/safepp_pytorch/data/test/ff++/fake/NeuralTextures/c23/frames/378_368/490.png,1,ff++_NeuralTextures,ff++,NeuralTextures/c23/frames/378_368,NeuralTextures,seen,1.0,0,base
/ai_paas_jf/pangqs/AIGC/safepp_pytorch/data/test/ff++/fake/NeuralTextures/c23/frames/392_339/279.png,1,ff++_NeuralTextures,ff++,NeuralTextures/c23/frames/392_339,NeuralTextures,seen,1.0,0,base
/ai_paas_jf/pangqs/AIGC/safepp_pytorch/data/test/ff++/fake/NeuralTextures/c23/frames/393_405/119.png,1,ff++_NeuralTextures,ff++,NeuralTextures/c23/frames/393_405,NeuralTextures,seen,1.0,0,base
/ai_paas_jf/pangqs/AIGC/safepp_pytorch/data/test/ff++/fake/NeuralTextures/c23/frames/393_405/256.png,1,ff++_NeuralTextures,ff++,NeuralTextures/c23/frames/393_405,NeuralTextures,seen,1.0,0,base
/ai_paas_jf/pangqs/AIGC/safepp_pytorch/data/test/ff++/fake/NeuralTextures/c23/frames/395_401/331.png,1,ff++_NeuralTextures,ff++,NeuralTextures/c23/frames/395_401,NeuralTextures,seen,1.0,0,base
/ai_paas_jf/pangqs/AIGC/safepp_pytorch/data/test/ff++/fake/NeuralTextures/c23/frames/395_401/403.png,1,ff++_NeuralTextures,ff++,NeuralTextures/c23/frames/395_401,NeuralTextures,seen,1.0,0,base
/ai_paas_jf/pangqs/AIGC/safepp_pytorch/data/test/ff++/fake/NeuralTextures/c23/frames/397_602/216.png,1,ff++_NeuralTextures,ff++,NeuralTextures/c23/frames/397_602,NeuralTextures,seen,1.0,0,base
/ai_paas_jf/pangqs/AIGC/safepp_pytorch/data/test/ff++/fake/NeuralTextures/c23/frames/406_391/313.png,1,ff++_NeuralTextures,ff++,NeuralTextures/c23/frames/406_391,NeuralTextures,seen,1.0,0,base
/ai_paas_jf/pangqs/AIGC/safepp_pytorch/data/test/ff++/fake/NeuralTextures/c23/frames/407_374/064.png,1,ff++_NeuralTextures,ff++,NeuralTextures/c23/frames/407_374,NeuralTextures,seen,1.0,0,base
/ai_paas_jf/pangqs/AIGC/safepp_pytorch/data/test/ff++/fake/NeuralTextures/c23/frames/409_382/191.png,1,ff++_NeuralTextures,ff++,NeuralTextures/c23/frames/409_382,NeuralTextures,seen,1.0,0,base
/ai_paas_jf/pangqs/AIGC/safepp_pytorch/data/test/ff++/fake/NeuralTextures/c23/frames/414_385/011.png,1,ff++_NeuralTextures,ff++,NeuralTextures/c23/frames/414_385,NeuralTextures,seen,1.0,0,base
/ai_paas_jf/pangqs/AIGC/safepp_pytorch/data/test/ff++/fake/NeuralTextures/c23/frames/415_484/112.png,1,ff++_NeuralTextures,ff++,NeuralTextures/c23/frames/415_484,NeuralTextures,seen,1.0,0,base
/ai_paas_jf/pangqs/AIGC/safepp_pytorch/data/test/ff++/fake/NeuralTextures/c23/frames/426_287/237.png,1,ff++_NeuralTextures,ff++,NeuralTextures/c23/frames/426_287,NeuralTextures,seen,1.0,0,base
/ai_paas_jf/pangqs/AIGC/safepp_pytorch/data/test/ff++/fake/NeuralTextures/c23/frames/428_466/171.png,1,ff++_NeuralTextures,ff++,NeuralTextures/c23/frames/428_466,NeuralTextures,seen,1.0,0,base
/ai_paas_jf/pangqs/AIGC/safepp_pytorch/data/test/ff++/fake/NeuralTextures/c23/frames/430_459/034.png,1,ff++_NeuralTextures,ff++,NeuralTextures/c23/frames/430_459,NeuralTextures,seen,1.0,0,base
/ai_paas_jf/pangqs/AIGC/safepp_pytorch/data/test/ff++/fake/NeuralTextures/c23/frames/434_438/000.png,1,ff++_NeuralTextures,ff++,NeuralTextures/c23/frames/434_438,NeuralTextures,seen,1.0,0,base
/ai_paas_jf/pangqs/AIGC/safepp_pytorch/data/test/ff++/fake/NeuralTextures/c23/frames/435_456/475.png,1,ff++_NeuralTextures,ff++,NeuralTextures/c23/frames/435_456,NeuralTextures,seen,1.0,0,base
/ai_paas_jf/pangqs/AIGC/safepp_pytorch/data/test/ff++/fake/NeuralTextures/c23/frames/437_360/346.png,1,ff++_NeuralTextures,ff++,NeuralTextures/c23/frames/437_360,NeuralTextures,seen,1.0,0,base
/ai_paas_jf/pangqs/AIGC/safepp_pytorch/data/test/ff++/fake/NeuralTextures/c23/frames/442_195/139.png,1,ff++_NeuralTextures,ff++,NeuralTextures/c23/frames/442_195,NeuralTextures,seen,1.0,0,base
/ai_paas_jf/pangqs/AIGC/safepp_pytorch/data/test/ff++/fake/NeuralTextures/c23/frames/460_678/025.png,1,ff++_NeuralTextures,ff++,NeuralTextures/c23/frames/460_678,NeuralTextures,seen,1.0,0,base
/ai_paas_jf/pangqs/AIGC/safepp_pytorch/data/test/ff++/fake/NeuralTextures/c23/frames/469_481/039.png,1,ff++_NeuralTextures,ff++,NeuralTextures/c23/frames/469_481,NeuralTextures,seen,1.0,0,base
/ai_paas_jf/pangqs/AIGC/safepp_pytorch/data/test/ff++/fake/NeuralTextures/c23/frames/487_477/225.png,1,ff++_NeuralTextures,ff++,NeuralTextures/c23/frames/487_477,NeuralTextures,seen,1.0,0,base
/ai_paas_jf/pangqs/AIGC/safepp_pytorch/data/test/ff++/fake/NeuralTextures/c23/frames/497_403/280.png,1,ff++_NeuralTextures,ff++,NeuralTextures/c23/frames/497_403,NeuralTextures,seen,1.0,0,base
/ai_paas_jf/pangqs/AIGC/safepp_pytorch/data/test/ff++/fake/NeuralTextures/c23/frames/498_433/050.png,1,ff++_NeuralTextures,ff++,NeuralTextures/c23/frames/498_433,NeuralTextures,seen,1.0,0,base
/ai_paas_jf/pangqs/AIGC/safepp_pytorch/data/test/ff++/fake/NeuralTextures/c23/frames/499_539/050.png,1,ff++_NeuralTextures,ff++,NeuralTextures/c23/frames/499_539,NeuralTextures,seen,1.0,0,base
/ai_paas_jf/pangqs/AIGC/safepp_pytorch/data/test/ff++/fake/NeuralTextures/c23/frames/499_539/120.png,1,ff++_NeuralTextures,ff++,NeuralTextures/c23/frames/499_539,NeuralTextures,seen,1.0,0,base
/ai_paas_jf/pangqs/AIGC/safepp_pytorch/data/test/ff++/fake/NeuralTextures/c23/frames/513_305/159.png,1,ff++_NeuralTextures,ff++,NeuralTextures/c23/frames/513_305,NeuralTextures,seen,1.0,0,base
/ai_paas_jf/pangqs/AIGC/safepp_pytorch/data/test/ff++/fake/NeuralTextures/c23/frames/513_305/381.png,1,ff++_NeuralTextures,ff++,NeuralTextures/c23/frames/513_305,NeuralTextures,seen,1.0,0,base
/ai_paas_jf/pangqs/AIGC/safepp_pytorch/data/test/ff++/fake/NeuralTextures/c23/frames/523_541/072.png,1,ff++_NeuralTextures,ff++,NeuralTextures/c23/frames/523_541,NeuralTextures,seen,1.0,0,base
/ai_paas_jf/pangqs/AIGC/safepp_pytorch/data/test/ff++/fake/NeuralTextures/c23/frames/524_580/093.png,1,ff++_NeuralTextures,ff++,NeuralTextures/c23/frames/524_580,NeuralTextures,seen,1.0,0,base
/ai_paas_jf/pangqs/AIGC/safepp_pytorch/data/test/ff++/fake/NeuralTextures/c23/frames/525_509/183.png,1,ff++_NeuralTextures,ff++,NeuralTextures/c23/frames/525_509,NeuralTextures,seen,1.0,0,base
/ai_paas_jf/pangqs/AIGC/safepp_pytorch/data/test/ff++/fake/NeuralTextures/c23/frames/525_509/382.png,1,ff++_NeuralTextures,ff++,NeuralTextures/c23/frames/525_509,NeuralTextures,seen,1.0,0,base
/ai_paas_jf/pangqs/AIGC/safepp_pytorch/data/test/ff++/fake/NeuralTextures/c23/frames/528_510/273.png,1,ff++_NeuralTextures,ff++,NeuralTextures/c23/frames/528_510,NeuralTextures,seen,1.0,0,base
/ai_paas_jf/pangqs/AIGC/safepp_pytorch/data/test/ff++/fake/NeuralTextures/c23/frames/530_594/028.png,1,ff++_NeuralTextures,ff++,NeuralTextures/c23/frames/530_594,NeuralTextures,seen,1.0,0,base
/ai_paas_jf/pangqs/AIGC/safepp_pytorch/data/test/ff++/fake/NeuralTextures/c23/frames/530_594/085.png,1,ff++_NeuralTextures,ff++,NeuralTextures/c23/frames/530_594,NeuralTextures,seen,1.0,0,base
/ai_paas_jf/pangqs/AIGC/safepp_pytorch/data/test/ff++/fake/NeuralTextures/c23/frames/535_587/564.png,1,ff++_NeuralTextures,ff++,NeuralTextures/c23/frames/535_587,NeuralTextures,seen,1.0,0,base
/ai_paas_jf/pangqs/AIGC/safepp_pytorch/data/test/ff++/fake/NeuralTextures/c23/frames/562_626/420.png,1,ff++_NeuralTextures,ff++,NeuralTextures/c23/frames/562_626,NeuralTextures,seen,1.0,0,base
/ai_paas_jf/pangqs/AIGC/safepp_pytorch/data/test/ff++/fake/NeuralTextures/c23/frames/568_628/275.png,1,ff++_NeuralTextures,ff++,NeuralTextures/c23/frames/568_628,NeuralTextures,seen,1.0,0,base
/ai_paas_jf/pangqs/AIGC/safepp_pytorch/data/test/ff++/fake/NeuralTextures/c23/frames/570_624/213.png,1,ff++_NeuralTextures,ff++,NeuralTextures/c23/frames/570_624,NeuralTextures,seen,1.0,0,base
/ai_paas_jf/pangqs/AIGC/safepp_pytorch/data/test/ff++/fake/NeuralTextures/c23/frames/577_593/243.png,1,ff++_NeuralTextures,ff++,NeuralTextures/c23/frames/577_593,NeuralTextures,seen,1.0,0,base
/ai_paas_jf/pangqs/AIGC/safepp_pytorch/data/test/ff++/fake/NeuralTextures/c23/frames/577_593/276.png,1,ff++_NeuralTextures,ff++,NeuralTextures/c23/frames/577_593,NeuralTextures,seen,1.0,0,base
/ai_paas_jf/pangqs/AIGC/safepp_pytorch/data/test/ff++/fake/NeuralTextures/c23/frames/604_703/156.png,1,ff++_NeuralTextures,ff++,NeuralTextures/c23/frames/604_703,NeuralTextures,seen,1.0,0,base
/ai_paas_jf/pangqs/AIGC/safepp_pytorch/data/test/ff++/fake/NeuralTextures/c23/frames/605_591/034.png,1,ff++_NeuralTextures,ff++,NeuralTextures/c23/frames/605_591,NeuralTextures,seen,1.0,0,base
/ai_paas_jf/pangqs/AIGC/safepp_pytorch/data/test/ff++/fake/NeuralTextures/c23/frames/610_692/011.png,1,ff++_NeuralTextures,ff++,NeuralTextures/c23/frames/610_692,NeuralTextures,seen,1.0,0,base
/ai_paas_jf/pangqs/AIGC/safepp_pytorch/data/test/ff++/fake/NeuralTextures/c23/frames/611_760/305.png,1,ff++_NeuralTextures,ff++,NeuralTextures/c23/frames/611_760,NeuralTextures,seen,1.0,0,base
/ai_paas_jf/pangqs/AIGC/safepp_pytorch/data/test/ff++/fake/NeuralTextures/c23/frames/614_616/048.png,1,ff++_NeuralTextures,ff++,NeuralTextures/c23/frames/614_616,NeuralTextures,seen,1.0,0,base
/ai_paas_jf/pangqs/AIGC/safepp_pytorch/data/test/ff++/fake/NeuralTextures/c23/frames/618_629/159.png,1,ff++_NeuralTextures,ff++,NeuralTextures/c23/frames/618_629,NeuralTextures,seen,1.0,0,base
/ai_paas_jf/pangqs/AIGC/safepp_pytorch/data/test/ff++/fake/NeuralTextures/c23/frames/619_620/068.png,1,ff++_NeuralTextures,ff++,NeuralTextures/c23/frames/619_620,NeuralTextures,seen,1.0,0,base
/ai_paas_jf/pangqs/AIGC/safepp_pytorch/data/test/ff++/fake/NeuralTextures/c23/frames/619_620/117.png,1,ff++_NeuralTextures,ff++,NeuralTextures/c23/frames/619_620,NeuralTextures,seen,1.0,0,base
/ai_paas_jf/pangqs/AIGC/safepp_pytorch/data/test/ff++/fake/NeuralTextures/c23/frames/629_618/368.png,1,ff++_NeuralTextures,ff++,NeuralTextures/c23/frames/629_618,NeuralTextures,seen,1.0,0,base
/ai_paas_jf/pangqs/AIGC/safepp_pytorch/data/test/ff++/fake/NeuralTextures/c23/frames/636_578/323.png,1,ff++_NeuralTextures,ff++,NeuralTextures/c23/frames/636_578,NeuralTextures,seen,1.0,0,base
/ai_paas_jf/pangqs/AIGC/safepp_pytorch/data/test/ff++/fake/NeuralTextures/c23/frames/637_427/271.png,1,ff++_NeuralTextures,ff++,NeuralTextures/c23/frames/637_427,NeuralTextures,seen,1.0,0,base
/ai_paas_jf/pangqs/AIGC/safepp_pytorch/data/test/ff++/fake/NeuralTextures/c23/frames/643_646/210.png,1,ff++_NeuralTextures,ff++,NeuralTextures/c23/frames/643_646,NeuralTextures,seen,1.0,0,base
/ai_paas_jf/pangqs/AIGC/safepp_pytorch/data/test/ff++/fake/NeuralTextures/c23/frames/645_688/000.png,1,ff++_NeuralTextures,ff++,NeuralTextures/c23/frames/645_688,NeuralTextures,seen,1.0,0,base
/ai_paas_jf/pangqs/AIGC/safepp_pytorch/data/test/ff++/fake/NeuralTextures/c23/frames/645_688/481.png,1,ff++_NeuralTextures,ff++,NeuralTextures/c23/frames/645_688,NeuralTextures,seen,1.0,0,base
/ai_paas_jf/pangqs/AIGC/safepp_pytorch/data/test/ff++/fake/NeuralTextures/c23/frames/651_835/256.png,1,ff++_NeuralTextures,ff++,NeuralTextures/c23/frames/651_835,NeuralTextures,seen,1.0,0,base
/ai_paas_jf/pangqs/AIGC/safepp_pytorch/data/test/ff++/fake/NeuralTextures/c23/frames/655_444/056.png,1,ff++_NeuralTextures,ff++,NeuralTextures/c23/frames/655_444,NeuralTextures,seen,1.0,0,base
/ai_paas_jf/pangqs/AIGC/safepp_pytorch/data/test/ff++/fake/NeuralTextures/c23/frames/667_446/326.png,1,ff++_NeuralTextures,ff++,NeuralTextures/c23/frames/667_446,NeuralTextures,seen,1.0,0,base
/ai_paas_jf/pangqs/AIGC/safepp_pytorch/data/test/ff++/fake/NeuralTextures/c23/frames/673_728/018.png,1,ff++_NeuralTextures,ff++,NeuralTextures/c23/frames/673_728,NeuralTextures,seen,1.0,0,base
/ai_paas_jf/pangqs/AIGC/safepp_pytorch/data/test/ff++/fake/NeuralTextures/c23/frames/679_665/323.png,1,ff++_NeuralTextures,ff++,NeuralTextures/c23/frames/679_665,NeuralTextures,seen,1.0,0,base
/ai_paas_jf/pangqs/AIGC/safepp_pytorch/data/test/ff++/fake/NeuralTextures/c23/frames/681_711/056.png,1,ff++_NeuralTextures,ff++,NeuralTextures/c23/frames/681_711,NeuralTextures,seen,1.0,0,base
/ai_paas_jf/pangqs/AIGC/safepp_pytorch/data/test/ff++/fake/NeuralTextures/c23/frames/684_717/060.png,1,ff++_NeuralTextures,ff++,NeuralTextures/c23/frames/684_717,NeuralTextures,seen,1.0,0,base
/ai_paas_jf/pangqs/AIGC/safepp_pytorch/data/test/ff++/fake/NeuralTextures/c23/frames/684_717/084.png,1,ff++_NeuralTextures,ff++,NeuralTextures/c23/frames/684_717,NeuralTextures,seen,1.0,0,base
/ai_paas_jf/pangqs/AIGC/safepp_pytorch/data/test/ff++/fake/NeuralTextures/c23/frames/684_717/132.png,1,ff++_NeuralTextures,ff++,NeuralTextures/c23/frames/684_717,NeuralTextures,seen,1.0,0,base
/ai_paas_jf/pangqs/AIGC/safepp_pytorch/data/test/ff++/fake/NeuralTextures/c23/frames/686_696/055.png,1,ff++_NeuralTextures,ff++,NeuralTextures/c23/frames/686_696,NeuralTextures,seen,1.0,0,base
/ai_paas_jf/pangqs/AIGC/safepp_pytorch/data/test/ff++/fake/NeuralTextures/c23/frames/694_767/269.png,1,ff++_NeuralTextures,ff++,NeuralTextures/c23/frames/694_767,NeuralTextures,seen,1.0,0,base
/ai_paas_jf/pangqs/AIGC/safepp_pytorch/data/test/ff++/fake/NeuralTextures/c23/frames/696_686/055.png,1,ff++_NeuralTextures,ff++,NeuralTextures/c23/frames/696_686,NeuralTextures,seen,1.0,0,base
/ai_paas_jf/pangqs/AIGC/safepp_pytorch/data/test/ff++/fake/NeuralTextures/c23/frames/700_813/042.png,1,ff++_NeuralTextures,ff++,NeuralTextures/c23/frames/700_813,NeuralTextures,seen,1.0,0,base
/ai_paas_jf/pangqs/AIGC/safepp_pytorch/data/test/ff++/fake/NeuralTextures/c23/frames/703_604/084.png,1,ff++_NeuralTextures,ff++,NeuralTextures/c23/frames/703_604,NeuralTextures,seen,1.0,0,base
/ai_paas_jf/pangqs/AIGC/safepp_pytorch/data/test/ff++/fake/NeuralTextures/c23/frames/708_772/010.png,1,ff++_NeuralTextures,ff++,NeuralTextures/c23/frames/708_772,NeuralTextures,seen,1.0,0,base
/ai_paas_jf/pangqs/AIGC/safepp_pytorch/data/test/ff++/fake/NeuralTextures/c23/frames/711_681/140.png,1,ff++_NeuralTextures,ff++,NeuralTextures/c23/frames/711_681,NeuralTextures,seen,1.0,0,base
/ai_paas_jf/pangqs/AIGC/safepp_pytorch/data/test/ff++/fake/NeuralTextures/c23/frames/719_737/094.png,1,ff++_NeuralTextures,ff++,NeuralTextures/c23/frames/719_737,NeuralTextures,seen,1.0,0,base
/ai_paas_jf/pangqs/AIGC/safepp_pytorch/data/test/ff++/fake/NeuralTextures/c23/frames/733_935/050.png,1,ff++_NeuralTextures,ff++,NeuralTextures/c23/frames/733_935,NeuralTextures,seen,1.0,0,base
/ai_paas_jf/pangqs/AIGC/safepp_pytorch/data/test/ff++/fake/NeuralTextures/c23/frames/743_750/000.png,1,ff++_NeuralTextures,ff++,NeuralTextures/c23/frames/743_750,NeuralTextures,seen,1.0,0,base
/ai_paas_jf/pangqs/AIGC/safepp_pytorch/data/test/ff++/fake/NeuralTextures/c23/frames/743_750/170.png,1,ff++_NeuralTextures,ff++,NeuralTextures/c23/frames/743_750,NeuralTextures,seen,1.0,0,base
/ai_paas_jf/pangqs/AIGC/safepp_pytorch/data/test/ff++/fake/NeuralTextures/c23/frames/743_750/230.png,1,ff++_NeuralTextures,ff++,NeuralTextures/c23/frames/743_750,NeuralTextures,seen,1.0,0,base
/ai_paas_jf/pangqs/AIGC/safepp_pytorch/data/test/ff++/fake/NeuralTextures/c23/frames/744_674/255.png,1,ff++_NeuralTextures,ff++,NeuralTextures/c23/frames/744_674,NeuralTextures,seen,1.0,0,base
/ai_paas_jf/pangqs/AIGC/safepp_pytorch/data/test/ff++/fake/NeuralTextures/c23/frames/749_659/468.png,1,ff++_NeuralTextures,ff++,NeuralTextures/c23/frames/749_659,NeuralTextures,seen,1.0,0,base
/ai_paas_jf/pangqs/AIGC/safepp_pytorch/data/test/ff++/fake/NeuralTextures/c23/frames/757_573/028.png,1,ff++_NeuralTextures,ff++,NeuralTextures/c23/frames/757_573,NeuralTextures,seen,1.0,0,base
/ai_paas_jf/pangqs/AIGC/safepp_pytorch/data/test/ff++/fake/NeuralTextures/c23/frames/758_754/113.png,1,ff++_NeuralTextures,ff++,NeuralTextures/c23/frames/758_754,NeuralTextures,seen,1.0,0,base
/ai_paas_jf/pangqs/AIGC/safepp_pytorch/data/test/ff++/fake/NeuralTextures/c23/frames/760_611/118.png,1,ff++_NeuralTextures,ff++,NeuralTextures/c23/frames/760_611,NeuralTextures,seen,1.0,0,base
/ai_paas_jf/pangqs/AIGC/safepp_pytorch/data/test/ff++/fake/NeuralTextures/c23/frames/764_850/273.png,1,ff++_NeuralTextures,ff++,NeuralTextures/c23/frames/764_850,NeuralTextures,seen,1.0,0,base
/ai_paas_jf/pangqs/AIGC/safepp_pytorch/data/test/ff++/fake/NeuralTextures/c23/frames/769_784/202.png,1,ff++_NeuralTextures,ff++,NeuralTextures/c23/frames/769_784,NeuralTextures,seen,1.0,0,base
/ai_paas_jf/pangqs/AIGC/safepp_pytorch/data/test/ff++/fake/NeuralTextures/c23/frames/770_791/064.png,1,ff++_NeuralTextures,ff++,NeuralTextures/c23/frames/770_791,NeuralTextures,seen,1.0,0,base
/ai_paas_jf/pangqs/AIGC/safepp_pytorch/data/test/ff++/fake/NeuralTextures/c23/frames/771_849/000.png,1,ff++_NeuralTextures,ff++,NeuralTextures/c23/frames/771_849,NeuralTextures,seen,1.0,0,base
/ai_paas_jf/pangqs/AIGC/safepp_pytorch/data/test/ff++/fake/NeuralTextures/c23/frames/771_849/093.png,1,ff++_NeuralTextures,ff++,NeuralTextures/c23/frames/771_849,NeuralTextures,seen,1.0,0,base
/ai_paas_jf/pangqs/AIGC/safepp_pytorch/data/test/ff++/fake/NeuralTextures/c23/frames/774_735/191.png,1,ff++_NeuralTextures,ff++,NeuralTextures/c23/frames/774_735,NeuralTextures,seen,1.0,0,base
/ai_paas_jf/pangqs/AIGC/safepp_pytorch/data/test/ff++/fake/NeuralTextures/c23/frames/776_676/223.png,1,ff++_NeuralTextures,ff++,NeuralTextures/c23/frames/776_676,NeuralTextures,seen,1.0,0,base
/ai_paas_jf/pangqs/AIGC/safepp_pytorch/data/test/ff++/fake/NeuralTextures/c23/frames/776_676/266.png,1,ff++_NeuralTextures,ff++,NeuralTextures/c23/frames/776_676,NeuralTextures,seen,1.0,0,base
/ai_paas_jf/pangqs/AIGC/safepp_pytorch/data/test/ff++/fake/NeuralTextures/c23/frames/780_869/053.png,1,ff++_NeuralTextures,ff++,NeuralTextures/c23/frames/780_869,NeuralTextures,seen,1.0,0,base
/ai_paas_jf/pangqs/AIGC/safepp_pytorch/data/test/ff++/fake/NeuralTextures/c23/frames/791_770/042.png,1,ff++_NeuralTextures,ff++,NeuralTextures/c23/frames/791_770,NeuralTextures,seen,1.0,0,base
/ai_paas_jf/pangqs/AIGC/safepp_pytorch/data/test/ff++/fake/NeuralTextures/c23/frames/792_903/221.png,1,ff++_NeuralTextures,ff++,NeuralTextures/c23/frames/792_903,NeuralTextures,seen,1.0,0,base
/ai_paas_jf/pangqs/AIGC/safepp_pytorch/data/test/ff++/fake/NeuralTextures/c23/frames/796_740/145.png,1,ff++_NeuralTextures,ff++,NeuralTextures/c23/frames/796_740,NeuralTextures,seen,1.0,0,base
/ai_paas_jf/pangqs/AIGC/safepp_pytorch/data/test/ff++/fake/NeuralTextures/c23/frames/796_740/268.png,1,ff++_NeuralTextures,ff++,NeuralTextures/c23/frames/796_740,NeuralTextures,seen,1.0,0,base
/ai_paas_jf/pangqs/AIGC/safepp_pytorch/data/test/ff++/fake/NeuralTextures/c23/frames/799_809/342.png,1,ff++_NeuralTextures,ff++,NeuralTextures/c23/frames/799_809,NeuralTextures,seen,1.0,0,base
/ai_paas_jf/pangqs/AIGC/safepp_pytorch/data/test/ff++/fake/NeuralTextures/c23/frames/803_017/267.png,1,ff++_NeuralTextures,ff++,NeuralTextures/c23/frames/803_017,NeuralTextures,seen,1.0,0,base
/ai_paas_jf/pangqs/AIGC/safepp_pytorch/data/test/ff++/fake/NeuralTextures/c23/frames/805_011/370.png,1,ff++_NeuralTextures,ff++,NeuralTextures/c23/frames/805_011,NeuralTextures,seen,1.0,0,base
/ai_paas_jf/pangqs/AIGC/safepp_pytorch/data/test/ff++/fake/NeuralTextures/c23/frames/810_838/058.png,1,ff++_NeuralTextures,ff++,NeuralTextures/c23/frames/810_838,NeuralTextures,seen,1.0,0,base
/ai_paas_jf/pangqs/AIGC/safepp_pytorch/data/test/ff++/fake/NeuralTextures/c23/frames/810_838/117.png,1,ff++_NeuralTextures,ff++,NeuralTextures/c23/frames/810_838,NeuralTextures,seen,1.0,0,base
/ai_paas_jf/pangqs/AIGC/safepp_pytorch/data/test/ff++/fake/NeuralTextures/c23/frames/825_074/299.png,1,ff++_NeuralTextures,ff++,NeuralTextures/c23/frames/825_074,NeuralTextures,seen,1.0,0,base
/ai_paas_jf/pangqs/AIGC/safepp_pytorch/data/test/ff++/fake/NeuralTextures/c23/frames/826_833/251.png,1,ff++_NeuralTextures,ff++,NeuralTextures/c23/frames/826_833,NeuralTextures,seen,1.0,0,base
/ai_paas_jf/pangqs/AIGC/safepp_pytorch/data/test/ff++/fake/NeuralTextures/c23/frames/831_508/168.png,1,ff++_NeuralTextures,ff++,NeuralTextures/c23/frames/831_508,NeuralTextures,seen,1.0,0,base
/ai_paas_jf/pangqs/AIGC/safepp_pytorch/data/test/ff++/fake/NeuralTextures/c23/frames/831_508/283.png,1,ff++_NeuralTextures,ff++,NeuralTextures/c23/frames/831_508,NeuralTextures,seen,1.0,0,base
/ai_paas_jf/pangqs/AIGC/safepp_pytorch/data/test/ff++/fake/NeuralTextures/c23/frames/839_864/052.png,1,ff++_NeuralTextures,ff++,NeuralTextures/c23/frames/839_864,NeuralTextures,seen,1.0,0,base
/ai_paas_jf/pangqs/AIGC/safepp_pytorch/data/test/ff++/fake/NeuralTextures/c23/frames/841_639/133.png,1,ff++_NeuralTextures,ff++,NeuralTextures/c23/frames/841_639,NeuralTextures,seen,1.0,0,base
/ai_paas_jf/pangqs/AIGC/safepp_pytorch/data/test/ff++/fake/NeuralTextures/c23/frames/843_859/204.png,1,ff++_NeuralTextures,ff++,NeuralTextures/c23/frames/843_859,NeuralTextures,seen,1.0,0,base
/ai_paas_jf/pangqs/AIGC/safepp_pytorch/data/test/ff++/fake/NeuralTextures/c23/frames/845_846/215.png,1,ff++_NeuralTextures,ff++,NeuralTextures/c23/frames/845_846,NeuralTextures,seen,1.0,0,base
/ai_paas_jf/pangqs/AIGC/safepp_pytorch/data/test/ff++/fake/NeuralTextures/c23/frames/845_846/295.png,1,ff++_NeuralTextures,ff++,NeuralTextures/c23/frames/845_846,NeuralTextures,seen,1.0,0,base
/ai_paas_jf/pangqs/AIGC/safepp_pytorch/data/test/ff++/fake/NeuralTextures/c23/frames/859_843/184.png,1,ff++_NeuralTextures,ff++,NeuralTextures/c23/frames/859_843,NeuralTextures,seen,1.0,0,base
/ai_paas_jf/pangqs/AIGC/safepp_pytorch/data/test/ff++/fake/NeuralTextures/c23/frames/863_853/247.png,1,ff++_NeuralTextures,ff++,NeuralTextures/c23/frames/863_853,NeuralTextures,seen,1.0,0,base
/ai_paas_jf/pangqs/AIGC/safepp_pytorch/data/test/ff++/fake/NeuralTextures/c23/frames/864_839/272.png,1,ff++_NeuralTextures,ff++,NeuralTextures/c23/frames/864_839,NeuralTextures,seen,1.0,0,base
/ai_paas_jf/pangqs/AIGC/safepp_pytorch/data/test/ff++/fake/NeuralTextures/c23/frames/867_765/212.png,1,ff++_NeuralTextures,ff++,NeuralTextures/c23/frames/867_765,NeuralTextures,seen,1.0,0,base
/ai_paas_jf/pangqs/AIGC/safepp_pytorch/data/test/ff++/fake/NeuralTextures/c23/frames/876_891/256.png,1,ff++_NeuralTextures,ff++,NeuralTextures/c23/frames/876_891,NeuralTextures,seen,1.0,0,base
/ai_paas_jf/pangqs/AIGC/safepp_pytorch/data/test/ff++/fake/NeuralTextures/c23/frames/878_866/393.png,1,ff++_NeuralTextures,ff++,NeuralTextures/c23/frames/878_866,NeuralTextures,seen,1.0,0,base
/ai_paas_jf/pangqs/AIGC/safepp_pytorch/data/test/ff++/fake/NeuralTextures/c23/frames/879_963/089.png,1,ff++_NeuralTextures,ff++,NeuralTextures/c23/frames/879_963,NeuralTextures,seen,1.0,0,base
/ai_paas_jf/pangqs/AIGC/safepp_pytorch/data/test/ff++/fake/NeuralTextures/c23/frames/885_802/074.png,1,ff++_NeuralTextures,ff++,NeuralTextures/c23/frames/885_802,NeuralTextures,seen,1.0,0,base
/ai_paas_jf/pangqs/AIGC/safepp_pytorch/data/test/ff++/fake/NeuralTextures/c23/frames/886_877/490.png,1,ff++_NeuralTextures,ff++,NeuralTextures/c23/frames/886_877,NeuralTextures,seen,1.0,0,base
/ai_paas_jf/pangqs/AIGC/safepp_pytorch/data/test/ff++/fake/NeuralTextures/c23/frames/892_112/170.png,1,ff++_NeuralTextures,ff++,NeuralTextures/c23/frames/892_112,NeuralTextures,seen,1.0,0,base
/ai_paas_jf/pangqs/AIGC/safepp_pytorch/data/test/ff++/fake/NeuralTextures/c23/frames/910_911/168.png,1,ff++_NeuralTextures,ff++,NeuralTextures/c23/frames/910_911,NeuralTextures,seen,1.0,0,base
/ai_paas_jf/pangqs/AIGC/safepp_pytorch/data/test/ff++/fake/NeuralTextures/c23/frames/914_899/167.png,1,ff++_NeuralTextures,ff++,NeuralTextures/c23/frames/914_899,NeuralTextures,seen,1.0,0,base
/ai_paas_jf/pangqs/AIGC/safepp_pytorch/data/test/ff++/fake/NeuralTextures/c23/frames/936_931/143.png,1,ff++_NeuralTextures,ff++,NeuralTextures/c23/frames/936_931,NeuralTextures,seen,1.0,0,base
/ai_paas_jf/pangqs/AIGC/safepp_pytorch/data/test/ff++/fake/NeuralTextures/c23/frames/938_987/011.png,1,ff++_NeuralTextures,ff++,NeuralTextures/c23/frames/938_987,NeuralTextures,seen,1.0,0,base
/ai_paas_jf/pangqs/AIGC/safepp_pytorch/data/test/ff++/fake/NeuralTextures/c23/frames/940_941/069.png,1,ff++_NeuralTextures,ff++,NeuralTextures/c23/frames/940_941,NeuralTextures,seen,1.0,0,base
/ai_paas_jf/pangqs/AIGC/safepp_pytorch/data/test/ff++/fake/NeuralTextures/c23/frames/962_929/014.png,1,ff++_NeuralTextures,ff++,NeuralTextures/c23/frames/962_929,NeuralTextures,seen,1.0,0,base
/ai_paas_jf/pangqs/AIGC/safepp_pytorch/data/test/ff++/fake/NeuralTextures/c23/frames/962_929/074.png,1,ff++_NeuralTextures,ff++,NeuralTextures/c23/frames/962_929,NeuralTextures,seen,1.0,0,base
/ai_paas_jf/pangqs/AIGC/safepp_pytorch/data/test/ff++/fake/NeuralTextures/c23/frames/967_984/163.png,1,ff++_NeuralTextures,ff++,NeuralTextures/c23/frames/967_984,NeuralTextures,seen,1.0,0,base
/ai_paas_jf/pangqs/AIGC/safepp_pytorch/data/test/ff++/fake/NeuralTextures/c23/frames/969_897/053.png,1,ff++_NeuralTextures,ff++,NeuralTextures/c23/frames/969_897,NeuralTextures,seen,1.0,0,base
/ai_paas_jf/pangqs/AIGC/safepp_pytorch/data/test/ff++/fake/NeuralTextures/c23/frames/975_978/068.png,1,ff++_NeuralTextures,ff++,NeuralTextures/c23/frames/975_978,NeuralTextures,seen,1.0,0,base
/ai_paas_jf/pangqs/AIGC/safepp_pytorch/data/test/ff++/fake/NeuralTextures/c23/frames/975_978/303.png,1,ff++_NeuralTextures,ff++,NeuralTextures/c23/frames/975_978,NeuralTextures,seen,1.0,0,base
/ai_paas_jf/pangqs/AIGC/safepp_pytorch/data/test/ff++/fake/NeuralTextures/c23/frames/984_967/054.png,1,ff++_NeuralTextures,ff++,NeuralTextures/c23/frames/984_967,NeuralTextures,seen,1.0,0,base
/ai_paas_jf/pangqs/AIGC/safepp_pytorch/data/test/ff++/fake/NeuralTextures/c23/frames/984_967/130.png,1,ff++_NeuralTextures,ff++,NeuralTextures/c23/frames/984_967,NeuralTextures,seen,1.0,0,base
/ai_paas_jf/pangqs/AIGC/safepp_pytorch/data/test/ff++/fake/NeuralTextures/c23/frames/985_981/110.png,1,ff++_NeuralTextures,ff++,NeuralTextures/c23/frames/985_981,NeuralTextures,seen,1.0,0,base
/ai_paas_jf/pangqs/AIGC/safepp_pytorch/data/test/ff++/fake/NeuralTextures/c23/frames/993_989/223.png,1,ff++_NeuralTextures,ff++,NeuralTextures/c23/frames/993_989,NeuralTextures,seen,1.0,0,base
/ai_paas_jf/pangqs/AIGC/safepp_pytorch/data/test/ff++/fake/NeuralTextures/c23/frames/999_960/204.png,1,ff++_NeuralTextures,ff++,NeuralTextures/c23/frames/999_960,NeuralTextures,seen,1.0,0,base
/ai_paas_jf/pangqs/AIGC/safepp_pytorch/data/test/genimage/real/n01440764_10373.JPEG,0,genimage_real,genimage,root,real,seen,1.0,0,base
/ai_paas_jf/pangqs/AIGC/safepp_pytorch/data/test/genimage/real/n01440764_13144.JPEG,0,genimage_real,genimage,root,real,seen,1.0,0,base
/ai_paas_jf/pangqs/AIGC/safepp_pytorch/data/test/genimage/real/n01443537_23518.JPEG,0,genimage_real,genimage,root,real,seen,1.0,0,base
/ai_paas_jf/pangqs/AIGC/safepp_pytorch/data/test/genimage/real/n01496331_26843.JPEG,0,genimage_real,genimage,root,real,seen,1.0,0,base
/ai_paas_jf/pangqs/AIGC/safepp_pytorch/data/test/genimage/real/n01514668_3099.JPEG,0,genimage_real,genimage,root,real,seen,1.0,0,base
/ai_paas_jf/pangqs/AIGC/safepp_pytorch/data/test/genimage/real/n01518878_15933.JPEG,0,genimage_real,genimage,root,real,seen,1.0,0,base
/ai_paas_jf/pangqs/AIGC/safepp_pytorch/data/test/genimage/real/n01518878_17540.JPEG,0,genimage_real,genimage,root,real,seen,1.0,0,base
/ai_paas_jf/pangqs/AIGC/safepp_pytorch/data/test/genimage/real/n01518878_1830.JPEG,0,genimage_real,genimage,root,real,seen,1.0,0,base
/ai_paas_jf/pangqs/AIGC/safepp_pytorch/data/test/genimage/real/n01530575_10218.JPEG,0,genimage_real,genimage,root,real,seen,1.0,0,base
/ai_paas_jf/pangqs/AIGC/safepp_pytorch/data/test/genimage/real/n01530575_8717.JPEG,0,genimage_real,genimage,root,real,seen,1.0,0,base
/ai_paas_jf/pangqs/AIGC/safepp_pytorch/data/test/genimage/real/n01537544_2907.JPEG,0,genimage_real,genimage,root,real,seen,1.0,0,base
/ai_paas_jf/pangqs/AIGC/safepp_pytorch/data/test/genimage/real/n01580077_3357.JPEG,0,genimage_real,genimage,root,real,seen,1.0,0,base
/ai_paas_jf/pangqs/AIGC/safepp_pytorch/data/test/genimage/real/n01582220_6276.JPEG,0,genimage_real,genimage,root,real,seen,1.0,0,base
/ai_paas_jf/pangqs/AIGC/safepp_pytorch/data/test/genimage/real/n01592084_369.JPEG,0,genimage_real,genimage,root,real,seen,1.0,0,base
/ai_paas_jf/pangqs/AIGC/safepp_pytorch/data/test/genimage/real/n01601694_10730.JPEG,0,genimage_real,genimage,root,real,seen,1.0,0,base
/ai_paas_jf/pangqs/AIGC/safepp_pytorch/data/test/genimage/real/n01608432_4740.JPEG,0,genimage_real,genimage,root,real,seen,1.0,0,base
/ai_paas_jf/pangqs/AIGC/safepp_pytorch/data/test/genimage/real/n01614925_10673.JPEG,0,genimage_real,genimage,root,real,seen,1.0,0,base
/ai_paas_jf/pangqs/AIGC/safepp_pytorch/data/test/genimage/real/n01622779_1889.JPEG,0,genimage_real,genimage,root,real,seen,1.0,0,base
/ai_paas_jf/pangqs/AIGC/safepp_pytorch/data/test/genimage/real/n01622779_2913.JPEG,0,genimage_real,genimage,root,real,seen,1.0,0,base
/ai_paas_jf/pangqs/AIGC/safepp_pytorch/data/test/genimage/real/n01629819_12021.JPEG,0,genimage_real,genimage,root,real,seen,1.0,0,base
/ai_paas_jf/pangqs/AIGC/safepp_pytorch/data/test/genimage/real/n01630670_7653.JPEG,0,genimage_real,genimage,root,real,seen,1.0,0,base
/ai_paas_jf/pangqs/AIGC/safepp_pytorch/data/test/genimage/real/n01631663_13602.JPEG,0,genimage_real,genimage,root,real,seen,1.0,0,base
/ai_paas_jf/pangqs/AIGC/safepp_pytorch/data/test/genimage/real/n01632458_6508.JPEG,0,genimage_real,genimage,root,real,seen,1.0,0,base
/ai_paas_jf/pangqs/AIGC/safepp_pytorch/data/test/genimage/real/n01632458_7054.JPEG,0,genimage_real,genimage,root,real,seen,1.0,0,base
/ai_paas_jf/pangqs/AIGC/safepp_pytorch/data/test/genimage/real/n01632777_7713.JPEG,0,genimage_real,genimage,root,real,seen,1.0,0,base
/ai_paas_jf/pangqs/AIGC/safepp_pytorch/data/test/genimage/real/n01641577_824.JPEG,0,genimage_real,genimage,root,real,seen,1.0,0,base
/ai_paas_jf/pangqs/AIGC/safepp_pytorch/data/test/genimage/real/n01644373_9779.JPEG,0,genimage_real,genimage,root,real,seen,1.0,0,base
/ai_paas_jf/pangqs/AIGC/safepp_pytorch/data/test/genimage/real/n01664065_4442.JPEG,0,genimage_real,genimage,root,real,seen,1.0,0,base
/ai_paas_jf/pangqs/AIGC/safepp_pytorch/data/test/genimage/real/n01665541_33359.JPEG,0,genimage_real,genimage,root,real,seen,1.0,0,base
/ai_paas_jf/pangqs/AIGC/safepp_pytorch/data/test/genimage/real/n01667778_2094.JPEG,0,genimage_real,genimage,root,real,seen,1.0,0,base
/ai_paas_jf/pangqs/AIGC/safepp_pytorch/data/test/genimage/real/n01667778_22972.JPEG,0,genimage_real,genimage,root,real,seen,1.0,0,base
/ai_paas_jf/pangqs/AIGC/safepp_pytorch/data/test/genimage/real/n01667778_6068.JPEG,0,genimage_real,genimage,root,real,seen,1.0,0,base
/ai_paas_jf/pangqs/AIGC/safepp_pytorch/data/test/genimage/real/n01669191_8422.JPEG,0,genimage_real,genimage,root,real,seen,1.0,0,base
/ai_paas_jf/pangqs/AIGC/safepp_pytorch/data/test/genimage/real/n01682714_10310.JPEG,0,genimage_real,genimage,root,real,seen,1.0,0,base
/ai_paas_jf/pangqs/AIGC/safepp_pytorch/data/test/genimage/real/n01687978_1658.JPEG,0,genimage_real,genimage,root,real,seen,1.0,0,base
/ai_paas_jf/pangqs/AIGC/safepp_pytorch/data/test/genimage/real/n01689811_11508.JPEG,0,genimage_real,genimage,root,real,seen,1.0,0,base
/ai_paas_jf/pangqs/AIGC/safepp_pytorch/data/test/genimage/real/n01689811_2846.JPEG,0,genimage_real,genimage,root,real,seen,1.0,0,base
/ai_paas_jf/pangqs/AIGC/safepp_pytorch/data/test/genimage/real/n01692333_7022.JPEG,0,genimage_real,genimage,root,real,seen,1.0,0,base
/ai_paas_jf/pangqs/AIGC/safepp_pytorch/data/test/genimage/real/n01694178_3924.JPEG,0,genimage_real,genimage,root,real,seen,1.0,0,base
/ai_paas_jf/pangqs/AIGC/safepp_pytorch/data/test/genimage/real/n01695060_31251.JPEG,0,genimage_real,genimage,root,real,seen,1.0,0,base
/ai_paas_jf/pangqs/AIGC/safepp_pytorch/data/test/genimage/real/n01697457_4434.JPEG,0,genimage_real,genimage,root,real,seen,1.0,0,base
/ai_paas_jf/pangqs/AIGC/safepp_pytorch/data/test/genimage/real/n01704323_7828.JPEG,0,genimage_real,genimage,root,real,seen,1.0,0,base
/ai_paas_jf/pangqs/AIGC/safepp_pytorch/data/test/genimage/real/n01728572_12897.JPEG,0,genimage_real,genimage,root,real,seen,1.0,0,base
/ai_paas_jf/pangqs/AIGC/safepp_pytorch/data/test/genimage/real/n01728572_17674.JPEG,0,genimage_real,genimage,root,real,seen,1.0,0,base
/ai_paas_jf/pangqs/AIGC/safepp_pytorch/data/test/genimage/real/n01728572_20532.JPEG,0,genimage_real,genimage,root,real,seen,1.0,0,base
/ai_paas_jf/pangqs/AIGC/safepp_pytorch/data/test/genimage/real/n01728572_3525.JPEG,0,genimage_real,genimage,root,real,seen,1.0,0,base
/ai_paas_jf/pangqs/AIGC/safepp_pytorch/data/test/genimage/real/n01728920_13704.JPEG,0,genimage_real,genimage,root,real,seen,1.0,0,base
/ai_paas_jf/pangqs/AIGC/safepp_pytorch/data/test/genimage/real/n01728920_14930.JPEG,0,genimage_real,genimage,root,real,seen,1.0,0,base
/ai_paas_jf/pangqs/AIGC/safepp_pytorch/data/test/genimage/real/n01728920_20531.JPEG,0,genimage_real,genimage,root,real,seen,1.0,0,base
/ai_paas_jf/pangqs/AIGC/safepp_pytorch/data/test/genimage/real/n01728920_671.JPEG,0,genimage_real,genimage,root,real,seen,1.0,0,base
/ai_paas_jf/pangqs/AIGC/safepp_pytorch/data/test/genimage/real/n01729977_14123.JPEG,0,genimage_real,genimage,root,real,seen,1.0,0,base
/ai_paas_jf/pangqs/AIGC/safepp_pytorch/data/test/genimage/real/n01729977_1486.JPEG,0,genimage_real,genimage,root,real,seen,1.0,0,base
/ai_paas_jf/pangqs/AIGC/safepp_pytorch/data/test/genimage/real/n01734418_5908.JPEG,0,genimage_real,genimage,root,real,seen,1.0,0,base
/ai_paas_jf/pangqs/AIGC/safepp_pytorch/data/test/genimage/real/n01735189_16110.JPEG,0,genimage_real,genimage,root,real,seen,1.0,0,base
/ai_paas_jf/pangqs/AIGC/safepp_pytorch/data/test/genimage/real/n01739381_1629.JPEG,0,genimage_real,genimage,root,real,seen,1.0,0,base
/ai_paas_jf/pangqs/AIGC/safepp_pytorch/data/test/genimage/real/n01739381_7881.JPEG,0,genimage_real,genimage,root,real,seen,1.0,0,base
/ai_paas_jf/pangqs/AIGC/safepp_pytorch/data/test/genimage/real/n01739381_9845.JPEG,0,genimage_real,genimage,root,real,seen,1.0,0,base
/ai_paas_jf/pangqs/AIGC/safepp_pytorch/data/test/genimage/real/n01740131_14539.JPEG,0,genimage_real,genimage,root,real,seen,1.0,0,base
/ai_paas_jf/pangqs/AIGC/safepp_pytorch/data/test/genimage/real/n01742172_2192.JPEG,0,genimage_real,genimage,root,real,seen,1.0,0,base
/ai_paas_jf/pangqs/AIGC/safepp_pytorch/data/test/genimage/real/n01742172_3865.JPEG,0,genimage_real,genimage,root,real,seen,1.0,0,base
/ai_paas_jf/pangqs/AIGC/safepp_pytorch/data/test/genimage/real/n01742172_5841.JPEG,0,genimage_real,genimage,root,real,seen,1.0,0,base
/ai_paas_jf/pangqs/AIGC/safepp_pytorch/data/test/genimage/real/n01749939_10915.JPEG,0,genimage_real,genimage,root,real,seen,1.0,0,base
/ai_paas_jf/pangqs/AIGC/safepp_pytorch/data/test/genimage/real/n01751748_5993.JPEG,0,genimage_real,genimage,root,real,seen,1.0,0,base
/ai_paas_jf/pangqs/AIGC/safepp_pytorch/data/test/genimage/real/n01751748_6108.JPEG,0,genimage_real,genimage,root,real,seen,1.0,0,base
/ai_paas_jf/pangqs/AIGC/safepp_pytorch/data/test/genimage/real/n01751748_9563.JPEG,0,genimage_real,genimage,root,real,seen,1.0,0,base
/ai_paas_jf/pangqs/AIGC/safepp_pytorch/data/test/genimage/real/n01753488_15337.JPEG,0,genimage_real,genimage,root,real,seen,1.0,0,base
/ai_paas_jf/pangqs/AIGC/safepp_pytorch/data/test/genimage/real/n01755581_18552.JPEG,0,genimage_real,genimage,root,real,seen,1.0,0,base
/ai_paas_jf/pangqs/AIGC/safepp_pytorch/data/test/genimage/real/n01755581_20947.JPEG,0,genimage_real,genimage,root,real,seen,1.0,0,base
/ai_paas_jf/pangqs/AIGC/safepp_pytorch/data/test/genimage/real/n01756291_12979.JPEG,0,genimage_real,genimage,root,real,seen,1.0,0,base
/ai_paas_jf/pangqs/AIGC/safepp_pytorch/data/test/genimage/real/n01756291_4166.JPEG,0,genimage_real,genimage,root,real,seen,1.0,0,base
/ai_paas_jf/pangqs/AIGC/safepp_pytorch/data/test/genimage/real/n01756291_8923.JPEG,0,genimage_real,genimage,root,real,seen,1.0,0,base
/ai_paas_jf/pangqs/AIGC/safepp_pytorch/data/test/genimage/real/n01770081_14038.JPEG,0,genimage_real,genimage,root,real,seen,1.0,0,base
/ai_paas_jf/pangqs/AIGC/safepp_pytorch/data/test/genimage/real/n01770393_12954.JPEG,0,genimage_real,genimage,root,real,seen,1.0,0,base
/ai_paas_jf/pangqs/AIGC/safepp_pytorch/data/test/genimage/real/n01770393_8773.JPEG,0,genimage_real,genimage,root,real,seen,1.0,0,base
/ai_paas_jf/pangqs/AIGC/safepp_pytorch/data/test/genimage/real/n01773157_6395.JPEG,0,genimage_real,genimage,root,real,seen,1.0,0,base
/ai_paas_jf/pangqs/AIGC/safepp_pytorch/data/test/genimage/real/n01773157_8940.JPEG,0,genimage_real,genimage,root,real,seen,1.0,0,base
/ai_paas_jf/pangqs/AIGC/safepp_pytorch/data/test/genimage/real/n01773549_7332.JPEG,0,genimage_real,genimage,root,real,seen,1.0,0,base
/ai_paas_jf/pangqs/AIGC/safepp_pytorch/data/test/genimage/real/n01773797_5182.JPEG,0,genimage_real,genimage,root,real,seen,1.0,0,base
/ai_paas_jf/pangqs/AIGC/safepp_pytorch/data/test/genimage/real/n01773797_5626.JPEG,0,genimage_real,genimage,root,real,seen,1.0,0,base
/ai_paas_jf/pangqs/AIGC/safepp_pytorch/data/test/genimage/real/n01774384_16528.JPEG,0,genimage_real,genimage,root,real,seen,1.0,0,base
/ai_paas_jf/pangqs/AIGC/safepp_pytorch/data/test/genimage/real/n01774750_330.JPEG,0,genimage_real,genimage,root,real,seen,1.0,0,base
/ai_paas_jf/pangqs/AIGC/safepp_pytorch/data/test/genimage/real/n01776313_32090.JPEG,0,genimage_real,genimage,root,real,seen,1.0,0,base
/ai_paas_jf/pangqs/AIGC/safepp_pytorch/data/test/genimage/real/n01795545_11422.JPEG,0,genimage_real,genimage,root,real,seen,1.0,0,base
/ai_paas_jf/pangqs/AIGC/safepp_pytorch/data/test/genimage/real/n01795545_3955.JPEG,0,genimage_real,genimage,root,real,seen,1.0,0,base
/ai_paas_jf/pangqs/AIGC/safepp_pytorch/data/test/genimage/real/n01796340_12890.JPEG,0,genimage_real,genimage,root,real,seen,1.0,0,base
/ai_paas_jf/pangqs/AIGC/safepp_pytorch/data/test/genimage/real/n01796340_20137.JPEG,0,genimage_real,genimage,root,real,seen,1.0,0,base
/ai_paas_jf/pangqs/AIGC/safepp_pytorch/data/test/genimage/real/n01796340_26049.JPEG,0,genimage_real,genimage,root,real,seen,1.0,0,base
/ai_paas_jf/pangqs/AIGC/safepp_pytorch/data/test/genimage/real/n01796340_2855.JPEG,0,genimage_real,genimage,root,real,seen,1.0,0,base
/ai_paas_jf/pangqs/AIGC/safepp_pytorch/data/test/genimage/real/n01796340_9009.JPEG,0,genimage_real,genimage,root,real,seen,1.0,0,base
/ai_paas_jf/pangqs/AIGC/safepp_pytorch/data/test/genimage/real/n01798484_9730.JPEG,0,genimage_real,genimage,root,real,seen,1.0,0,base
/ai_paas_jf/pangqs/AIGC/safepp_pytorch/data/test/genimage/real/n01806567_13110.JPEG,0,genimage_real,genimage,root,real,seen,1.0,0,base
/ai_paas_jf/pangqs/AIGC/safepp_pytorch/data/test/genimage/real/n01806567_13544.JPEG,0,genimage_real,genimage,root,real,seen,1.0,0,base
/ai_paas_jf/pangqs/AIGC/safepp_pytorch/data/test/genimage/real/n01806567_2890.JPEG,0,genimage_real,genimage,root,real,seen,1.0,0,base
/ai_paas_jf/pangqs/AIGC/safepp_pytorch/data/test/genimage/real/n01818515_3879.JPEG,0,genimage_real,genimage,root,real,seen,1.0,0,base
/ai_paas_jf/pangqs/AIGC/safepp_pytorch/data/test/genimage/real/n01819313_4161.JPEG,0,genimage_real,genimage,root,real,seen,1.0,0,base
/ai_paas_jf/pangqs/AIGC/safepp_pytorch/data/test/genimage/real/n01819313_6475.JPEG,0,genimage_real,genimage,root,real,seen,1.0,0,base
/ai_paas_jf/pangqs/AIGC/safepp_pytorch/data/test/genimage/real/n01824575_2074.JPEG,0,genimage_real,genimage,root,real,seen,1.0,0,base
/ai_paas_jf/pangqs/AIGC/safepp_pytorch/data/test/genimage/real/n01828970_2906.JPEG,0,genimage_real,genimage,root,real,seen,1.0,0,base
/ai_paas_jf/pangqs/AIGC/safepp_pytorch/data/test/genimage/real/n01828970_8055.JPEG,0,genimage_real,genimage,root,real,seen,1.0,0,base
/ai_paas_jf/pangqs/AIGC/safepp_pytorch/data/test/genimage/real/n01833805_6861.JPEG,0,genimage_real,genimage,root,real,seen,1.0,0,base
/ai_paas_jf/pangqs/AIGC/safepp_pytorch/data/test/genimage/real/n01847000_13813.JPEG,0,genimage_real,genimage,root,real,seen,1.0,0,base
/ai_paas_jf/pangqs/AIGC/safepp_pytorch/data/test/genimage/real/n01847000_44095.JPEG,0,genimage_real,genimage,root,real,seen,1.0,0,base
/ai_paas_jf/pangqs/AIGC/safepp_pytorch/data/test/genimage/real/n01847000_7702.JPEG,0,genimage_real,genimage,root,real,seen,1.0,0,base
/ai_paas_jf/pangqs/AIGC/safepp_pytorch/data/test/genimage/real/n01855032_6429.JPEG,0,genimage_real,genimage,root,real,seen,1.0,0,base
/ai_paas_jf/pangqs/AIGC/safepp_pytorch/data/test/genimage/real/n01855032_7375.JPEG,0,genimage_real,genimage,root,real,seen,1.0,0,base
/ai_paas_jf/pangqs/AIGC/safepp_pytorch/data/test/genimage/real/n01855672_14888.JPEG,0,genimage_real,genimage,root,real,seen,1.0,0,base
/ai_paas_jf/pangqs/AIGC/safepp_pytorch/data/test/genimage/real/n01855672_5693.JPEG,0,genimage_real,genimage,root,real,seen,1.0,0,base
/ai_paas_jf/pangqs/AIGC/safepp_pytorch/data/test/genimage/real/n01860187_34865.JPEG,0,genimage_real,genimage,root,real,seen,1.0,0,base
/ai_paas_jf/pangqs/AIGC/safepp_pytorch/data/test/genimage/real/n01871265_4749.JPEG,0,genimage_real,genimage,root,real,seen,1.0,0,base
/ai_paas_jf/pangqs/AIGC/safepp_pytorch/data/test/genimage/real/n01872401_619.JPEG,0,genimage_real,genimage,root,real,seen,1.0,0,base
/ai_paas_jf/pangqs/AIGC/safepp_pytorch/data/test/genimage/real/n01873310_5069.JPEG,0,genimage_real,genimage,root,real,seen,1.0,0,base
/ai_paas_jf/pangqs/AIGC/safepp_pytorch/data/test/genimage/real/n01877812_1075.JPEG,0,genimage_real,genimage,root,real,seen,1.0,0,base
/ai_paas_jf/pangqs/AIGC/safepp_pytorch/data/test/genimage/real/n01877812_1950.JPEG,0,genimage_real,genimage,root,real,seen,1.0,0,base
/ai_paas_jf/pangqs/AIGC/safepp_pytorch/data/test/genimage/real/n01877812_6735.JPEG,0,genimage_real,genimage,root,real,seen,1.0,0,base
/ai_paas_jf/pangqs/AIGC/safepp_pytorch/data/test/genimage/real/n01882714_10746.JPEG,0,genimage_real,genimage,root,real,seen,1.0,0,base
/ai_paas_jf/pangqs/AIGC/safepp_pytorch/data/test/genimage/real/n01883070_608.JPEG,0,genimage_real,genimage,root,real,seen,1.0,0,base
/ai_paas_jf/pangqs/AIGC/safepp_pytorch/data/test/genimage/real/n01910747_10255.JPEG,0,genimage_real,genimage,root,real,seen,1.0,0,base
/ai_paas_jf/pangqs/AIGC/safepp_pytorch/data/test/genimage/real/n01910747_8448.JPEG,0,genimage_real,genimage,root,real,seen,1.0,0,base
/ai_paas_jf/pangqs/AIGC/safepp_pytorch/data/test/genimage/real/n01914609_3220.JPEG,0,genimage_real,genimage,root,real,seen,1.0,0,base
/ai_paas_jf/pangqs/AIGC/safepp_pytorch/data/test/genimage/real/n01924916_10609.JPEG,0,genimage_real,genimage,root,real,seen,1.0,0,base
/ai_paas_jf/pangqs/AIGC/safepp_pytorch/data/test/genimage/real/n01924916_8880.JPEG,0,genimage_real,genimage,root,real,seen,1.0,0,base
/ai_paas_jf/pangqs/AIGC/safepp_pytorch/data/test/genimage/real/n01930112_13666.JPEG,0,genimage_real,genimage,root,real,seen,1.0,0,base
/ai_paas_jf/pangqs/AIGC/safepp_pytorch/data/test/genimage/real/n01943899_14451.JPEG,0,genimage_real,genimage,root,real,seen,1.0,0,base
/ai_paas_jf/pangqs/AIGC/safepp_pytorch/data/test/genimage/real/n01943899_16421.JPEG,0,genimage_real,genimage,root,real,seen,1.0,0,base
/ai_paas_jf/pangqs/AIGC/safepp_pytorch/data/test/genimage/real/n01944390_15282.JPEG,0,genimage_real,genimage,root,real,seen,1.0,0,base
/ai_paas_jf/pangqs/AIGC/safepp_pytorch/data/test/genimage/real/n01944390_461.JPEG,0,genimage_real,genimage,root,real,seen,1.0,0,base
/ai_paas_jf/pangqs/AIGC/safepp_pytorch/data/test/genimage/real/n01945685_6459.JPEG,0,genimage_real,genimage,root,real,seen,1.0,0,base
/ai_paas_jf/pangqs/AIGC/safepp_pytorch/data/test/genimage/real/n01945685_7278.JPEG,0,genimage_real,genimage,root,real,seen,1.0,0,base
/ai_paas_jf/pangqs/AIGC/safepp_pytorch/data/test/genimage/real/n01950731_17004.JPEG,0,genimage_real,genimage,root,real,seen,1.0,0,base
/ai_paas_jf/pangqs/AIGC/safepp_pytorch/data/test/genimage/real/n01955084_24489.JPEG,0,genimage_real,genimage,root,real,seen,1.0,0,base
/ai_paas_jf/pangqs/AIGC/safepp_pytorch/data/test/genimage/real/n01968897_739.JPEG,0,genimage_real,genimage,root,real,seen,1.0,0,base
/ai_paas_jf/pangqs/AIGC/safepp_pytorch/data/test/genimage/real/n01968897_7993.JPEG,0,genimage_real,genimage,root,real,seen,1.0,0,base
/ai_paas_jf/pangqs/AIGC/safepp_pytorch/data/test/genimage/real/n01978287_2369.JPEG,0,genimage_real,genimage,root,real,seen,1.0,0,base
/ai_paas_jf/pangqs/AIGC/safepp_pytorch/data/test/genimage/real/n01978287_3756.JPEG,0,genimage_real,genimage,root,real,seen,1.0,0,base
/ai_paas_jf/pangqs/AIGC/safepp_pytorch/data/test/genimage/real/n01978287_49.JPEG,0,genimage_real,genimage,root,real,seen,1.0,0,base
/ai_paas_jf/pangqs/AIGC/safepp_pytorch/data/test/genimage/real/n01980166_1322.JPEG,0,genimage_real,genimage,root,real,seen,1.0,0,base
/ai_paas_jf/pangqs/AIGC/safepp_pytorch/data/test/genimage/real/n01980166_8853.JPEG,0,genimage_real,genimage,root,real,seen,1.0,0,base
/ai_paas_jf/pangqs/AIGC/safepp_pytorch/data/test/genimage/real/n01981276_10076.JPEG,0,genimage_real,genimage,root,real,seen,1.0,0,base
/ai_paas_jf/pangqs/AIGC/safepp_pytorch/data/test/genimage/real/n01981276_4506.JPEG,0,genimage_real,genimage,root,real,seen,1.0,0,base
/ai_paas_jf/pangqs/AIGC/safepp_pytorch/data/test/genimage/real/n01983481_17344.JPEG,0,genimage_real,genimage,root,real,seen,1.0,0,base
/ai_paas_jf/pangqs/AIGC/safepp_pytorch/data/test/genimage/real/n01983481_23383.JPEG,0,genimage_real,genimage,root,real,seen,1.0,0,base
/ai_paas_jf/pangqs/AIGC/safepp_pytorch/data/test/genimage/real/n01983481_9551.JPEG,0,genimage_real,genimage,root,real,seen,1.0,0,base
/ai_paas_jf/pangqs/AIGC/safepp_pytorch/data/test/genimage/real/n01990800_10342.JPEG,0,genimage_real,genimage,root,real,seen,1.0,0,base
/ai_paas_jf/pangqs/AIGC/safepp_pytorch/data/test/genimage/real/n01990800_348.JPEG,0,genimage_real,genimage,root,real,seen,1.0,0,base
/ai_paas_jf/pangqs/AIGC/safepp_pytorch/data/test/genimage/real/n02002556_13825.JPEG,0,genimage_real,genimage,root,real,seen,1.0,0,base
/ai_paas_jf/pangqs/AIGC/safepp_pytorch/data/test/genimage/real/n02002724_2030.JPEG,0,genimage_real,genimage,root,real,seen,1.0,0,base
/ai_paas_jf/pangqs/AIGC/safepp_pytorch/data/test/genimage/real/n02006656_6133.JPEG,0,genimage_real,genimage,root,real,seen,1.0,0,base
/ai_paas_jf/pangqs/AIGC/safepp_pytorch/data/test/genimage/real/n02007558_12947.JPEG,0,genimage_real,genimage,root,real,seen,1.0,0,base
/ai_paas_jf/pangqs/AIGC/safepp_pytorch/data/test/genimage/real/n02007558_3035.JPEG,0,genimage_real,genimage,root,real,seen,1.0,0,base
/ai_paas_jf/pangqs/AIGC/safepp_pytorch/data/test/genimage/real/n02009229_8793.JPEG,0,genimage_real,genimage,root,real,seen,1.0,0,base
/ai_paas_jf/pangqs/AIGC/safepp_pytorch/data/test/genimage/real/n02009912_14487.JPEG,0,genimage_real,genimage,root,real,seen,1.0,0,base
/ai_paas_jf/pangqs/AIGC/safepp_pytorch/data/test/genimage/real/n02009912_31497.JPEG,0,genimage_real,genimage,root,real,seen,1.0,0,base
/ai_paas_jf/pangqs/AIGC/safepp_pytorch/data/test/genimage/real/n02012849_9864.JPEG,0,genimage_real,genimage,root,real,seen,1.0,0,base
/ai_paas_jf/pangqs/AIGC/safepp_pytorch/data/test/genimage/real/n02018207_12287.JPEG,0,genimage_real,genimage,root,real,seen,1.0,0,base
/ai_paas_jf/pangqs/AIGC/safepp_pytorch/data/test/genimage/real/n02018795_4051.JPEG,0,genimage_real,genimage,root,real,seen,1.0,0,base
/ai_paas_jf/pangqs/AIGC/safepp_pytorch/data/test/genimage/real/n02033041_5869.JPEG,0,genimage_real,genimage,root,real,seen,1.0,0,base
/ai_paas_jf/pangqs/AIGC/safepp_pytorch/data/test/genimage/real/n02037110_13536.JPEG,0,genimage_real,genimage,root,real,seen,1.0,0,base
/ai_paas_jf/pangqs/AIGC/safepp_pytorch/data/test/genimage/real/n02051845_2175.JPEG,0,genimage_real,genimage,root,real,seen,1.0,0,base
/ai_paas_jf/pangqs/AIGC/safepp_pytorch/data/test/genimage/real/n02056570_13572.JPEG,0,genimage_real,genimage,root,real,seen,1.0,0,base
/ai_paas_jf/pangqs/AIGC/safepp_pytorch/data/test/genimage/real/n02056570_5105.JPEG,0,genimage_real,genimage,root,real,seen,1.0,0,base
/ai_paas_jf/pangqs/AIGC/safepp_pytorch/data/test/genimage/real/n02056570_6826.JPEG,0,genimage_real,genimage,root,real,seen,1.0,0,base
/ai_paas_jf/pangqs/AIGC/safepp_pytorch/data/test/genimage/real/n02058221_30951.JPEG,0,genimage_real,genimage,root,real,seen,1.0,0,base
/ai_paas_jf/pangqs/AIGC/safepp_pytorch/data/test/genimage/real/n02058221_8968.JPEG,0,genimage_real,genimage,root,real,seen,1.0,0,base
/ai_paas_jf/pangqs/AIGC/safepp_pytorch/data/test/genimage/real/n02066245_12079.JPEG,0,genimage_real,genimage,root,real,seen,1.0,0,base
/ai_paas_jf/pangqs/AIGC/safepp_pytorch/data/test/genimage/real/n02066245_14747.JPEG,0,genimage_real,genimage,root,real,seen,1.0,0,base
/ai_paas_jf/pangqs/AIGC/safepp_pytorch/data/test/genimage/real/n02071294_10313.JPEG,0,genimage_real,genimage,root,real,seen,1.0,0,base
/ai_paas_jf/pangqs/AIGC/safepp_pytorch/data/test/genimage/real/n02074367_5896.JPEG,0,genimage_real,genimage,root,real,seen,1.0,0,base
/ai_paas_jf/pangqs/AIGC/safepp_pytorch/data/test/genimage/real/n02077923_635.JPEG,0,genimage_real,genimage,root,real,seen,1.0,0,base
/ai_paas_jf/pangqs/AIGC/safepp_pytorch/data/test/genimage/real/n02085620_8540.JPEG,0,genimage_real,genimage,root,real,seen,1.0,0,base
/ai_paas_jf/pangqs/AIGC/safepp_pytorch/data/test/genimage/real/n02085936_14655.JPEG,0,genimage_real,genimage,root,real,seen,1.0,0,base
/ai_paas_jf/pangqs/AIGC/safepp_pytorch/data/test/genimage/real/n02085936_15685.JPEG,0,genimage_real,genimage,root,real,seen,1.0,0,base
/ai_paas_jf/pangqs/AIGC/safepp_pytorch/data/test/genimage/real/n02086079_14127.JPEG,0,genimage_real,genimage,root,real,seen,1.0,0,base
/ai_paas_jf/pangqs/AIGC/safepp_pytorch/data/test/genimage/real/n02086240_4776.JPEG,0,genimage_real,genimage,root,real,seen,1.0,0,base
/ai_paas_jf/pangqs/AIGC/safepp_pytorch/data/test/genimage/real/n02086240_6955.JPEG,0,genimage_real,genimage,root,real,seen,1.0,0,base
/ai_paas_jf/pangqs/AIGC/safepp_pytorch/data/test/genimage/real/n02086646_8190.JPEG,0,genimage_real,genimage,root,real,seen,1.0,0,base
/ai_paas_jf/pangqs/AIGC/safepp_pytorch/data/test/genimage/real/n02087046_1386.JPEG,0,genimage_real,genimage,root,real,seen,1.0,0,base
/ai_paas_jf/pangqs/AIGC/safepp_pytorch/data/test/genimage/real/n02088094_2559.JPEG,0,genimage_real,genimage,root,real,seen,1.0,0,base
/ai_paas_jf/pangqs/AIGC/safepp_pytorch/data/test/genimage/real/n02088238_4428.JPEG,0,genimage_real,genimage,root,real,seen,1.0,0,base
/ai_paas_jf/pangqs/AIGC/safepp_pytorch/data/test/genimage/real/n02088364_1892.JPEG,0,genimage_real,genimage,root,real,seen,1.0,0,base
/ai_paas_jf/pangqs/AIGC/safepp_pytorch/data/test/genimage/real/n02088466_12090.JPEG,0,genimage_real,genimage,root,real,seen,1.0,0,base
/ai_paas_jf/pangqs/AIGC/safepp_pytorch/data/test/genimage/real/n02088632_7578.JPEG,0,genimage_real,genimage,root,real,seen,1.0,0,base
/ai_paas_jf/pangqs/AIGC/safepp_pytorch/data/test/genimage/real/n02089973_1522.JPEG,0,genimage_real,genimage,root,real,seen,1.0,0,base
/ai_paas_jf/pangqs/AIGC/safepp_pytorch/data/test/genimage/real/n02091032_245.JPEG,0,genimage_real,genimage,root,real,seen,1.0,0,base
/ai_paas_jf/pangqs/AIGC/safepp_pytorch/data/test/genimage/real/n02091134_16356.JPEG,0,genimage_real,genimage,root,real,seen,1.0,0,base
/ai_paas_jf/pangqs/AIGC/safepp_pytorch/data/test/genimage/real/n02091244_12999.JPEG,0,genimage_real,genimage,root,real,seen,1.0,0,base
/ai_paas_jf/pangqs/AIGC/safepp_pytorch/data/test/genimage/real/n02091467_2041.JPEG,0,genimage_real,genimage,root,real,seen,1.0,0,base
/ai_paas_jf/pangqs/AIGC/safepp_pytorch/data/test/genimage/real/n02091467_3904.JPEG,0,genimage_real,genimage,root,real,seen,1.0,0,base
/ai_paas_jf/pangqs/AIGC/safepp_pytorch/data/test/genimage/real/n02091831_684.JPEG,0,genimage_real,genimage,root,real,seen,1.0,0,base
/ai_paas_jf/pangqs/AIGC/safepp_pytorch/data/test/genimage/real/n02092339_6408.JPEG,0,genimage_real,genimage,root,real,seen,1.0,0,base
/ai_paas_jf/pangqs/AIGC/safepp_pytorch/data/test/genimage/real/n02093256_1275.JPEG,0,genimage_real,genimage,root,real,seen,1.0,0,base
/ai_paas_jf/pangqs/AIGC/safepp_pytorch/data/test/genimage/real/n02093256_5643.JPEG,0,genimage_real,genimage,root,real,seen,1.0,0,base
/ai_paas_jf/pangqs/AIGC/safepp_pytorch/data/test/genimage/real/n02093428_104.JPEG,0,genimage_real,genimage,root,real,seen,1.0,0,base
/ai_paas_jf/pangqs/AIGC/safepp_pytorch/data/test/genimage/real/n02093428_1322.JPEG,0,genimage_real,genimage,root,real,seen,1.0,0,base
/ai_paas_jf/pangqs/AIGC/safepp_pytorch/data/test/genimage/real/n02093428_5032.JPEG,0,genimage_real,genimage,root,real,seen,1.0,0,base
/ai_paas_jf/pangqs/AIGC/safepp_pytorch/data/test/genimage/real/n02093647_582.JPEG,0,genimage_real,genimage,root,real,seen,1.0,0,base
/ai_paas_jf/pangqs/AIGC/safepp_pytorch/data/test/genimage/real/n02093991_5406.JPEG,0,genimage_real,genimage,root,real,seen,1.0,0,base
/ai_paas_jf/pangqs/AIGC/safepp_pytorch/data/test/genimage/real/n02093991_8980.JPEG,0,genimage_real,genimage,root,real,seen,1.0,0,base
/ai_paas_jf/pangqs/AIGC/safepp_pytorch/data/test/genimage/real/n02094114_577.JPEG,0,genimage_real,genimage,root,real,seen,1.0,0,base
/ai_paas_jf/pangqs/AIGC/safepp_pytorch/data/test/genimage/real/n02094114_7105.JPEG,0,genimage_real,genimage,root,real,seen,1.0,0,base
/ai_paas_jf/pangqs/AIGC/safepp_pytorch/data/test/genimage/real/n02094114_7386.JPEG,0,genimage_real,genimage,root,real,seen,1.0,0,base
/ai_paas_jf/pangqs/AIGC/safepp_pytorch/data/test/genimage/real/n02095314_302.JPEG,0,genimage_real,genimage,root,real,seen,1.0,0,base
/ai_paas_jf/pangqs/AIGC/safepp_pytorch/data/test/genimage/real/n02095314_4789.JPEG,0,genimage_real,genimage,root,real,seen,1.0,0,base
/ai_paas_jf/pangqs/AIGC/safepp_pytorch/data/test/genimage/real/n02095570_3155.JPEG,0,genimage_real,genimage,root,real,seen,1.0,0,base
/ai_paas_jf/pangqs/AIGC/safepp_pytorch/data/test/genimage/real/n02095570_7054.JPEG,0,genimage_real,genimage,root,real,seen,1.0,0,base
/ai_paas_jf/pangqs/AIGC/safepp_pytorch/data/test/genimage/real/n02096177_8274.JPEG,0,genimage_real,genimage,root,real,seen,1.0,0,base
/ai_paas_jf/pangqs/AIGC/safepp_pytorch/data/test/genimage/real/n02096294_5806.JPEG,0,genimage_real,genimage,root,real,seen,1.0,0,base
/ai_paas_jf/pangqs/AIGC/safepp_pytorch/data/test/genimage/real/n02096437_5228.JPEG,0,genimage_real,genimage,root,real,seen,1.0,0,base
/ai_paas_jf/pangqs/AIGC/safepp_pytorch/data/test/genimage/real/n02096585_3206.JPEG,0,genimage_real,genimage,root,real,seen,1.0,0,base
/ai_paas_jf/pangqs/AIGC/safepp_pytorch/data/test/genimage/real/n02096585_533.JPEG,0,genimage_real,genimage,root,real,seen,1.0,0,base
/ai_paas_jf/pangqs/AIGC/safepp_pytorch/data/test/genimage/real/n02096585_8423.JPEG,0,genimage_real,genimage,root,real,seen,1.0,0,base
/ai_paas_jf/pangqs/AIGC/safepp_pytorch/data/test/genimage/real/n02096585_9856.JPEG,0,genimage_real,genimage,root,real,seen,1.0,0,base
/ai_paas_jf/pangqs/AIGC/safepp_pytorch/data/test/genimage/real/n02097047_2606.JPEG,0,genimage_real,genimage,root,real,seen,1.0,0,base
/ai_paas_jf/pangqs/AIGC/safepp_pytorch/data/test/genimage/real/n02097047_744.JPEG,0,genimage_real,genimage,root,real,seen,1.0,0,base
/ai_paas_jf/pangqs/AIGC/safepp_pytorch/data/test/genimage/real/n02097130_2855.JPEG,0,genimage_real,genimage,root,real,seen,1.0,0,base
/ai_paas_jf/pangqs/AIGC/safepp_pytorch/data/test/genimage/real/n02097474_17342.JPEG,0,genimage_real,genimage,root,real,seen,1.0,0,base
/ai_paas_jf/pangqs/AIGC/safepp_pytorch/data/test/genimage/real/n02097474_2479.JPEG,0,genimage_real,genimage,root,real,seen,1.0,0,base
/ai_paas_jf/pangqs/AIGC/safepp_pytorch/data/test/genimage/real/n02098286_5439.JPEG,0,genimage_real,genimage,root,real,seen,1.0,0,base
/ai_paas_jf/pangqs/AIGC/safepp_pytorch/data/test/genimage/real/n02098413_6637.JPEG,0,genimage_real,genimage,root,real,seen,1.0,0,base
/ai_paas_jf/pangqs/AIGC/safepp_pytorch/data/test/genimage/real/n02099267_15285.JPEG,0,genimage_real,genimage,root,real,seen,1.0,0,base
/ai_paas_jf/pangqs/AIGC/safepp_pytorch/data/test/genimage/real/n02100236_5244.JPEG,0,genimage_real,genimage,root,real,seen,1.0,0,base
/ai_paas_jf/pangqs/AIGC/safepp_pytorch/data/test/genimage/real/n02100877_25631.JPEG,0,genimage_real,genimage,root,real,seen,1.0,0,base
/ai_paas_jf/pangqs/AIGC/safepp_pytorch/data/test/genimage/real/n02101006_4577.JPEG,0,genimage_real,genimage,root,real,seen,1.0,0,base
/ai_paas_jf/pangqs/AIGC/safepp_pytorch/data/test/genimage/real/n02101006_5322.JPEG,0,genimage_real,genimage,root,real,seen,1.0,0,base
/ai_paas_jf/pangqs/AIGC/safepp_pytorch/data/test/genimage/real/n02101388_11562.JPEG,0,genimage_real,genimage,root,real,seen,1.0,0,base
/ai_paas_jf/pangqs/AIGC/safepp_pytorch/data/test/genimage/real/n02101388_5614.JPEG,0,genimage_real,genimage,root,real,seen,1.0,0,base
/ai_paas_jf/pangqs/AIGC/safepp_pytorch/data/test/genimage/real/n02101556_1140.JPEG,0,genimage_real,genimage,root,real,seen,1.0,0,base
/ai_paas_jf/pangqs/AIGC/safepp_pytorch/data/test/genimage/real/n02101556_1587.JPEG,0,genimage_real,genimage,root,real,seen,1.0,0,base
/ai_paas_jf/pangqs/AIGC/safepp_pytorch/data/test/genimage/real/n02102040_514.JPEG,0,genimage_real,genimage,root,real,seen,1.0,0,base
/ai_paas_jf/pangqs/AIGC/safepp_pytorch/data/test/genimage/real/n02102318_4395.JPEG,0,genimage_real,genimage,root,real,seen,1.0,0,base
/ai_paas_jf/pangqs/AIGC/safepp_pytorch/data/test/genimage/real/n02102318_479.JPEG,0,genimage_real,genimage,root,real,seen,1.0,0,base
/ai_paas_jf/pangqs/AIGC/safepp_pytorch/data/test/genimage/real/n02104365_1788.JPEG,0,genimage_real,genimage,root,real,seen,1.0,0,base
/ai_paas_jf/pangqs/AIGC/safepp_pytorch/data/test/genimage/real/n02105162_2948.JPEG,0,genimage_real,genimage,root,real,seen,1.0,0,base
/ai_paas_jf/pangqs/AIGC/safepp_pytorch/data/test/genimage/real/n02105251_8206.JPEG,0,genimage_real,genimage,root,real,seen,1.0,0,base
/ai_paas_jf/pangqs/AIGC/safepp_pytorch/data/test/genimage/real/n02105505_1963.JPEG,0,genimage_real,genimage,root,real,seen,1.0,0,base
/ai_paas_jf/pangqs/AIGC/safepp_pytorch/data/test/genimage/real/n02105855_11539.JPEG,0,genimage_real,genimage,root,real,seen,1.0,0,base
/ai_paas_jf/pangqs/AIGC/safepp_pytorch/data/test/genimage/real/n02106166_1.JPEG,0,genimage_real,genimage,root,real,seen,1.0,0,base
/ai_paas_jf/pangqs/AIGC/safepp_pytorch/data/test/genimage/real/n02106166_10003.JPEG,0,genimage_real,genimage,root,real,seen,1.0,0,base
/ai_paas_jf/pangqs/AIGC/safepp_pytorch/data/test/genimage/real/n02106166_2881.JPEG,0,genimage_real,genimage,root,real,seen,1.0,0,base
/ai_paas_jf/pangqs/AIGC/safepp_pytorch/data/test/genimage/real/n02106382_9659.JPEG,0,genimage_real,genimage,root,real,seen,1.0,0,base
/ai_paas_jf/pangqs/AIGC/safepp_pytorch/data/test/genimage/real/n02106382_9890.JPEG,0,genimage_real,genimage,root,real,seen,1.0,0,base
/ai_paas_jf/pangqs/AIGC/safepp_pytorch/data/test/genimage/real/n02106662_20732.JPEG,0,genimage_real,genimage,root,real,seen,1.0,0,base
/ai_paas_jf/pangqs/AIGC/safepp_pytorch/data/test/genimage/real/n02106662_25987.JPEG,0,genimage_real,genimage,root,real,seen,1.0,0,base
/ai_paas_jf/pangqs/AIGC/safepp_pytorch/data/test/genimage/real/n02107312_7581.JPEG,0,genimage_real,genimage,root,real,seen,1.0,0,base
/ai_paas_jf/pangqs/AIGC/safepp_pytorch/data/test/genimage/real/n02107908_1961.JPEG,0,genimage_real,genimage,root,real,seen,1.0,0,base
/ai_paas_jf/pangqs/AIGC/safepp_pytorch/data/test/genimage/real/n02108000_3655.JPEG,0,genimage_real,genimage,root,real,seen,1.0,0,base
/ai_paas_jf/pangqs/AIGC/safepp_pytorch/data/test/genimage/real/n02108089_398.JPEG,0,genimage_real,genimage,root,real,seen,1.0,0,base
/ai_paas_jf/pangqs/AIGC/safepp_pytorch/data/test/genimage/real/n02108422_1357.JPEG,0,genimage_real,genimage,root,real,seen,1.0,0,base
/ai_paas_jf/pangqs/AIGC/safepp_pytorch/data/test/genimage/real/n02108915_10672.JPEG,0,genimage_real,genimage,root,real,seen,1.0,0,base
/ai_paas_jf/pangqs/AIGC/safepp_pytorch/data/test/genimage/real/n02108915_1165.JPEG,0,genimage_real,genimage,root,real,seen,1.0,0,base
/ai_paas_jf/pangqs/AIGC/safepp_pytorch/data/test/genimage/real/n02108915_6504.JPEG,0,genimage_real,genimage,root,real,seen,1.0,0,base
/ai_paas_jf/pangqs/AIGC/safepp_pytorch/data/test/genimage/real/n02109525_10251.JPEG,0,genimage_real,genimage,root,real,seen,1.0,0,base
/ai_paas_jf/pangqs/AIGC/safepp_pytorch/data/test/genimage/real/n02109525_1026.JPEG,0,genimage_real,genimage,root,real,seen,1.0,0,base
/ai_paas_jf/pangqs/AIGC/safepp_pytorch/data/test/genimage/real/n02109525_13293.JPEG,0,genimage_real,genimage,root,real,seen,1.0,0,base
/ai_paas_jf/pangqs/AIGC/safepp_pytorch/data/test/genimage/real/n02109961_2784.JPEG,0,genimage_real,genimage,root,real,seen,1.0,0,base
/ai_paas_jf/pangqs/AIGC/safepp_pytorch/data/test/genimage/real/n02110063_15071.JPEG,0,genimage_real,genimage,root,real,seen,1.0,0,base
/ai_paas_jf/pangqs/AIGC/safepp_pytorch/data/test/genimage/real/n02110185_15055.JPEG,0,genimage_real,genimage,root,real,seen,1.0,0,base
/ai_paas_jf/pangqs/AIGC/safepp_pytorch/data/test/genimage/real/n02110627_9368.JPEG,0,genimage_real,genimage,root,real,seen,1.0,0,base
/ai_paas_jf/pangqs/AIGC/safepp_pytorch/data/test/genimage/real/n02110958_9226.JPEG,0,genimage_real,genimage,root,real,seen,1.0,0,base
/ai_paas_jf/pangqs/AIGC/safepp_pytorch/data/test/genimage/real/n02111129_330.JPEG,0,genimage_real,genimage,root,real,seen,1.0,0,base
/ai_paas_jf/pangqs/AIGC/safepp_pytorch/data/test/genimage/real/n02111129_6765.JPEG,0,genimage_real,genimage,root,real,seen,1.0,0,base
/ai_paas_jf/pangqs/AIGC/safepp_pytorch/data/test/genimage/real/n02111500_5565.JPEG,0,genimage_real,genimage,root,real,seen,1.0,0,base
/ai_paas_jf/pangqs/AIGC/safepp_pytorch/data/test/genimage/real/n02111500_5588.JPEG,0,genimage_real,genimage,root,real,seen,1.0,0,base
/ai_paas_jf/pangqs/AIGC/safepp_pytorch/data/test/genimage/real/n02111889_4260.JPEG,0,genimage_real,genimage,root,real,seen,1.0,0,base
/ai_paas_jf/pangqs/AIGC/safepp_pytorch/data/test/genimage/real/n02111889_475.JPEG,0,genimage_real,genimage,root,real,seen,1.0,0,base
/ai_paas_jf/pangqs/AIGC/safepp_pytorch/data/test/genimage/real/n02112018_2833.JPEG,0,genimage_real,genimage,root,real,seen,1.0,0,base
/ai_paas_jf/pangqs/AIGC/safepp_pytorch/data/test/genimage/real/n02112350_4539.JPEG,0,genimage_real,genimage,root,real,seen,1.0,0,base
/ai_paas_jf/pangqs/AIGC/safepp_pytorch/data/test/genimage/real/n02113023_10430.JPEG,0,genimage_real,genimage,root,real,seen,1.0,0,base
/ai_paas_jf/pangqs/AIGC/safepp_pytorch/data/test/genimage/real/n02113186_3344.JPEG,0,genimage_real,genimage,root,real,seen,1.0,0,base
/ai_paas_jf/pangqs/AIGC/safepp_pytorch/data/test/genimage/real/n02113624_4643.JPEG,0,genimage_real,genimage,root,real,seen,1.0,0,base
/ai_paas_jf/pangqs/AIGC/safepp_pytorch/data/test/genimage/real/n02113712_2310.JPEG,0,genimage_real,genimage,root,real,seen,1.0,0,base
/ai_paas_jf/pangqs/AIGC/safepp_pytorch/data/test/genimage/real/n02113978_593.JPEG,0,genimage_real,genimage,root,real,seen,1.0,0,base
/ai_paas_jf/pangqs/AIGC/safepp_pytorch/data/test/genimage/real/n02114548_1394.JPEG,0,genimage_real,genimage,root,real,seen,1.0,0,base
/ai_paas_jf/pangqs/AIGC/safepp_pytorch/data/test/genimage/real/n02114548_5975.JPEG,0,genimage_real,genimage,root,real,seen,1.0,0,base
/ai_paas_jf/pangqs/AIGC/safepp_pytorch/data/test/genimage/real/n02114712_14652.JPEG,0,genimage_real,genimage,root,real,seen,1.0,0,base
/ai_paas_jf/pangqs/AIGC/safepp_pytorch/data/test/genimage/real/n02114712_19943.JPEG,0,genimage_real,genimage,root,real,seen,1.0,0,base
/ai_paas_jf/pangqs/AIGC/safepp_pytorch/data/test/genimage/real/n02115641_22536.JPEG,0,genimage_real,genimage,root,real,seen,1.0,0,base
/ai_paas_jf/pangqs/AIGC/safepp_pytorch/data/test/genimage/real/n02115913_10476.JPEG,0,genimage_real,genimage,root,real,seen,1.0,0,base
/ai_paas_jf/pangqs/AIGC/safepp_pytorch/data/test/genimage/real/n02116738_48863.JPEG,0,genimage_real,genimage,root,real,seen,1.0,0,base
/ai_paas_jf/pangqs/AIGC/safepp_pytorch/data/test/genimage/real/n02117135_5412.JPEG,0,genimage_real,genimage,root,real,seen,1.0,0,base
/ai_paas_jf/pangqs/AIGC/safepp_pytorch/data/test/genimage/real/n02117135_8455.JPEG,0,genimage_real,genimage,root,real,seen,1.0,0,base
/ai_paas_jf/pangqs/AIGC/safepp_pytorch/data/test/genimage/real/n02119022_3086.JPEG,0,genimage_real,genimage,root,real,seen,1.0,0,base
/ai_paas_jf/pangqs/AIGC/safepp_pytorch/data/test/genimage/real/n02119789_11006.JPEG,0,genimage_real,genimage,root,real,seen,1.0,0,base
/ai_paas_jf/pangqs/AIGC/safepp_pytorch/data/test/genimage/real/n02119789_13061.JPEG,0,genimage_real,genimage,root,real,seen,1.0,0,base
/ai_paas_jf/pangqs/AIGC/safepp_pytorch/data/test/genimage/real/n02119789_13504.JPEG,0,genimage_real,genimage,root,real,seen,1.0,0,base
/ai_paas_jf/pangqs/AIGC/safepp_pytorch/data/test/genimage/real/n02119789_5996.JPEG,0,genimage_real,genimage,root,real,seen,1.0,0,base
/ai_paas_jf/pangqs/AIGC/safepp_pytorch/data/test/genimage/real/n02120505_17561.JPEG,0,genimage_real,genimage,root,real,seen,1.0,0,base
/ai_paas_jf/pangqs/AIGC/safepp_pytorch/data/test/genimage/real/n02120505_19957.JPEG,0,genimage_real,genimage,root,real,seen,1.0,0,base
/ai_paas_jf/pangqs/AIGC/safepp_pytorch/data/test/genimage/real/n02120505_6479.JPEG,0,genimage_real,genimage,root,real,seen,1.0,0,base
/ai_paas_jf/pangqs/AIGC/safepp_pytorch/data/test/genimage/real/n02123159_1365.JPEG,0,genimage_real,genimage,root,real,seen,1.0,0,base
/ai_paas_jf/pangqs/AIGC/safepp_pytorch/data/test/genimage/real/n02123159_3184.JPEG,0,genimage_real,genimage,root,real,seen,1.0,0,base
/ai_paas_jf/pangqs/AIGC/safepp_pytorch/data/test/genimage/real/n02123394_1703.JPEG,0,genimage_real,genimage,root,real,seen,1.0,0,base
/ai_paas_jf/pangqs/AIGC/safepp_pytorch/data/test/genimage/real/n02123394_3920.JPEG,0,genimage_real,genimage,root,real,seen,1.0,0,base
/ai_paas_jf/pangqs/AIGC/safepp_pytorch/data/test/genimage/real/n02123597_5076.JPEG,0,genimage_real,genimage,root,real,seen,1.0,0,base
/ai_paas_jf/pangqs/AIGC/safepp_pytorch/data/test/genimage/real/n02123597_5350.JPEG,0,genimage_real,genimage,root,real,seen,1.0,0,base
/ai_paas_jf/pangqs/AIGC/safepp_pytorch/data/test/genimage/real/n02124075_4605.JPEG,0,genimage_real,genimage,root,real,seen,1.0,0,base
/ai_paas_jf/pangqs/AIGC/safepp_pytorch/data/test/genimage/real/n02125311_1812.JPEG,0,genimage_real,genimage,root,real,seen,1.0,0,base
/ai_paas_jf/pangqs/AIGC/safepp_pytorch/data/test/genimage/real/n02125311_73072.JPEG,0,genimage_real,genimage,root,real,seen,1.0,0,base
/ai_paas_jf/pangqs/AIGC/safepp_pytorch/data/test/genimage/real/n02127052_20592.JPEG,0,genimage_real,genimage,root,real,seen,1.0,0,base
/ai_paas_jf/pangqs/AIGC/safepp_pytorch/data/test/genimage/real/n02128385_1673.JPEG,0,genimage_real,genimage,root,real,seen,1.0,0,base
/ai_paas_jf/pangqs/AIGC/safepp_pytorch/data/test/genimage/real/n02128385_8224.JPEG,0,genimage_real,genimage,root,real,seen,1.0,0,base
/ai_paas_jf/pangqs/AIGC/safepp_pytorch/data/test/genimage/real/n02128757_6900.JPEG,0,genimage_real,genimage,root,real,seen,1.0,0,base
/ai_paas_jf/pangqs/AIGC/safepp_pytorch/data/test/genimage/real/n02129165_15148.JPEG,0,genimage_real,genimage,root,real,seen,1.0,0,base
/ai_paas_jf/pangqs/AIGC/safepp_pytorch/data/test/genimage/real/n02129604_202.JPEG,0,genimage_real,genimage,root,real,seen,1.0,0,base
/ai_paas_jf/pangqs/AIGC/safepp_pytorch/data/test/genimage/real/n02130308_18362.JPEG,0,genimage_real,genimage,root,real,seen,1.0,0,base
/ai_paas_jf/pangqs/AIGC/safepp_pytorch/data/test/genimage/real/n02130308_3223.JPEG,0,genimage_real,genimage,root,real,seen,1.0,0,base
/ai_paas_jf/pangqs/AIGC/safepp_pytorch/data/test/genimage/real/n02134418_7795.JPEG,0,genimage_real,genimage,root,real,seen,1.0,0,base
/ai_paas_jf/pangqs/AIGC/safepp_pytorch/data/test/genimage/real/n02138441_5813.JPEG,0,genimage_real,genimage,root,real,seen,1.0,0,base
/ai_paas_jf/pangqs/AIGC/safepp_pytorch/data/test/genimage/real/n02167151_1046.JPEG,0,genimage_real,genimage,root,real,seen,1.0,0,base
/ai_paas_jf/pangqs/AIGC/safepp_pytorch/data/test/genimage/real/n02172182_19408.JPEG,0,genimage_real,genimage,root,real,seen,1.0,0,base
/ai_paas_jf/pangqs/AIGC/safepp_pytorch/data/test/genimage/real/n02174001_2574.JPEG,0,genimage_real,genimage,root,real,seen,1.0,0,base
/ai_paas_jf/pangqs/AIGC/safepp_pytorch/data/test/genimage/real/n02190166_1579.JPEG,0,genimage_real,genimage,root,real,seen,1.0,0,base
/ai_paas_jf/pangqs/AIGC/safepp_pytorch/data/test/genimage/real/n02236044_6137.JPEG,0,genimage_real,genimage,root,real,seen,1.0,0,base
/ai_paas_jf/pangqs/AIGC/safepp_pytorch/data/test/genimage/real/n02236044_6788.JPEG,0,genimage_real,genimage,root,real,seen,1.0,0,base
/ai_paas_jf/pangqs/AIGC/safepp_pytorch/data/test/genimage/real/n02256656_1974.JPEG,0,genimage_real,genimage,root,real,seen,1.0,0,base
/ai_paas_jf/pangqs/AIGC/safepp_pytorch/data/test/genimage/real/n02256656_7342.JPEG,0,genimage_real,genimage,root,real,seen,1.0,0,base
/ai_paas_jf/pangqs/AIGC/safepp_pytorch/data/test/genimage/real/n02256656_9231.JPEG,0,genimage_real,genimage,root,real,seen,1.0,0,base
/ai_paas_jf/pangqs/AIGC/safepp_pytorch/data/test/genimage/real/n02256656_9892.JPEG,0,genimage_real,genimage,root,real,seen,1.0,0,base
/ai_paas_jf/pangqs/AIGC/safepp_pytorch/data/test/genimage/real/n02259212_10007.JPEG,0,genimage_real,genimage,root,real,seen,1.0,0,base
/ai_paas_jf/pangqs/AIGC/safepp_pytorch/data/test/genimage/real/n02259212_6116.JPEG,0,genimage_real,genimage,root,real,seen,1.0,0,base
/ai_paas_jf/pangqs/AIGC/safepp_pytorch/data/test/genimage/real/n02277742_14971.JPEG,0,genimage_real,genimage,root,real,seen,1.0,0,base
/ai_paas_jf/pangqs/AIGC/safepp_pytorch/data/test/genimage/real/n02277742_23734.JPEG,0,genimage_real,genimage,root,real,seen,1.0,0,base
/ai_paas_jf/pangqs/AIGC/safepp_pytorch/data/test/genimage/real/n02277742_37074.JPEG,0,genimage_real,genimage,root,real,seen,1.0,0,base
/ai_paas_jf/pangqs/AIGC/safepp_pytorch/data/test/genimage/real/n02280649_1255.JPEG,0,genimage_real,genimage,root,real,seen,1.0,0,base
/ai_paas_jf/pangqs/AIGC/safepp_pytorch/data/test/genimage/real/n02280649_5990.JPEG,0,genimage_real,genimage,root,real,seen,1.0,0,base
/ai_paas_jf/pangqs/AIGC/safepp_pytorch/data/test/genimage/real/n02281406_9182.JPEG,0,genimage_real,genimage,root,real,seen,1.0,0,base
/ai_paas_jf/pangqs/AIGC/safepp_pytorch/data/test/genimage/real/n02281787_1616.JPEG,0,genimage_real,genimage,root,real,seen,1.0,0,base
/ai_paas_jf/pangqs/AIGC/safepp_pytorch/data/test/genimage/real/n02281787_2108.JPEG,0,genimage_real,genimage,root,real,seen,1.0,0,base
/ai_paas_jf/pangqs/AIGC/safepp_pytorch/data/test/genimage/real/n02281787_3572.JPEG,0,genimage_real,genimage,root,real,seen,1.0,0,base
/ai_paas_jf/pangqs/AIGC/safepp_pytorch/data/test/genimage/real/n02281787_3848.JPEG,0,genimage_real,genimage,root,real,seen,1.0,0,base
/ai_paas_jf/pangqs/AIGC/safepp_pytorch/data/test/genimage/real/n02317335_21228.JPEG,0,genimage_real,genimage,root,real,seen,1.0,0,base
/ai_paas_jf/pangqs/AIGC/safepp_pytorch/data/test/genimage/real/n02317335_6555.JPEG,0,genimage_real,genimage,root,real,seen,1.0,0,base
/ai_paas_jf/pangqs/AIGC/safepp_pytorch/data/test/genimage/real/n02319095_6854.JPEG,0,genimage_real,genimage,root,real,seen,1.0,0,base
/ai_paas_jf/pangqs/AIGC/safepp_pytorch/data/test/genimage/real/n02321529_3386.JPEG,0,genimage_real,genimage,root,real,seen,1.0,0,base
/ai_paas_jf/pangqs/AIGC/safepp_pytorch/data/test/genimage/real/n02321529_8920.JPEG,0,genimage_real,genimage,root,real,seen,1.0,0,base
/ai_paas_jf/pangqs/AIGC/safepp_pytorch/data/test/genimage/real/n02325366_7241.JPEG,0,genimage_real,genimage,root,real,seen,1.0,0,base
/ai_paas_jf/pangqs/AIGC/safepp_pytorch/data/test/genimage/real/n02326432_12842.JPEG,0,genimage_real,genimage,root,real,seen,1.0,0,base
/ai_paas_jf/pangqs/AIGC/safepp_pytorch/data/test/genimage/real/n02326432_20094.JPEG,0,genimage_real,genimage,root,real,seen,1.0,0,base
/ai_paas_jf/pangqs/AIGC/safepp_pytorch/data/test/genimage/real/n02326432_24.JPEG,0,genimage_real,genimage,root,real,seen,1.0,0,base
/ai_paas_jf/pangqs/AIGC/safepp_pytorch/data/test/genimage/real/n02326432_50.JPEG,0,genimage_real,genimage,root,real,seen,1.0,0,base
/ai_paas_jf/pangqs/AIGC/safepp_pytorch/data/test/genimage/real/n02326432_6724.JPEG,0,genimage_real,genimage,root,real,seen,1.0,0,base
/ai_paas_jf/pangqs/AIGC/safepp_pytorch/data/test/genimage/real/n02328150_19384.JPEG,0,genimage_real,genimage,root,real,seen,1.0,0,base
/ai_paas_jf/pangqs/AIGC/safepp_pytorch/data/test/genimage/real/n02328150_3966.JPEG,0,genimage_real,genimage,root,real,seen,1.0,0,base
/ai_paas_jf/pangqs/AIGC/safepp_pytorch/data/test/genimage/real/n02342885_9480.JPEG,0,genimage_real,genimage,root,real,seen,1.0,0,base
/ai_paas_jf/pangqs/AIGC/safepp_pytorch/data/test/genimage/real/n02361337_7646.JPEG,0,genimage_real,genimage,root,real,seen,1.0,0,base
/ai_paas_jf/pangqs/AIGC/safepp_pytorch/data/test/genimage/real/n02363005_27667.JPEG,0,genimage_real,genimage,root,real,seen,1.0,0,base
/ai_paas_jf/pangqs/AIGC/safepp_pytorch/data/test/genimage/real/n02363005_38294.JPEG,0,genimage_real,genimage,root,real,seen,1.0,0,base
/ai_paas_jf/pangqs/AIGC/safepp_pytorch/data/test/genimage/real/n02364673_1307.JPEG,0,genimage_real,genimage,root,real,seen,1.0,0,base
/ai_paas_jf/pangqs/AIGC/safepp_pytorch/data/test/genimage/real/n02391049_1524.JPEG,0,genimage_real,genimage,root,real,seen,1.0,0,base
/ai_paas_jf/pangqs/AIGC/safepp_pytorch/data/test/genimage/real/n02391049_4747.JPEG,0,genimage_real,genimage,root,real,seen,1.0,0,base
/ai_paas_jf/pangqs/AIGC/safepp_pytorch/data/test/genimage/real/n02395406_29766.JPEG,0,genimage_real,genimage,root,real,seen,1.0,0,base
/ai_paas_jf/pangqs/AIGC/safepp_pytorch/data/test/genimage/real/n02396427_9507.JPEG,0,genimage_real,genimage,root,real,seen,1.0,0,base
/ai_paas_jf/pangqs/AIGC/safepp_pytorch/data/test/genimage/real/n02398521_15297.JPEG,0,genimage_real,genimage,root,real,seen,1.0,0,base
/ai_paas_jf/pangqs/AIGC/safepp_pytorch/data/test/genimage/real/n02403003_2412.JPEG,0,genimage_real,genimage,root,real,seen,1.0,0,base
/ai_paas_jf/pangqs/AIGC/safepp_pytorch/data/test/genimage/real/n02408429_5115.JPEG,0,genimage_real,genimage,root,real,seen,1.0,0,base
/ai_paas_jf/pangqs/AIGC/safepp_pytorch/data/test/genimage/real/n02410509_8783.JPEG,0,genimage_real,genimage,root,real,seen,1.0,0,base
/ai_paas_jf/pangqs/AIGC/safepp_pytorch/data/test/genimage/real/n02412080_20662.JPEG,0,genimage_real,genimage,root,real,seen,1.0,0,base
/ai_paas_jf/pangqs/AIGC/safepp_pytorch/data/test/genimage/real/n02412080_7042.JPEG,0,genimage_real,genimage,root,real,seen,1.0,0,base
/ai_paas_jf/pangqs/AIGC/safepp_pytorch/data/test/genimage/real/n02415577_65701.JPEG,0,genimage_real,genimage,root,real,seen,1.0,0,base
/ai_paas_jf/pangqs/AIGC/safepp_pytorch/data/test/genimage/real/n02417914_12910.JPEG,0,genimage_real,genimage,root,real,seen,1.0,0,base
/ai_paas_jf/pangqs/AIGC/safepp_pytorch/data/test/genimage/real/n02417914_5357.JPEG,0,genimage_real,genimage,root,real,seen,1.0,0,base
/ai_paas_jf/pangqs/AIGC/safepp_pytorch/data/test/genimage/real/n02422106_1919.JPEG,0,genimage_real,genimage,root,real,seen,1.0,0,base
/ai_paas_jf/pangqs/AIGC/safepp_pytorch/data/test/genimage/real/n02422106_2413.JPEG,0,genimage_real,genimage,root,real,seen,1.0,0,base
/ai_paas_jf/pangqs/AIGC/safepp_pytorch/data/test/genimage/real/n02422106_38.JPEG,0,genimage_real,genimage,root,real,seen,1.0,0,base
/ai_paas_jf/pangqs/AIGC/safepp_pytorch/data/test/genimage/real/n02422106_67.JPEG,0,genimage_real,genimage,root,real,seen,1.0,0,base
/ai_paas_jf/pangqs/AIGC/safepp_pytorch/data/test/genimage/real/n02423022_6484.JPEG,0,genimage_real,genimage,root,real,seen,1.0,0,base
/ai_paas_jf/pangqs/AIGC/safepp_pytorch/data/test/genimage/real/n02437312_304.JPEG,0,genimage_real,genimage,root,real,seen,1.0,0,base
/ai_paas_jf/pangqs/AIGC/safepp_pytorch/data/test/genimage/real/n02437616_1778.JPEG,0,genimage_real,genimage,root,real,seen,1.0,0,base
/ai_paas_jf/pangqs/AIGC/safepp_pytorch/data/test/genimage/real/n02441942_14902.JPEG,0,genimage_real,genimage,root,real,seen,1.0,0,base
/ai_paas_jf/pangqs/AIGC/safepp_pytorch/data/test/genimage/real/n02442845_22593.JPEG,0,genimage_real,genimage,root,real,seen,1.0,0,base
/ai_paas_jf/pangqs/AIGC/safepp_pytorch/data/test/genimage/real/n02442845_32894.JPEG,0,genimage_real,genimage,root,real,seen,1.0,0,base
/ai_paas_jf/pangqs/AIGC/safepp_pytorch/data/test/genimage/real/n02444819_4091.JPEG,0,genimage_real,genimage,root,real,seen,1.0,0,base
/ai_paas_jf/pangqs/AIGC/safepp_pytorch/data/test/genimage/real/n02454379_1206.JPEG,0,genimage_real,genimage,root,real,seen,1.0,0,base
/ai_paas_jf/pangqs/AIGC/safepp_pytorch/data/test/genimage/real/n02454379_3389.JPEG,0,genimage_real,genimage,root,real,seen,1.0,0,base
/ai_paas_jf/pangqs/AIGC/safepp_pytorch/data/test/genimage/real/n02480855_12623.JPEG,0,genimage_real,genimage,root,real,seen,1.0,0,base
/ai_paas_jf/pangqs/AIGC/safepp_pytorch/data/test/genimage/real/n02481823_17316.JPEG,0,genimage_real,genimage,root,real,seen,1.0,0,base
/ai_paas_jf/pangqs/AIGC/safepp_pytorch/data/test/genimage/real/n02483708_1931.JPEG,0,genimage_real,genimage,root,real,seen,1.0,0,base
/ai_paas_jf/pangqs/AIGC/safepp_pytorch/data/test/genimage/real/n02484975_2735.JPEG,0,genimage_real,genimage,root,real,seen,1.0,0,base
/ai_paas_jf/pangqs/AIGC/safepp_pytorch/data/test/genimage/real/n02486261_3991.JPEG,0,genimage_real,genimage,root,real,seen,1.0,0,base
/ai_paas_jf/pangqs/AIGC/safepp_pytorch/data/test/genimage/real/n02486410_16092.JPEG,0,genimage_real,genimage,root,real,seen,1.0,0,base
/ai_paas_jf/pangqs/AIGC/safepp_pytorch/data/test/genimage/real/n02486410_2705.JPEG,0,genimage_real,genimage,root,real,seen,1.0,0,base
/ai_paas_jf/pangqs/AIGC/safepp_pytorch/data/test/genimage/real/n02486410_5358.JPEG,0,genimage_real,genimage,root,real,seen,1.0,0,base
/ai_paas_jf/pangqs/AIGC/safepp_pytorch/data/test/genimage/real/n02486410_713.JPEG,0,genimage_real,genimage,root,real,seen,1.0,0,base
/ai_paas_jf/pangqs/AIGC/safepp_pytorch/data/test/genimage/real/n02488291_5343.JPEG,0,genimage_real,genimage,root,real,seen,1.0,0,base
/ai_paas_jf/pangqs/AIGC/safepp_pytorch/data/test/genimage/real/n02488291_6570.JPEG,0,genimage_real,genimage,root,real,seen,1.0,0,base
/ai_paas_jf/pangqs/AIGC/safepp_pytorch/data/test/genimage/real/n02488702_3351.JPEG,0,genimage_real,genimage,root,real,seen,1.0,0,base
/ai_paas_jf/pangqs/AIGC/safepp_pytorch/data/test/genimage/real/n02488702_4713.JPEG,0,genimage_real,genimage,root,real,seen,1.0,0,base
/ai_paas_jf/pangqs/AIGC/safepp_pytorch/data/test/genimage/real/n02490219_4265.JPEG,0,genimage_real,genimage,root,real,seen,1.0,0,base
/ai_paas_jf/pangqs/AIGC/safepp_pytorch/data/test/genimage/real/n02493509_13771.JPEG,0,genimage_real,genimage,root,real,seen,1.0,0,base
/ai_paas_jf/pangqs/AIGC/safepp_pytorch/data/test/genimage/real/n02493509_16166.JPEG,0,genimage_real,genimage,root,real,seen,1.0,0,base
/ai_paas_jf/pangqs/AIGC/safepp_pytorch/data/test/genimage/real/n02493793_11028.JPEG,0,genimage_real,genimage,root,real,seen,1.0,0,base
/ai_paas_jf/pangqs/AIGC/safepp_pytorch/data/test/genimage/real/n02497673_2841.JPEG,0,genimage_real,genimage,root,real,seen,1.0,0,base
/ai_paas_jf/pangqs/AIGC/safepp_pytorch/data/test/genimage/real/n02497673_5583.JPEG,0,genimage_real,genimage,root,real,seen,1.0,0,base
/ai_paas_jf/pangqs/AIGC/safepp_pytorch/data/test/genimage/real/n02497673_8860.JPEG,0,genimage_real,genimage,root,real,seen,1.0,0,base
/ai_paas_jf/pangqs/AIGC/safepp_pytorch/data/test/genimage/real/n02500267_9436.JPEG,0,genimage_real,genimage,root,real,seen,1.0,0,base
/ai_paas_jf/pangqs/AIGC/safepp_pytorch/data/test/genimage/real/n02504013_5212.JPEG,0,genimage_real,genimage,root,real,seen,1.0,0,base
/ai_paas_jf/pangqs/AIGC/safepp_pytorch/data/test/genimage/real/n02504458_4643.JPEG,0,genimage_real,genimage,root,real,seen,1.0,0,base
/ai_paas_jf/pangqs/AIGC/safepp_pytorch/data/test/genimage/real/n02509815_683.JPEG,0,genimage_real,genimage,root,real,seen,1.0,0,base
/ai_paas_jf/pangqs/AIGC/safepp_pytorch/data/test/genimage/real/n02510455_7425.JPEG,0,genimage_real,genimage,root,real,seen,1.0,0,base
/ai_paas_jf/pangqs/AIGC/safepp_pytorch/data/test/genimage/real/n02510455_86065.JPEG,0,genimage_real,genimage,root,real,seen,1.0,0,base
/ai_paas_jf/pangqs/AIGC/safepp_pytorch/data/test/genimage/real/n02514041_7655.JPEG,0,genimage_real,genimage,root,real,seen,1.0,0,base
/ai_paas_jf/pangqs/AIGC/safepp_pytorch/data/test/genimage/real/n02526121_19072.JPEG,0,genimage_real,genimage,root,real,seen,1.0,0,base
/ai_paas_jf/pangqs/AIGC/safepp_pytorch/data/test/genimage/real/n02526121_5611.JPEG,0,genimage_real,genimage,root,real,seen,1.0,0,base
/ai_paas_jf/pangqs/AIGC/safepp_pytorch/data/test/genimage/real/n02536864_27344.JPEG,0,genimage_real,genimage,root,real,seen,1.0,0,base
/ai_paas_jf/pangqs/AIGC/safepp_pytorch/data/test/genimage/real/n02607072_14650.JPEG,0,genimage_real,genimage,root,real,seen,1.0,0,base
/ai_paas_jf/pangqs/AIGC/safepp_pytorch/data/test/genimage/real/n02640242_3123.JPEG,0,genimage_real,genimage,root,real,seen,1.0,0,base
/ai_paas_jf/pangqs/AIGC/safepp_pytorch/data/test/genimage/real/n02641379_19614.JPEG,0,genimage_real,genimage,root,real,seen,1.0,0,base
/ai_paas_jf/pangqs/AIGC/safepp_pytorch/data/test/genimage/real/n02643566_1712.JPEG,0,genimage_real,genimage,root,real,seen,1.0,0,base
/ai_paas_jf/pangqs/AIGC/safepp_pytorch/data/test/genimage/real/n02666196_13531.JPEG,0,genimage_real,genimage,root,real,seen,1.0,0,base
/ai_paas_jf/pangqs/AIGC/safepp_pytorch/data/test/genimage/real/n02666196_14071.JPEG,0,genimage_real,genimage,root,real,seen,1.0,0,base
/ai_paas_jf/pangqs/AIGC/safepp_pytorch/data/test/genimage/real/n02666196_2293.JPEG,0,genimage_real,genimage,root,real,seen,1.0,0,base
/ai_paas_jf/pangqs/AIGC/safepp_pytorch/data/test/genimage/real/n02667093_15651.JPEG,0,genimage_real,genimage,root,real,seen,1.0,0,base
/ai_paas_jf/pangqs/AIGC/safepp_pytorch/data/test/genimage/real/n02667093_6710.JPEG,0,genimage_real,genimage,root,real,seen,1.0,0,base
/ai_paas_jf/pangqs/AIGC/safepp_pytorch/data/test/genimage/real/n02676566_8097.JPEG,0,genimage_real,genimage,root,real,seen,1.0,0,base
/ai_paas_jf/pangqs/AIGC/safepp_pytorch/data/test/genimage/real/n02687172_11604.JPEG,0,genimage_real,genimage,root,real,seen,1.0,0,base
/ai_paas_jf/pangqs/AIGC/safepp_pytorch/data/test/genimage/real/n02687172_42153.JPEG,0,genimage_real,genimage,root,real,seen,1.0,0,base
/ai_paas_jf/pangqs/AIGC/safepp_pytorch/data/test/genimage/real/n02687172_43758.JPEG,0,genimage_real,genimage,root,real,seen,1.0,0,base
/ai_paas_jf/pangqs/AIGC/safepp_pytorch/data/test/genimage/real/n02692877_36600.JPEG,0,genimage_real,genimage,root,real,seen,1.0,0,base
/ai_paas_jf/pangqs/AIGC/safepp_pytorch/data/test/genimage/real/n02699494_718.JPEG,0,genimage_real,genimage,root,real,seen,1.0,0,base
/ai_paas_jf/pangqs/AIGC/safepp_pytorch/data/test/genimage/real/n02708093_7768.JPEG,0,genimage_real,genimage,root,real,seen,1.0,0,base
/ai_paas_jf/pangqs/AIGC/safepp_pytorch/data/test/genimage/real/n02730930_11267.JPEG,0,genimage_real,genimage,root,real,seen,1.0,0,base
/ai_paas_jf/pangqs/AIGC/safepp_pytorch/data/test/genimage/real/n02730930_21793.JPEG,0,genimage_real,genimage,root,real,seen,1.0,0,base
/ai_paas_jf/pangqs/AIGC/safepp_pytorch/data/test/genimage/real/n02747177_33215.JPEG,0,genimage_real,genimage,root,real,seen,1.0,0,base
/ai_paas_jf/pangqs/AIGC/safepp_pytorch/data/test/genimage/real/n02747177_49491.JPEG,0,genimage_real,genimage,root,real,seen,1.0,0,base
/ai_paas_jf/pangqs/AIGC/safepp_pytorch/data/test/genimage/real/n02749479_34968.JPEG,0,genimage_real,genimage,root,real,seen,1.0,0,base
/ai_paas_jf/pangqs/AIGC/safepp_pytorch/data/test/genimage/real/n02769748_17297.JPEG,0,genimage_real,genimage,root,real,seen,1.0,0,base
/ai_paas_jf/pangqs/AIGC/safepp_pytorch/data/test/genimage/real/n02776631_11774.JPEG,0,genimage_real,genimage,root,real,seen,1.0,0,base
/ai_paas_jf/pangqs/AIGC/safepp_pytorch/data/test/genimage/real/n02776631_13384.JPEG,0,genimage_real,genimage,root,real,seen,1.0,0,base
/ai_paas_jf/pangqs/AIGC/safepp_pytorch/data/test/genimage/real/n02776631_2791.JPEG,0,genimage_real,genimage,root,real,seen,1.0,0,base
/ai_paas_jf/pangqs/AIGC/safepp_pytorch/data/test/genimage/real/n02777292_10111.JPEG,0,genimage_real,genimage,root,real,seen,1.0,0,base
/ai_paas_jf/pangqs/AIGC/safepp_pytorch/data/test/genimage/real/n02777292_11115.JPEG,0,genimage_real,genimage,root,real,seen,1.0,0,base
/ai_paas_jf/pangqs/AIGC/safepp_pytorch/data/test/genimage/real/n02782093_2463.JPEG,0,genimage_real,genimage,root,real,seen,1.0,0,base
/ai_paas_jf/pangqs/AIGC/safepp_pytorch/data/test/genimage/real/n02783161_1815.JPEG,0,genimage_real,genimage,root,real,seen,1.0,0,base
/ai_paas_jf/pangqs/AIGC/safepp_pytorch/data/test/genimage/real/n02783161_79876.JPEG,0,genimage_real,genimage,root,real,seen,1.0,0,base
/ai_paas_jf/pangqs/AIGC/safepp_pytorch/data/test/genimage/real/n02787622_250.JPEG,0,genimage_real,genimage,root,real,seen,1.0,0,base
/ai_paas_jf/pangqs/AIGC/safepp_pytorch/data/test/genimage/real/n02788148_46236.JPEG,0,genimage_real,genimage,root,real,seen,1.0,0,base
/ai_paas_jf/pangqs/AIGC/safepp_pytorch/data/test/genimage/real/n02790996_6318.JPEG,0,genimage_real,genimage,root,real,seen,1.0,0,base
/ai_paas_jf/pangqs/AIGC/safepp_pytorch/data/test/genimage/real/n02791270_26464.JPEG,0,genimage_real,genimage,root,real,seen,1.0,0,base
/ai_paas_jf/pangqs/AIGC/safepp_pytorch/data/test/genimage/real/n02791270_3038.JPEG,0,genimage_real,genimage,root,real,seen,1.0,0,base
/ai_paas_jf/pangqs/AIGC/safepp_pytorch/data/test/genimage/real/n02791270_7698.JPEG,0,genimage_real,genimage,root,real,seen,1.0,0,base
/ai_paas_jf/pangqs/AIGC/safepp_pytorch/data/test/genimage/real/n02793495_7080.JPEG,0,genimage_real,genimage,root,real,seen,1.0,0,base
/ai_paas_jf/pangqs/AIGC/safepp_pytorch/data/test/genimage/real/n02794156_4397.JPEG,0,genimage_real,genimage,root,real,seen,1.0,0,base
/ai_paas_jf/pangqs/AIGC/safepp_pytorch/data/test/genimage/real/n02797295_10246.JPEG,0,genimage_real,genimage,root,real,seen,1.0,0,base
/ai_paas_jf/pangqs/AIGC/safepp_pytorch/data/test/genimage/real/n02799071_10853.JPEG,0,genimage_real,genimage,root,real,seen,1.0,0,base
/ai_paas_jf/pangqs/AIGC/safepp_pytorch/data/test/genimage/real/n02799071_29348.JPEG,0,genimage_real,genimage,root,real,seen,1.0,0,base
/ai_paas_jf/pangqs/AIGC/safepp_pytorch/data/test/genimage/real/n02802426_10763.JPEG,0,genimage_real,genimage,root,real,seen,1.0,0,base
/ai_paas_jf/pangqs/AIGC/safepp_pytorch/data/test/genimage/real/n02802426_22.JPEG,0,genimage_real,genimage,root,real,seen,1.0,0,base
/ai_paas_jf/pangqs/AIGC/safepp_pytorch/data/test/genimage/real/n02804414_1929.JPEG,0,genimage_real,genimage,root,real,seen,1.0,0,base
/ai_paas_jf/pangqs/AIGC/safepp_pytorch/data/test/genimage/real/n02808304_15554.JPEG,0,genimage_real,genimage,root,real,seen,1.0,0,base
/ai_paas_jf/pangqs/AIGC/safepp_pytorch/data/test/genimage/real/n02808304_5502.JPEG,0,genimage_real,genimage,root,real,seen,1.0,0,base
/ai_paas_jf/pangqs/AIGC/safepp_pytorch/data/test/genimage/real/n02808440_29920.JPEG,0,genimage_real,genimage,root,real,seen,1.0,0,base
/ai_paas_jf/pangqs/AIGC/safepp_pytorch/data/test/genimage/real/n02808440_44238.JPEG,0,genimage_real,genimage,root,real,seen,1.0,0,base
/ai_paas_jf/pangqs/AIGC/safepp_pytorch/data/test/genimage/real/n02808440_71397.JPEG,0,genimage_real,genimage,root,real,seen,1.0,0,base
/ai_paas_jf/pangqs/AIGC/safepp_pytorch/data/test/genimage/real/n02814533_31323.JPEG,0,genimage_real,genimage,root,real,seen,1.0,0,base
/ai_paas_jf/pangqs/AIGC/safepp_pytorch/data/test/genimage/real/n02814860_13892.JPEG,0,genimage_real,genimage,root,real,seen,1.0,0,base
/ai_paas_jf/pangqs/AIGC/safepp_pytorch/data/test/genimage/real/n02814860_2011.JPEG,0,genimage_real,genimage,root,real,seen,1.0,0,base
/ai_paas_jf/pangqs/AIGC/safepp_pytorch/data/test/genimage/real/n02814860_37381.JPEG,0,genimage_real,genimage,root,real,seen,1.0,0,base
/ai_paas_jf/pangqs/AIGC/safepp_pytorch/data/test/genimage/real/n02814860_37409.JPEG,0,genimage_real,genimage,root,real,seen,1.0,0,base
/ai_paas_jf/pangqs/AIGC/safepp_pytorch/data/test/genimage/real/n02823750_4043.JPEG,0,genimage_real,genimage,root,real,seen,1.0,0,base
/ai_paas_jf/pangqs/AIGC/safepp_pytorch/data/test/genimage/real/n02825657_16245.JPEG,0,genimage_real,genimage,root,real,seen,1.0,0,base
/ai_paas_jf/pangqs/AIGC/safepp_pytorch/data/test/genimage/real/n02825657_4488.JPEG,0,genimage_real,genimage,root,real,seen,1.0,0,base
/ai_paas_jf/pangqs/AIGC/safepp_pytorch/data/test/genimage/real/n02837789_17869.JPEG,0,genimage_real,genimage,root,real,seen,1.0,0,base
/ai_paas_jf/pangqs/AIGC/safepp_pytorch/data/test/genimage/real/n02859443_1736.JPEG,0,genimage_real,genimage,root,real,seen,1.0,0,base
/ai_paas_jf/pangqs/AIGC/safepp_pytorch/data/test/genimage/real/n02871525_11826.JPEG,0,genimage_real,genimage,root,real,seen,1.0,0,base
/ai_paas_jf/pangqs/AIGC/safepp_pytorch/data/test/genimage/real/n02871525_26279.JPEG,0,genimage_real,genimage,root,real,seen,1.0,0,base
/ai_paas_jf/pangqs/AIGC/safepp_pytorch/data/test/genimage/real/n02879718_28868.JPEG,0,genimage_real,genimage,root,real,seen,1.0,0,base
/ai_paas_jf/pangqs/AIGC/safepp_pytorch/data/test/genimage/real/n02883205_21610.JPEG,0,genimage_real,genimage,root,real,seen,1.0,0,base
/ai_paas_jf/pangqs/AIGC/safepp_pytorch/data/test/genimage/real/n02883205_32945.JPEG,0,genimage_real,genimage,root,real,seen,1.0,0,base
/ai_paas_jf/pangqs/AIGC/safepp_pytorch/data/test/genimage/real/n02894605_2561.JPEG,0,genimage_real,genimage,root,real,seen,1.0,0,base
/ai_paas_jf/pangqs/AIGC/safepp_pytorch/data/test/genimage/real/n02894605_99406.JPEG,0,genimage_real,genimage,root,real,seen,1.0,0,base
/ai_paas_jf/pangqs/AIGC/safepp_pytorch/data/test/genimage/real/n02895154_41007.JPEG,0,genimage_real,genimage,root,real,seen,1.0,0,base
/ai_paas_jf/pangqs/AIGC/safepp_pytorch/data/test/genimage/real/n02895154_44006.JPEG,0,genimage_real,genimage,root,real,seen,1.0,0,base
/ai_paas_jf/pangqs/AIGC/safepp_pytorch/data/test/genimage/real/n02909870_47032.JPEG,0,genimage_real,genimage,root,real,seen,1.0,0,base
/ai_paas_jf/pangqs/AIGC/safepp_pytorch/data/test/genimage/real/n02910353_3422.JPEG,0,genimage_real,genimage,root,real,seen,1.0,0,base
/ai_paas_jf/pangqs/AIGC/safepp_pytorch/data/test/genimage/real/n02910353_7657.JPEG,0,genimage_real,genimage,root,real,seen,1.0,0,base
/ai_paas_jf/pangqs/AIGC/safepp_pytorch/data/test/genimage/real/n02927161_12927.JPEG,0,genimage_real,genimage,root,real,seen,1.0,0,base
/ai_paas_jf/pangqs/AIGC/safepp_pytorch/data/test/genimage/real/n02948072_4596.JPEG,0,genimage_real,genimage,root,real,seen,1.0,0,base
/ai_paas_jf/pangqs/AIGC/safepp_pytorch/data/test/genimage/real/n02950826_19130.JPEG,0,genimage_real,genimage,root,real,seen,1.0,0,base
/ai_paas_jf/pangqs/AIGC/safepp_pytorch/data/test/genimage/real/n02951358_1045.JPEG,0,genimage_real,genimage,root,real,seen,1.0,0,base
/ai_paas_jf/pangqs/AIGC/safepp_pytorch/data/test/genimage/real/n02963159_10789.JPEG,0,genimage_real,genimage,root,real,seen,1.0,0,base
/ai_paas_jf/pangqs/AIGC/safepp_pytorch/data/test/genimage/real/n02965783_2667.JPEG,0,genimage_real,genimage,root,real,seen,1.0,0,base
/ai_paas_jf/pangqs/AIGC/safepp_pytorch/data/test/genimage/real/n02965783_3972.JPEG,0,genimage_real,genimage,root,real,seen,1.0,0,base
/ai_paas_jf/pangqs/AIGC/safepp_pytorch/data/test/genimage/real/n02966193_41977.JPEG,0,genimage_real,genimage,root,real,seen,1.0,0,base
/ai_paas_jf/pangqs/AIGC/safepp_pytorch/data/test/genimage/real/n02971356_15818.JPEG,0,genimage_real,genimage,root,real,seen,1.0,0,base
/ai_paas_jf/pangqs/AIGC/safepp_pytorch/data/test/genimage/real/n02971356_18711.JPEG,0,genimage_real,genimage,root,real,seen,1.0,0,base
/ai_paas_jf/pangqs/AIGC/safepp_pytorch/data/test/genimage/real/n02971356_5857.JPEG,0,genimage_real,genimage,root,real,seen,1.0,0,base
/ai_paas_jf/pangqs/AIGC/safepp_pytorch/data/test/genimage/real/n02977058_23473.JPEG,0,genimage_real,genimage,root,real,seen,1.0,0,base
/ai_paas_jf/pangqs/AIGC/safepp_pytorch/data/test/genimage/real/n02978881_10457.JPEG,0,genimage_real,genimage,root,real,seen,1.0,0,base
/ai_paas_jf/pangqs/AIGC/safepp_pytorch/data/test/genimage/real/n02978881_47501.JPEG,0,genimage_real,genimage,root,real,seen,1.0,0,base
/ai_paas_jf/pangqs/AIGC/safepp_pytorch/data/test/genimage/real/n02981792_24594.JPEG,0,genimage_real,genimage,root,real,seen,1.0,0,base
/ai_paas_jf/pangqs/AIGC/safepp_pytorch/data/test/genimage/real/n02992211_11028.JPEG,0,genimage_real,genimage,root,real,seen,1.0,0,base
/ai_paas_jf/pangqs/AIGC/safepp_pytorch/data/test/genimage/real/n02992211_28279.JPEG,0,genimage_real,genimage,root,real,seen,1.0,0,base
/ai_paas_jf/pangqs/AIGC/safepp_pytorch/data/test/genimage/real/n02999410_11377.JPEG,0,genimage_real,genimage,root,real,seen,1.0,0,base
/ai_paas_jf/pangqs/AIGC/safepp_pytorch/data/test/genimage/real/n03000134_3515.JPEG,0,genimage_real,genimage,root,real,seen,1.0,0,base
/ai_paas_jf/pangqs/AIGC/safepp_pytorch/data/test/genimage/real/n03000684_1883.JPEG,0,genimage_real,genimage,root,real,seen,1.0,0,base
/ai_paas_jf/pangqs/AIGC/safepp_pytorch/data/test/genimage/real/n03014705_10958.JPEG,0,genimage_real,genimage,root,real,seen,1.0,0,base
/ai_paas_jf/pangqs/AIGC/safepp_pytorch/data/test/genimage/real/n03014705_1678.JPEG,0,genimage_real,genimage,root,real,seen,1.0,0,base
/ai_paas_jf/pangqs/AIGC/safepp_pytorch/data/test/genimage/real/n03016953_3879.JPEG,0,genimage_real,genimage,root,real,seen,1.0,0,base
/ai_paas_jf/pangqs/AIGC/safepp_pytorch/data/test/genimage/real/n03016953_5935.JPEG,0,genimage_real,genimage,root,real,seen,1.0,0,base
/ai_paas_jf/pangqs/AIGC/safepp_pytorch/data/test/genimage/real/n03017168_386.JPEG,0,genimage_real,genimage,root,real,seen,1.0,0,base
/ai_paas_jf/pangqs/AIGC/safepp_pytorch/data/test/genimage/real/n03028079_4320.JPEG,0,genimage_real,genimage,root,real,seen,1.0,0,base
/ai_paas_jf/pangqs/AIGC/safepp_pytorch/data/test/genimage/real/n03032252_5328.JPEG,0,genimage_real,genimage,root,real,seen,1.0,0,base
/ai_paas_jf/pangqs/AIGC/safepp_pytorch/data/test/genimage/real/n03042490_1726.JPEG,0,genimage_real,genimage,root,real,seen,1.0,0,base
/ai_paas_jf/pangqs/AIGC/safepp_pytorch/data/test/genimage/real/n03047690_21867.JPEG,0,genimage_real,genimage,root,real,seen,1.0,0,base
/ai_paas_jf/pangqs/AIGC/safepp_pytorch/data/test/genimage/real/n03063689_5020.JPEG,0,genimage_real,genimage,root,real,seen,1.0,0,base
/ai_paas_jf/pangqs/AIGC/safepp_pytorch/data/test/genimage/real/n03065424_16754.JPEG,0,genimage_real,genimage,root,real,seen,1.0,0,base
/ai_paas_jf/pangqs/AIGC/safepp_pytorch/data/test/genimage/real/n03075370_9745.JPEG,0,genimage_real,genimage,root,real,seen,1.0,0,base
/ai_paas_jf/pangqs/AIGC/safepp_pytorch/data/test/genimage/real/n03085013_15125.JPEG,0,genimage_real,genimage,root,real,seen,1.0,0,base
/ai_paas_jf/pangqs/AIGC/safepp_pytorch/data/test/genimage/real/n03089624_12403.JPEG,0,genimage_real,genimage,root,real,seen,1.0,0,base
/ai_paas_jf/pangqs/AIGC/safepp_pytorch/data/test/genimage/real/n03089624_45786.JPEG,0,genimage_real,genimage,root,real,seen,1.0,0,base
/ai_paas_jf/pangqs/AIGC/safepp_pytorch/data/test/genimage/real/n03095699_18029.JPEG,0,genimage_real,genimage,root,real,seen,1.0,0,base
/ai_paas_jf/pangqs/AIGC/safepp_pytorch/data/test/genimage/real/n03095699_28130.JPEG,0,genimage_real,genimage,root,real,seen,1.0,0,base
/ai_paas_jf/pangqs/AIGC/safepp_pytorch/data/test/genimage/real/n03100240_357.JPEG,0,genimage_real,genimage,root,real,seen,1.0,0,base
/ai_paas_jf/pangqs/AIGC/safepp_pytorch/data/test/genimage/real/n03110669_15191.JPEG,0,genimage_real,genimage,root,real,seen,1.0,0,base
/ai_paas_jf/pangqs/AIGC/safepp_pytorch/data/test/genimage/real/n03110669_72819.JPEG,0,genimage_real,genimage,root,real,seen,1.0,0,base
/ai_paas_jf/pangqs/AIGC/safepp_pytorch/data/test/genimage/real/n03110669_85157.JPEG,0,genimage_real,genimage,root,real,seen,1.0,0,base
/ai_paas_jf/pangqs/AIGC/safepp_pytorch/data/test/genimage/real/n03124043_3906.JPEG,0,genimage_real,genimage,root,real,seen,1.0,0,base
/ai_paas_jf/pangqs/AIGC/safepp_pytorch/data/test/genimage/real/n03124170_12528.JPEG,0,genimage_real,genimage,root,real,seen,1.0,0,base
/ai_paas_jf/pangqs/AIGC/safepp_pytorch/data/test/genimage/real/n03125729_14188.JPEG,0,genimage_real,genimage,root,real,seen,1.0,0,base
/ai_paas_jf/pangqs/AIGC/safepp_pytorch/data/test/genimage/real/n03125729_5564.JPEG,0,genimage_real,genimage,root,real,seen,1.0,0,base
/ai_paas_jf/pangqs/AIGC/safepp_pytorch/data/test/genimage/real/n03126707_22527.JPEG,0,genimage_real,genimage,root,real,seen,1.0,0,base
/ai_paas_jf/pangqs/AIGC/safepp_pytorch/data/test/genimage/real/n03126707_4512.JPEG,0,genimage_real,genimage,root,real,seen,1.0,0,base
/ai_paas_jf/pangqs/AIGC/safepp_pytorch/data/test/genimage/real/n03127747_4361.JPEG,0,genimage_real,genimage,root,real,seen,1.0,0,base
/ai_paas_jf/pangqs/AIGC/safepp_pytorch/data/test/genimage/real/n03127747_7303.JPEG,0,genimage_real,genimage,root,real,seen,1.0,0,base
/ai_paas_jf/pangqs/AIGC/safepp_pytorch/data/test/genimage/real/n03127925_25262.JPEG,0,genimage_real,genimage,root,real,seen,1.0,0,base
/ai_paas_jf/pangqs/AIGC/safepp_pytorch/data/test/genimage/real/n03133878_3081.JPEG,0,genimage_real,genimage,root,real,seen,1.0,0,base
/ai_paas_jf/pangqs/AIGC/safepp_pytorch/data/test/genimage/real/n03141823_10535.JPEG,0,genimage_real,genimage,root,real,seen,1.0,0,base
/ai_paas_jf/pangqs/AIGC/safepp_pytorch/data/test/genimage/real/n03141823_1770.JPEG,0,genimage_real,genimage,root,real,seen,1.0,0,base
/ai_paas_jf/pangqs/AIGC/safepp_pytorch/data/test/genimage/real/n03160309_51994.JPEG,0,genimage_real,genimage,root,real,seen,1.0,0,base
/ai_paas_jf/pangqs/AIGC/safepp_pytorch/data/test/genimage/real/n03180011_8742.JPEG,0,genimage_real,genimage,root,real,seen,1.0,0,base
/ai_paas_jf/pangqs/AIGC/safepp_pytorch/data/test/genimage/real/n03187595_25845.JPEG,0,genimage_real,genimage,root,real,seen,1.0,0,base
/ai_paas_jf/pangqs/AIGC/safepp_pytorch/data/test/genimage/real/n03187595_7081.JPEG,0,genimage_real,genimage,root,real,seen,1.0,0,base
/ai_paas_jf/pangqs/AIGC/safepp_pytorch/data/test/genimage/real/n03188531_6038.JPEG,0,genimage_real,genimage,root,real,seen,1.0,0,base
/ai_paas_jf/pangqs/AIGC/safepp_pytorch/data/test/genimage/real/n03197337_1955.JPEG,0,genimage_real,genimage,root,real,seen,1.0,0,base
/ai_paas_jf/pangqs/AIGC/safepp_pytorch/data/test/genimage/real/n03201208_15169.JPEG,0,genimage_real,genimage,root,real,seen,1.0,0,base
/ai_paas_jf/pangqs/AIGC/safepp_pytorch/data/test/genimage/real/n03207941_17768.JPEG,0,genimage_real,genimage,root,real,seen,1.0,0,base
/ai_paas_jf/pangqs/AIGC/safepp_pytorch/data/test/genimage/real/n03208938_12742.JPEG,0,genimage_real,genimage,root,real,seen,1.0,0,base
/ai_paas_jf/pangqs/AIGC/safepp_pytorch/data/test/genimage/real/n03208938_28036.JPEG,0,genimage_real,genimage,root,real,seen,1.0,0,base
/ai_paas_jf/pangqs/AIGC/safepp_pytorch/data/test/genimage/real/n03216828_34701.JPEG,0,genimage_real,genimage,root,real,seen,1.0,0,base
/ai_paas_jf/pangqs/AIGC/safepp_pytorch/data/test/genimage/real/n03216828_46783.JPEG,0,genimage_real,genimage,root,real,seen,1.0,0,base
/ai_paas_jf/pangqs/AIGC/safepp_pytorch/data/test/genimage/real/n03240683_13950.JPEG,0,genimage_real,genimage,root,real,seen,1.0,0,base
/ai_paas_jf/pangqs/AIGC/safepp_pytorch/data/test/genimage/real/n03240683_3702.JPEG,0,genimage_real,genimage,root,real,seen,1.0,0,base
/ai_paas_jf/pangqs/AIGC/safepp_pytorch/data/test/genimage/real/n03249569_45468.JPEG,0,genimage_real,genimage,root,real,seen,1.0,0,base
/ai_paas_jf/pangqs/AIGC/safepp_pytorch/data/test/genimage/real/n03250847_5315.JPEG,0,genimage_real,genimage,root,real,seen,1.0,0,base
/ai_paas_jf/pangqs/AIGC/safepp_pytorch/data/test/genimage/real/n03259280_2740.JPEG,0,genimage_real,genimage,root,real,seen,1.0,0,base
/ai_paas_jf/pangqs/AIGC/safepp_pytorch/data/test/genimage/real/n03271574_2512.JPEG,0,genimage_real,genimage,root,real,seen,1.0,0,base
/ai_paas_jf/pangqs/AIGC/safepp_pytorch/data/test/genimage/real/n03271574_3659.JPEG,0,genimage_real,genimage,root,real,seen,1.0,0,base
/ai_paas_jf/pangqs/AIGC/safepp_pytorch/data/test/genimage/real/n03271574_6342.JPEG,0,genimage_real,genimage,root,real,seen,1.0,0,base
/ai_paas_jf/pangqs/AIGC/safepp_pytorch/data/test/genimage/real/n03271574_8067.JPEG,0,genimage_real,genimage,root,real,seen,1.0,0,base
/ai_paas_jf/pangqs/AIGC/safepp_pytorch/data/test/genimage/real/n03272562_8859.JPEG,0,genimage_real,genimage,root,real,seen,1.0,0,base
/ai_paas_jf/pangqs/AIGC/safepp_pytorch/data/test/genimage/real/n03290653_11853.JPEG,0,genimage_real,genimage,root,real,seen,1.0,0,base
/ai_paas_jf/pangqs/AIGC/safepp_pytorch/data/test/genimage/real/n03291819_37778.JPEG,0,genimage_real,genimage,root,real,seen,1.0,0,base
/ai_paas_jf/pangqs/AIGC/safepp_pytorch/data/test/genimage/real/n03291819_99978.JPEG,0,genimage_real,genimage,root,real,seen,1.0,0,base
/ai_paas_jf/pangqs/AIGC/safepp_pytorch/data/test/genimage/real/n03314780_381.JPEG,0,genimage_real,genimage,root,real,seen,1.0,0,base
/ai_paas_jf/pangqs/AIGC/safepp_pytorch/data/test/genimage/real/n03337140_101010.JPEG,0,genimage_real,genimage,root,real,seen,1.0,0,base
/ai_paas_jf/pangqs/AIGC/safepp_pytorch/data/test/genimage/real/n03344393_2846.JPEG,0,genimage_real,genimage,root,real,seen,1.0,0,base
/ai_paas_jf/pangqs/AIGC/safepp_pytorch/data/test/genimage/real/n03344393_9712.JPEG,0,genimage_real,genimage,root,real,seen,1.0,0,base
/ai_paas_jf/pangqs/AIGC/safepp_pytorch/data/test/genimage/real/n03347037_15790.JPEG,0,genimage_real,genimage,root,real,seen,1.0,0,base
/ai_paas_jf/pangqs/AIGC/safepp_pytorch/data/test/genimage/real/n03347037_25969.JPEG,0,genimage_real,genimage,root,real,seen,1.0,0,base
/ai_paas_jf/pangqs/AIGC/safepp_pytorch/data/test/genimage/real/n03347037_3817.JPEG,0,genimage_real,genimage,root,real,seen,1.0,0,base
/ai_paas_jf/pangqs/AIGC/safepp_pytorch/data/test/genimage/real/n03372029_40520.JPEG,0,genimage_real,genimage,root,real,seen,1.0,0,base
/ai_paas_jf/pangqs/AIGC/safepp_pytorch/data/test/genimage/real/n03384352_5.JPEG,0,genimage_real,genimage,root,real,seen,1.0,0,base
/ai_paas_jf/pangqs/AIGC/safepp_pytorch/data/test/genimage/real/n03388043_19781.JPEG,0,genimage_real,genimage,root,real,seen,1.0,0,base
/ai_paas_jf/pangqs/AIGC/safepp_pytorch/data/test/genimage/real/n03388183_6396.JPEG,0,genimage_real,genimage,root,real,seen,1.0,0,base
/ai_paas_jf/pangqs/AIGC/safepp_pytorch/data/test/genimage/real/n03388549_85.JPEG,0,genimage_real,genimage,root,real,seen,1.0,0,base
/ai_paas_jf/pangqs/AIGC/safepp_pytorch/data/test/genimage/real/n03393912_2115.JPEG,0,genimage_real,genimage,root,real,seen,1.0,0,base
/ai_paas_jf/pangqs/AIGC/safepp_pytorch/data/test/genimage/real/n03393912_6535.JPEG,0,genimage_real,genimage,root,real,seen,1.0,0,base
/ai_paas_jf/pangqs/AIGC/safepp_pytorch/data/test/genimage/real/n03393912_7600.JPEG,0,genimage_real,genimage,root,real,seen,1.0,0,base
/ai_paas_jf/pangqs/AIGC/safepp_pytorch/data/test/genimage/real/n03393912_8634.JPEG,0,genimage_real,genimage,root,real,seen,1.0,0,base
/ai_paas_jf/pangqs/AIGC/safepp_pytorch/data/test/genimage/real/n03394916_43734.JPEG,0,genimage_real,genimage,root,real,seen,1.0,0,base
/ai_paas_jf/pangqs/AIGC/safepp_pytorch/data/test/genimage/real/n03400231_580.JPEG,0,genimage_real,genimage,root,real,seen,1.0,0,base
/ai_paas_jf/pangqs/AIGC/safepp_pytorch/data/test/genimage/real/n03404251_20052.JPEG,0,genimage_real,genimage,root,real,seen,1.0,0,base
/ai_paas_jf/pangqs/AIGC/safepp_pytorch/data/test/genimage/real/n03417042_22513.JPEG,0,genimage_real,genimage,root,real,seen,1.0,0,base
/ai_paas_jf/pangqs/AIGC/safepp_pytorch/data/test/genimage/real/n03424325_2364.JPEG,0,genimage_real,genimage,root,real,seen,1.0,0,base
/ai_paas_jf/pangqs/AIGC/safepp_pytorch/data/test/genimage/real/n03425413_10792.JPEG,0,genimage_real,genimage,root,real,seen,1.0,0,base
/ai_paas_jf/pangqs/AIGC/safepp_pytorch/data/test/genimage/real/n03425413_12763.JPEG,0,genimage_real,genimage,root,real,seen,1.0,0,base
/ai_paas_jf/pangqs/AIGC/safepp_pytorch/data/test/genimage/real/n03443371_1343.JPEG,0,genimage_real,genimage,root,real,seen,1.0,0,base
/ai_paas_jf/pangqs/AIGC/safepp_pytorch/data/test/genimage/real/n03443371_24601.JPEG,0,genimage_real,genimage,root,real,seen,1.0,0,base
/ai_paas_jf/pangqs/AIGC/safepp_pytorch/data/test/genimage/real/n03444034_3290.JPEG,0,genimage_real,genimage,root,real,seen,1.0,0,base
/ai_paas_jf/pangqs/AIGC/safepp_pytorch/data/test/genimage/real/n03445777_1169.JPEG,0,genimage_real,genimage,root,real,seen,1.0,0,base
/ai_paas_jf/pangqs/AIGC/safepp_pytorch/data/test/genimage/real/n03447447_1025.JPEG,0,genimage_real,genimage,root,real,seen,1.0,0,base
/ai_paas_jf/pangqs/AIGC/safepp_pytorch/data/test/genimage/real/n03447447_5072.JPEG,0,genimage_real,genimage,root,real,seen,1.0,0,base
/ai_paas_jf/pangqs/AIGC/safepp_pytorch/data/test/genimage/real/n03447721_17474.JPEG,0,genimage_real,genimage,root,real,seen,1.0,0,base
/ai_paas_jf/pangqs/AIGC/safepp_pytorch/data/test/genimage/real/n03452741_8677.JPEG,0,genimage_real,genimage,root,real,seen,1.0,0,base
/ai_paas_jf/pangqs/AIGC/safepp_pytorch/data/test/genimage/real/n03457902_13855.JPEG,0,genimage_real,genimage,root,real,seen,1.0,0,base
/ai_paas_jf/pangqs/AIGC/safepp_pytorch/data/test/genimage/real/n03457902_24189.JPEG,0,genimage_real,genimage,root,real,seen,1.0,0,base
/ai_paas_jf/pangqs/AIGC/safepp_pytorch/data/test/genimage/real/n03457902_28333.JPEG,0,genimage_real,genimage,root,real,seen,1.0,0,base
/ai_paas_jf/pangqs/AIGC/safepp_pytorch/data/test/genimage/real/n03461385_27438.JPEG,0,genimage_real,genimage,root,real,seen,1.0,0,base
/ai_paas_jf/pangqs/AIGC/safepp_pytorch/data/test/genimage/real/n03467068_10648.JPEG,0,genimage_real,genimage,root,real,seen,1.0,0,base
/ai_paas_jf/pangqs/AIGC/safepp_pytorch/data/test/genimage/real/n03467068_15187.JPEG,0,genimage_real,genimage,root,real,seen,1.0,0,base
/ai_paas_jf/pangqs/AIGC/safepp_pytorch/data/test/genimage/real/n03476684_18869.JPEG,0,genimage_real,genimage,root,real,seen,1.0,0,base
/ai_paas_jf/pangqs/AIGC/safepp_pytorch/data/test/genimage/real/n03476991_20794.JPEG,0,genimage_real,genimage,root,real,seen,1.0,0,base
/ai_paas_jf/pangqs/AIGC/safepp_pytorch/data/test/genimage/real/n03478589_14665.JPEG,0,genimage_real,genimage,root,real,seen,1.0,0,base
/ai_paas_jf/pangqs/AIGC/safepp_pytorch/data/test/genimage/real/n03478589_15774.JPEG,0,genimage_real,genimage,root,real,seen,1.0,0,base
/ai_paas_jf/pangqs/AIGC/safepp_pytorch/data/test/genimage/real/n03481172_18010.JPEG,0,genimage_real,genimage,root,real,seen,1.0,0,base
/ai_paas_jf/pangqs/AIGC/safepp_pytorch/data/test/genimage/real/n03481172_36626.JPEG,0,genimage_real,genimage,root,real,seen,1.0,0,base
/ai_paas_jf/pangqs/AIGC/safepp_pytorch/data/test/genimage/real/n03483316_10148.JPEG,0,genimage_real,genimage,root,real,seen,1.0,0,base
/ai_paas_jf/pangqs/AIGC/safepp_pytorch/data/test/genimage/real/n03483316_34787.JPEG,0,genimage_real,genimage,root,real,seen,1.0,0,base
/ai_paas_jf/pangqs/AIGC/safepp_pytorch/data/test/genimage/real/n03485407_3187.JPEG,0,genimage_real,genimage,root,real,seen,1.0,0,base
/ai_paas_jf/pangqs/AIGC/safepp_pytorch/data/test/genimage/real/n03485407_7723.JPEG,0,genimage_real,genimage,root,real,seen,1.0,0,base
/ai_paas_jf/pangqs/AIGC/safepp_pytorch/data/test/genimage/real/n03492542_30353.JPEG,0,genimage_real,genimage,root,real,seen,1.0,0,base
/ai_paas_jf/pangqs/AIGC/safepp_pytorch/data/test/genimage/real/n03494278_31854.JPEG,0,genimage_real,genimage,root,real,seen,1.0,0,base
/ai_paas_jf/pangqs/AIGC/safepp_pytorch/data/test/genimage/real/n03496892_17234.JPEG,0,genimage_real,genimage,root,real,seen,1.0,0,base
/ai_paas_jf/pangqs/AIGC/safepp_pytorch/data/test/genimage/real/n03496892_20731.JPEG,0,genimage_real,genimage,root,real,seen,1.0,0,base
/ai_paas_jf/pangqs/AIGC/safepp_pytorch/data/test/genimage/real/n03529860_16799.JPEG,0,genimage_real,genimage,root,real,seen,1.0,0,base
/ai_paas_jf/pangqs/AIGC/safepp_pytorch/data/test/genimage/real/n03530642_34902.JPEG,0,genimage_real,genimage,root,real,seen,1.0,0,base
/ai_paas_jf/pangqs/AIGC/safepp_pytorch/data/test/genimage/real/n03530642_8427.JPEG,0,genimage_real,genimage,root,real,seen,1.0,0,base
/ai_paas_jf/pangqs/AIGC/safepp_pytorch/data/test/genimage/real/n03532672_6832.JPEG,0,genimage_real,genimage,root,real,seen,1.0,0,base
/ai_paas_jf/pangqs/AIGC/safepp_pytorch/data/test/genimage/real/n03535780_10221.JPEG,0,genimage_real,genimage,root,real,seen,1.0,0,base
/ai_paas_jf/pangqs/AIGC/safepp_pytorch/data/test/genimage/real/n03535780_4149.JPEG,0,genimage_real,genimage,root,real,seen,1.0,0,base
/ai_paas_jf/pangqs/AIGC/safepp_pytorch/data/test/genimage/real/n03535780_9963.JPEG,0,genimage_real,genimage,root,real,seen,1.0,0,base
/ai_paas_jf/pangqs/AIGC/safepp_pytorch/data/test/genimage/real/n03584254_6108.JPEG,0,genimage_real,genimage,root,real,seen,1.0,0,base
/ai_paas_jf/pangqs/AIGC/safepp_pytorch/data/test/genimage/real/n03584829_333.JPEG,0,genimage_real,genimage,root,real,seen,1.0,0,base
/ai_paas_jf/pangqs/AIGC/safepp_pytorch/data/test/genimage/real/n03584829_5432.JPEG,0,genimage_real,genimage,root,real,seen,1.0,0,base
/ai_paas_jf/pangqs/AIGC/safepp_pytorch/data/test/genimage/real/n03594945_12697.JPEG,0,genimage_real,genimage,root,real,seen,1.0,0,base
/ai_paas_jf/pangqs/AIGC/safepp_pytorch/data/test/genimage/real/n03594945_4222.JPEG,0,genimage_real,genimage,root,real,seen,1.0,0,base
/ai_paas_jf/pangqs/AIGC/safepp_pytorch/data/test/genimage/real/n03595614_17265.JPEG,0,genimage_real,genimage,root,real,seen,1.0,0,base
/ai_paas_jf/pangqs/AIGC/safepp_pytorch/data/test/genimage/real/n03599486_33815.JPEG,0,genimage_real,genimage,root,real,seen,1.0,0,base
/ai_paas_jf/pangqs/AIGC/safepp_pytorch/data/test/genimage/real/n03602883_15785.JPEG,0,genimage_real,genimage,root,real,seen,1.0,0,base
/ai_paas_jf/pangqs/AIGC/safepp_pytorch/data/test/genimage/real/n03602883_364.JPEG,0,genimage_real,genimage,root,real,seen,1.0,0,base
/ai_paas_jf/pangqs/AIGC/safepp_pytorch/data/test/genimage/real/n03617480_12465.JPEG,0,genimage_real,genimage,root,real,seen,1.0,0,base
/ai_paas_jf/pangqs/AIGC/safepp_pytorch/data/test/genimage/real/n03617480_3259.JPEG,0,genimage_real,genimage,root,real,seen,1.0,0,base
/ai_paas_jf/pangqs/AIGC/safepp_pytorch/data/test/genimage/real/n03623198_12833.JPEG,0,genimage_real,genimage,root,real,seen,1.0,0,base
/ai_paas_jf/pangqs/AIGC/safepp_pytorch/data/test/genimage/real/n03627232_32237.JPEG,0,genimage_real,genimage,root,real,seen,1.0,0,base
/ai_paas_jf/pangqs/AIGC/safepp_pytorch/data/test/genimage/real/n03633091_12464.JPEG,0,genimage_real,genimage,root,real,seen,1.0,0,base
/ai_paas_jf/pangqs/AIGC/safepp_pytorch/data/test/genimage/real/n03642806_17462.JPEG,0,genimage_real,genimage,root,real,seen,1.0,0,base
/ai_paas_jf/pangqs/AIGC/safepp_pytorch/data/test/genimage/real/n03642806_284.JPEG,0,genimage_real,genimage,root,real,seen,1.0,0,base
/ai_paas_jf/pangqs/AIGC/safepp_pytorch/data/test/genimage/real/n03657121_1497.JPEG,0,genimage_real,genimage,root,real,seen,1.0,0,base
/ai_paas_jf/pangqs/AIGC/safepp_pytorch/data/test/genimage/real/n03657121_15270.JPEG,0,genimage_real,genimage,root,real,seen,1.0,0,base
/ai_paas_jf/pangqs/AIGC/safepp_pytorch/data/test/genimage/real/n03661043_13079.JPEG,0,genimage_real,genimage,root,real,seen,1.0,0,base
/ai_paas_jf/pangqs/AIGC/safepp_pytorch/data/test/genimage/real/n03662601_10049.JPEG,0,genimage_real,genimage,root,real,seen,1.0,0,base
/ai_paas_jf/pangqs/AIGC/safepp_pytorch/data/test/genimage/real/n03666591_15197.JPEG,0,genimage_real,genimage,root,real,seen,1.0,0,base
/ai_paas_jf/pangqs/AIGC/safepp_pytorch/data/test/genimage/real/n03670208_24465.JPEG,0,genimage_real,genimage,root,real,seen,1.0,0,base
/ai_paas_jf/pangqs/AIGC/safepp_pytorch/data/test/genimage/real/n03670208_8591.JPEG,0,genimage_real,genimage,root,real,seen,1.0,0,base
/ai_paas_jf/pangqs/AIGC/safepp_pytorch/data/test/genimage/real/n03673027_11277.JPEG,0,genimage_real,genimage,root,real,seen,1.0,0,base
/ai_paas_jf/pangqs/AIGC/safepp_pytorch/data/test/genimage/real/n03673027_14885.JPEG,0,genimage_real,genimage,root,real,seen,1.0,0,base
/ai_paas_jf/pangqs/AIGC/safepp_pytorch/data/test/genimage/real/n03676483_23699.JPEG,0,genimage_real,genimage,root,real,seen,1.0,0,base
/ai_paas_jf/pangqs/AIGC/safepp_pytorch/data/test/genimage/real/n03676483_44535.JPEG,0,genimage_real,genimage,root,real,seen,1.0,0,base
/ai_paas_jf/pangqs/AIGC/safepp_pytorch/data/test/genimage/real/n03690938_11217.JPEG,0,genimage_real,genimage,root,real,seen,1.0,0,base
/ai_paas_jf/pangqs/AIGC/safepp_pytorch/data/test/genimage/real/n03690938_18862.JPEG,0,genimage_real,genimage,root,real,seen,1.0,0,base
/ai_paas_jf/pangqs/AIGC/safepp_pytorch/data/test/genimage/real/n03690938_22786.JPEG,0,genimage_real,genimage,root,real,seen,1.0,0,base
/ai_paas_jf/pangqs/AIGC/safepp_pytorch/data/test/genimage/real/n03690938_8193.JPEG,0,genimage_real,genimage,root,real,seen,1.0,0,base
/ai_paas_jf/pangqs/AIGC/safepp_pytorch/data/test/genimage/real/n03692522_16361.JPEG,0,genimage_real,genimage,root,real,seen,1.0,0,base
/ai_paas_jf/pangqs/AIGC/safepp_pytorch/data/test/genimage/real/n03697007_11044.JPEG,0,genimage_real,genimage,root,real,seen,1.0,0,base
/ai_paas_jf/pangqs/AIGC/safepp_pytorch/data/test/genimage/real/n03697007_14160.JPEG,0,genimage_real,genimage,root,real,seen,1.0,0,base
/ai_paas_jf/pangqs/AIGC/safepp_pytorch/data/test/genimage/real/n03706229_588.JPEG,0,genimage_real,genimage,root,real,seen,1.0,0,base
/ai_paas_jf/pangqs/AIGC/safepp_pytorch/data/test/genimage/real/n03706229_9177.JPEG,0,genimage_real,genimage,root,real,seen,1.0,0,base
/ai_paas_jf/pangqs/AIGC/safepp_pytorch/data/test/genimage/real/n03710637_4912.JPEG,0,genimage_real,genimage,root,real,seen,1.0,0,base
/ai_paas_jf/pangqs/AIGC/safepp_pytorch/data/test/genimage/real/n03717622_1414.JPEG,0,genimage_real,genimage,root,real,seen,1.0,0,base
/ai_paas_jf/pangqs/AIGC/safepp_pytorch/data/test/genimage/real/n03717622_5037.JPEG,0,genimage_real,genimage,root,real,seen,1.0,0,base
/ai_paas_jf/pangqs/AIGC/safepp_pytorch/data/test/genimage/real/n03717622_9814.JPEG,0,genimage_real,genimage,root,real,seen,1.0,0,base
/ai_paas_jf/pangqs/AIGC/safepp_pytorch/data/test/genimage/real/n03720891_1563.JPEG,0,genimage_real,genimage,root,real,seen,1.0,0,base
/ai_paas_jf/pangqs/AIGC/safepp_pytorch/data/test/genimage/real/n03720891_1832.JPEG,0,genimage_real,genimage,root,real,seen,1.0,0,base
/ai_paas_jf/pangqs/AIGC/safepp_pytorch/data/test/genimage/real/n03721384_7498.JPEG,0,genimage_real,genimage,root,real,seen,1.0,0,base
/ai_paas_jf/pangqs/AIGC/safepp_pytorch/data/test/genimage/real/n03724870_11444.JPEG,0,genimage_real,genimage,root,real,seen,1.0,0,base
/ai_paas_jf/pangqs/AIGC/safepp_pytorch/data/test/genimage/real/n03733131_3801.JPEG,0,genimage_real,genimage,root,real,seen,1.0,0,base
/ai_paas_jf/pangqs/AIGC/safepp_pytorch/data/test/genimage/real/n03733281_11093.JPEG,0,genimage_real,genimage,root,real,seen,1.0,0,base
/ai_paas_jf/pangqs/AIGC/safepp_pytorch/data/test/genimage/real/n03733281_2717.JPEG,0,genimage_real,genimage,root,real,seen,1.0,0,base
/ai_paas_jf/pangqs/AIGC/safepp_pytorch/data/test/genimage/real/n03733805_8757.JPEG,0,genimage_real,genimage,root,real,seen,1.0,0,base
/ai_paas_jf/pangqs/AIGC/safepp_pytorch/data/test/genimage/real/n03742115_16887.JPEG,0,genimage_real,genimage,root,real,seen,1.0,0,base
/ai_paas_jf/pangqs/AIGC/safepp_pytorch/data/test/genimage/real/n03742115_5911.JPEG,0,genimage_real,genimage,root,real,seen,1.0,0,base
/ai_paas_jf/pangqs/AIGC/safepp_pytorch/data/test/genimage/real/n03743016_10817.JPEG,0,genimage_real,genimage,root,real,seen,1.0,0,base
/ai_paas_jf/pangqs/AIGC/safepp_pytorch/data/test/genimage/real/n03743016_14358.JPEG,0,genimage_real,genimage,root,real,seen,1.0,0,base
/ai_paas_jf/pangqs/AIGC/safepp_pytorch/data/test/genimage/real/n03743016_8372.JPEG,0,genimage_real,genimage,root,real,seen,1.0,0,base
/ai_paas_jf/pangqs/AIGC/safepp_pytorch/data/test/genimage/real/n03761084_18131.JPEG,0,genimage_real,genimage,root,real,seen,1.0,0,base
/ai_paas_jf/pangqs/AIGC/safepp_pytorch/data/test/genimage/real/n03763968_5985.JPEG,0,genimage_real,genimage,root,real,seen,1.0,0,base
/ai_paas_jf/pangqs/AIGC/safepp_pytorch/data/test/genimage/real/n03764736_15722.JPEG,0,genimage_real,genimage,root,real,seen,1.0,0,base
/ai_paas_jf/pangqs/AIGC/safepp_pytorch/data/test/genimage/real/n03764736_8841.JPEG,0,genimage_real,genimage,root,real,seen,1.0,0,base
/ai_paas_jf/pangqs/AIGC/safepp_pytorch/data/test/genimage/real/n03769881_5795.JPEG,0,genimage_real,genimage,root,real,seen,1.0,0,base
/ai_paas_jf/pangqs/AIGC/safepp_pytorch/data/test/genimage/real/n03770679_31445.JPEG,0,genimage_real,genimage,root,real,seen,1.0,0,base
/ai_paas_jf/pangqs/AIGC/safepp_pytorch/data/test/genimage/real/n03770679_9885.JPEG,0,genimage_real,genimage,root,real,seen,1.0,0,base
/ai_paas_jf/pangqs/AIGC/safepp_pytorch/data/test/genimage/real/n03773504_11451.JPEG,0,genimage_real,genimage,root,real,seen,1.0,0,base
/ai_paas_jf/pangqs/AIGC/safepp_pytorch/data/test/genimage/real/n03775071_8279.JPEG,0,genimage_real,genimage,root,real,seen,1.0,0,base
/ai_paas_jf/pangqs/AIGC/safepp_pytorch/data/test/genimage/real/n03775546_2566.JPEG,0,genimage_real,genimage,root,real,seen,1.0,0,base
/ai_paas_jf/pangqs/AIGC/safepp_pytorch/data/test/genimage/real/n03775546_3161.JPEG,0,genimage_real,genimage,root,real,seen,1.0,0,base
/ai_paas_jf/pangqs/AIGC/safepp_pytorch/data/test/genimage/real/n03776460_13758.JPEG,0,genimage_real,genimage,root,real,seen,1.0,0,base
/ai_paas_jf/pangqs/AIGC/safepp_pytorch/data/test/genimage/real/n03785016_12802.JPEG,0,genimage_real,genimage,root,real,seen,1.0,0,base
/ai_paas_jf/pangqs/AIGC/safepp_pytorch/data/test/genimage/real/n03785016_44231.JPEG,0,genimage_real,genimage,root,real,seen,1.0,0,base
/ai_paas_jf/pangqs/AIGC/safepp_pytorch/data/test/genimage/real/n03785016_9083.JPEG,0,genimage_real,genimage,root,real,seen,1.0,0,base
/ai_paas_jf/pangqs/AIGC/safepp_pytorch/data/test/genimage/real/n03787032_5039.JPEG,0,genimage_real,genimage,root,real,seen,1.0,0,base
/ai_paas_jf/pangqs/AIGC/safepp_pytorch/data/test/genimage/real/n03788195_17087.JPEG,0,genimage_real,genimage,root,real,seen,1.0,0,base
/ai_paas_jf/pangqs/AIGC/safepp_pytorch/data/test/genimage/real/n03788195_38531.JPEG,0,genimage_real,genimage,root,real,seen,1.0,0,base
/ai_paas_jf/pangqs/AIGC/safepp_pytorch/data/test/genimage/real/n03791053_31569.JPEG,0,genimage_real,genimage,root,real,seen,1.0,0,base
/ai_paas_jf/pangqs/AIGC/safepp_pytorch/data/test/genimage/real/n03792972_3370.JPEG,0,genimage_real,genimage,root,real,seen,1.0,0,base
/ai_paas_jf/pangqs/AIGC/safepp_pytorch/data/test/genimage/real/n03792972_6361.JPEG,0,genimage_real,genimage,root,real,seen,1.0,0,base
/ai_paas_jf/pangqs/AIGC/safepp_pytorch/data/test/genimage/real/n03793489_7420.JPEG,0,genimage_real,genimage,root,real,seen,1.0,0,base
/ai_paas_jf/pangqs/AIGC/safepp_pytorch/data/test/genimage/real/n03794056_28744.JPEG,0,genimage_real,genimage,root,real,seen,1.0,0,base
/ai_paas_jf/pangqs/AIGC/safepp_pytorch/data/test/genimage/real/n03796401_10733.JPEG,0,genimage_real,genimage,root,real,seen,1.0,0,base
/ai_paas_jf/pangqs/AIGC/safepp_pytorch/data/test/genimage/real/n03796401_21555.JPEG,0,genimage_real,genimage,root,real,seen,1.0,0,base
/ai_paas_jf/pangqs/AIGC/safepp_pytorch/data/test/genimage/real/n03803284_6450.JPEG,0,genimage_real,genimage,root,real,seen,1.0,0,base
/ai_paas_jf/pangqs/AIGC/safepp_pytorch/data/test/genimage/real/n03804744_15112.JPEG,0,genimage_real,genimage,root,real,seen,1.0,0,base
/ai_paas_jf/pangqs/AIGC/safepp_pytorch/data/test/genimage/real/n03814639_439.JPEG,0,genimage_real,genimage,root,real,seen,1.0,0,base
/ai_paas_jf/pangqs/AIGC/safepp_pytorch/data/test/genimage/real/n03814639_4998.JPEG,0,genimage_real,genimage,root,real,seen,1.0,0,base
/ai_paas_jf/pangqs/AIGC/safepp_pytorch/data/test/genimage/real/n03814906_38568.JPEG,0,genimage_real,genimage,root,real,seen,1.0,0,base
/ai_paas_jf/pangqs/AIGC/safepp_pytorch/data/test/genimage/real/n03825788_23738.JPEG,0,genimage_real,genimage,root,real,seen,1.0,0,base
/ai_paas_jf/pangqs/AIGC/safepp_pytorch/data/test/genimage/real/n03825788_53176.JPEG,0,genimage_real,genimage,root,real,seen,1.0,0,base
/ai_paas_jf/pangqs/AIGC/safepp_pytorch/data/test/genimage/real/n03832673_11698.JPEG,0,genimage_real,genimage,root,real,seen,1.0,0,base
/ai_paas_jf/pangqs/AIGC/safepp_pytorch/data/test/genimage/real/n03837869_5378.JPEG,0,genimage_real,genimage,root,real,seen,1.0,0,base
/ai_paas_jf/pangqs/AIGC/safepp_pytorch/data/test/genimage/real/n03837869_6245.JPEG,0,genimage_real,genimage,root,real,seen,1.0,0,base
/ai_paas_jf/pangqs/AIGC/safepp_pytorch/data/test/genimage/real/n03837869_902.JPEG,0,genimage_real,genimage,root,real,seen,1.0,0,base
/ai_paas_jf/pangqs/AIGC/safepp_pytorch/data/test/genimage/real/n03838899_33156.JPEG,0,genimage_real,genimage,root,real,seen,1.0,0,base
/ai_paas_jf/pangqs/AIGC/safepp_pytorch/data/test/genimage/real/n03840681_12867.JPEG,0,genimage_real,genimage,root,real,seen,1.0,0,base
/ai_paas_jf/pangqs/AIGC/safepp_pytorch/data/test/genimage/real/n03840681_4374.JPEG,0,genimage_real,genimage,root,real,seen,1.0,0,base
/ai_paas_jf/pangqs/AIGC/safepp_pytorch/data/test/genimage/real/n03841143_24877.JPEG,0,genimage_real,genimage,root,real,seen,1.0,0,base
/ai_paas_jf/pangqs/AIGC/safepp_pytorch/data/test/genimage/real/n03843555_1409.JPEG,0,genimage_real,genimage,root,real,seen,1.0,0,base
/ai_paas_jf/pangqs/AIGC/safepp_pytorch/data/test/genimage/real/n03843555_3369.JPEG,0,genimage_real,genimage,root,real,seen,1.0,0,base
/ai_paas_jf/pangqs/AIGC/safepp_pytorch/data/test/genimage/real/n03866082_10155.JPEG,0,genimage_real,genimage,root,real,seen,1.0,0,base
/ai_paas_jf/pangqs/AIGC/safepp_pytorch/data/test/genimage/real/n03868242_1457.JPEG,0,genimage_real,genimage,root,real,seen,1.0,0,base
/ai_paas_jf/pangqs/AIGC/safepp_pytorch/data/test/genimage/real/n03868863_16370.JPEG,0,genimage_real,genimage,root,real,seen,1.0,0,base
/ai_paas_jf/pangqs/AIGC/safepp_pytorch/data/test/genimage/real/n03873416_13841.JPEG,0,genimage_real,genimage,root,real,seen,1.0,0,base
/ai_paas_jf/pangqs/AIGC/safepp_pytorch/data/test/genimage/real/n03874293_11543.JPEG,0,genimage_real,genimage,root,real,seen,1.0,0,base
/ai_paas_jf/pangqs/AIGC/safepp_pytorch/data/test/genimage/real/n03874293_28868.JPEG,0,genimage_real,genimage,root,real,seen,1.0,0,base
/ai_paas_jf/pangqs/AIGC/safepp_pytorch/data/test/genimage/real/n03876231_386.JPEG,0,genimage_real,genimage,root,real,seen,1.0,0,base
/ai_paas_jf/pangqs/AIGC/safepp_pytorch/data/test/genimage/real/n03876231_9897.JPEG,0,genimage_real,genimage,root,real,seen,1.0,0,base
/ai_paas_jf/pangqs/AIGC/safepp_pytorch/data/test/genimage/real/n03888257_4561.JPEG,0,genimage_real,genimage,root,real,seen,1.0,0,base
/ai_paas_jf/pangqs/AIGC/safepp_pytorch/data/test/genimage/real/n03888605_22381.JPEG,0,genimage_real,genimage,root,real,seen,1.0,0,base
/ai_paas_jf/pangqs/AIGC/safepp_pytorch/data/test/genimage/real/n03891251_3577.JPEG,0,genimage_real,genimage,root,real,seen,1.0,0,base
/ai_paas_jf/pangqs/AIGC/safepp_pytorch/data/test/genimage/real/n03891251_3968.JPEG,0,genimage_real,genimage,root,real,seen,1.0,0,base
/ai_paas_jf/pangqs/AIGC/safepp_pytorch/data/test/genimage/real/n03891251_5792.JPEG,0,genimage_real,genimage,root,real,seen,1.0,0,base
/ai_paas_jf/pangqs/AIGC/safepp_pytorch/data/test/genimage/real/n03895866_25888.JPEG,0,genimage_real,genimage,root,real,seen,1.0,0,base
/ai_paas_jf/pangqs/AIGC/safepp_pytorch/data/test/genimage/real/n03902125_10570.JPEG,0,genimage_real,genimage,root,real,seen,1.0,0,base
/ai_paas_jf/pangqs/AIGC/safepp_pytorch/data/test/genimage/real/n03902125_13700.JPEG,0,genimage_real,genimage,root,real,seen,1.0,0,base
/ai_paas_jf/pangqs/AIGC/safepp_pytorch/data/test/genimage/real/n03902125_4998.JPEG,0,genimage_real,genimage,root,real,seen,1.0,0,base
/ai_paas_jf/pangqs/AIGC/safepp_pytorch/data/test/genimage/real/n03903868_16160.JPEG,0,genimage_real,genimage,root,real,seen,1.0,0,base
/ai_paas_jf/pangqs/AIGC/safepp_pytorch/data/test/genimage/real/n03903868_23689.JPEG,0,genimage_real,genimage,root,real,seen,1.0,0,base
/ai_paas_jf/pangqs/AIGC/safepp_pytorch/data/test/genimage/real/n03903868_26456.JPEG,0,genimage_real,genimage,root,real,seen,1.0,0,base
/ai_paas_jf/pangqs/AIGC/safepp_pytorch/data/test/genimage/real/n03908714_4262.JPEG,0,genimage_real,genimage,root,real,seen,1.0,0,base
/ai_paas_jf/pangqs/AIGC/safepp_pytorch/data/test/genimage/real/n03920288_1208.JPEG,0,genimage_real,genimage,root,real,seen,1.0,0,base
/ai_paas_jf/pangqs/AIGC/safepp_pytorch/data/test/genimage/real/n03920288_1641.JPEG,0,genimage_real,genimage,root,real,seen,1.0,0,base
/ai_paas_jf/pangqs/AIGC/safepp_pytorch/data/test/genimage/real/n03920288_421.JPEG,0,genimage_real,genimage,root,real,seen,1.0,0,base
/ai_paas_jf/pangqs/AIGC/safepp_pytorch/data/test/genimage/real/n03924679_3973.JPEG,0,genimage_real,genimage,root,real,seen,1.0,0,base
/ai_paas_jf/pangqs/AIGC/safepp_pytorch/data/test/genimage/real/n03924679_4052.JPEG,0,genimage_real,genimage,root,real,seen,1.0,0,base
/ai_paas_jf/pangqs/AIGC/safepp_pytorch/data/test/genimage/real/n03929660_15190.JPEG,0,genimage_real,genimage,root,real,seen,1.0,0,base
/ai_paas_jf/pangqs/AIGC/safepp_pytorch/data/test/genimage/real/n03929855_1002.JPEG,0,genimage_real,genimage,root,real,seen,1.0,0,base
/ai_paas_jf/pangqs/AIGC/safepp_pytorch/data/test/genimage/real/n03930313_21035.JPEG,0,genimage_real,genimage,root,real,seen,1.0,0,base
/ai_paas_jf/pangqs/AIGC/safepp_pytorch/data/test/genimage/real/n03930630_25758.JPEG,0,genimage_real,genimage,root,real,seen,1.0,0,base
/ai_paas_jf/pangqs/AIGC/safepp_pytorch/data/test/genimage/real/n03933933_11892.JPEG,0,genimage_real,genimage,root,real,seen,1.0,0,base
/ai_paas_jf/pangqs/AIGC/safepp_pytorch/data/test/genimage/real/n03933933_24272.JPEG,0,genimage_real,genimage,root,real,seen,1.0,0,base
/ai_paas_jf/pangqs/AIGC/safepp_pytorch/data/test/genimage/real/n03933933_27273.JPEG,0,genimage_real,genimage,root,real,seen,1.0,0,base
/ai_paas_jf/pangqs/AIGC/safepp_pytorch/data/test/genimage/real/n03933933_32835.JPEG,0,genimage_real,genimage,root,real,seen,1.0,0,base
/ai_paas_jf/pangqs/AIGC/safepp_pytorch/data/test/genimage/real/n03937543_9321.JPEG,0,genimage_real,genimage,root,real,seen,1.0,0,base
/ai_paas_jf/pangqs/AIGC/safepp_pytorch/data/test/genimage/real/n03942813_1664.JPEG,0,genimage_real,genimage,root,real,seen,1.0,0,base
/ai_paas_jf/pangqs/AIGC/safepp_pytorch/data/test/genimage/real/n03942813_2544.JPEG,0,genimage_real,genimage,root,real,seen,1.0,0,base
/ai_paas_jf/pangqs/AIGC/safepp_pytorch/data/test/genimage/real/n03942813_9382.JPEG,0,genimage_real,genimage,root,real,seen,1.0,0,base
/ai_paas_jf/pangqs/AIGC/safepp_pytorch/data/test/genimage/real/n03947888_44562.JPEG,0,genimage_real,genimage,root,real,seen,1.0,0,base
/ai_paas_jf/pangqs/AIGC/safepp_pytorch/data/test/genimage/real/n03958227_6342.JPEG,0,genimage_real,genimage,root,real,seen,1.0,0,base
/ai_paas_jf/pangqs/AIGC/safepp_pytorch/data/test/genimage/real/n03961711_8001.JPEG,0,genimage_real,genimage,root,real,seen,1.0,0,base
/ai_paas_jf/pangqs/AIGC/safepp_pytorch/data/test/genimage/real/n03967562_3375.JPEG,0,genimage_real,genimage,root,real,seen,1.0,0,base
/ai_paas_jf/pangqs/AIGC/safepp_pytorch/data/test/genimage/real/n03970156_14725.JPEG,0,genimage_real,genimage,root,real,seen,1.0,0,base
/ai_paas_jf/pangqs/AIGC/safepp_pytorch/data/test/genimage/real/n03976467_12063.JPEG,0,genimage_real,genimage,root,real,seen,1.0,0,base
/ai_paas_jf/pangqs/AIGC/safepp_pytorch/data/test/genimage/real/n03976467_12309.JPEG,0,genimage_real,genimage,root,real,seen,1.0,0,base
/ai_paas_jf/pangqs/AIGC/safepp_pytorch/data/test/genimage/real/n03976657_18840.JPEG,0,genimage_real,genimage,root,real,seen,1.0,0,base
/ai_paas_jf/pangqs/AIGC/safepp_pytorch/data/test/genimage/real/n03977966_101300.JPEG,0,genimage_real,genimage,root,real,seen,1.0,0,base
/ai_paas_jf/pangqs/AIGC/safepp_pytorch/data/test/genimage/real/n03977966_41040.JPEG,0,genimage_real,genimage,root,real,seen,1.0,0,base
/ai_paas_jf/pangqs/AIGC/safepp_pytorch/data/test/genimage/real/n03982430_1024.JPEG,0,genimage_real,genimage,root,real,seen,1.0,0,base
/ai_paas_jf/pangqs/AIGC/safepp_pytorch/data/test/genimage/real/n03982430_19625.JPEG,0,genimage_real,genimage,root,real,seen,1.0,0,base
/ai_paas_jf/pangqs/AIGC/safepp_pytorch/data/test/genimage/real/n03983396_20025.JPEG,0,genimage_real,genimage,root,real,seen,1.0,0,base
/ai_paas_jf/pangqs/AIGC/safepp_pytorch/data/test/genimage/real/n03992509_11250.JPEG,0,genimage_real,genimage,root,real,seen,1.0,0,base
/ai_paas_jf/pangqs/AIGC/safepp_pytorch/data/test/genimage/real/n03995372_3597.JPEG,0,genimage_real,genimage,root,real,seen,1.0,0,base
/ai_paas_jf/pangqs/AIGC/safepp_pytorch/data/test/genimage/real/n03998194_7689.JPEG,0,genimage_real,genimage,root,real,seen,1.0,0,base
/ai_paas_jf/pangqs/AIGC/safepp_pytorch/data/test/genimage/real/n04005630_19567.JPEG,0,genimage_real,genimage,root,real,seen,1.0,0,base
/ai_paas_jf/pangqs/AIGC/safepp_pytorch/data/test/genimage/real/n04005630_67583.JPEG,0,genimage_real,genimage,root,real,seen,1.0,0,base
/ai_paas_jf/pangqs/AIGC/safepp_pytorch/data/test/genimage/real/n04008634_127.JPEG,0,genimage_real,genimage,root,real,seen,1.0,0,base
/ai_paas_jf/pangqs/AIGC/safepp_pytorch/data/test/genimage/real/n04008634_42949.JPEG,0,genimage_real,genimage,root,real,seen,1.0,0,base
/ai_paas_jf/pangqs/AIGC/safepp_pytorch/data/test/genimage/real/n04009552_5375.JPEG,0,genimage_real,genimage,root,real,seen,1.0,0,base
/ai_paas_jf/pangqs/AIGC/safepp_pytorch/data/test/genimage/real/n04019541_15261.JPEG,0,genimage_real,genimage,root,real,seen,1.0,0,base
/ai_paas_jf/pangqs/AIGC/safepp_pytorch/data/test/genimage/real/n04023962_16921.JPEG,0,genimage_real,genimage,root,real,seen,1.0,0,base
/ai_paas_jf/pangqs/AIGC/safepp_pytorch/data/test/genimage/real/n04023962_7530.JPEG,0,genimage_real,genimage,root,real,seen,1.0,0,base
/ai_paas_jf/pangqs/AIGC/safepp_pytorch/data/test/genimage/real/n04026417_58577.JPEG,0,genimage_real,genimage,root,real,seen,1.0,0,base
/ai_paas_jf/pangqs/AIGC/safepp_pytorch/data/test/genimage/real/n04033995_13979.JPEG,0,genimage_real,genimage,root,real,seen,1.0,0,base
/ai_paas_jf/pangqs/AIGC/safepp_pytorch/data/test/genimage/real/n04033995_6187.JPEG,0,genimage_real,genimage,root,real,seen,1.0,0,base
/ai_paas_jf/pangqs/AIGC/safepp_pytorch/data/test/genimage/real/n04037443_44724.JPEG,0,genimage_real,genimage,root,real,seen,1.0,0,base
/ai_paas_jf/pangqs/AIGC/safepp_pytorch/data/test/genimage/real/n04039381_14653.JPEG,0,genimage_real,genimage,root,real,seen,1.0,0,base
/ai_paas_jf/pangqs/AIGC/safepp_pytorch/data/test/genimage/real/n04040759_10311.JPEG,0,genimage_real,genimage,root,real,seen,1.0,0,base
/ai_paas_jf/pangqs/AIGC/safepp_pytorch/data/test/genimage/real/n04040759_14799.JPEG,0,genimage_real,genimage,root,real,seen,1.0,0,base
/ai_paas_jf/pangqs/AIGC/safepp_pytorch/data/test/genimage/real/n04040759_5430.JPEG,0,genimage_real,genimage,root,real,seen,1.0,0,base
/ai_paas_jf/pangqs/AIGC/safepp_pytorch/data/test/genimage/real/n04041544_21065.JPEG,0,genimage_real,genimage,root,real,seen,1.0,0,base
/ai_paas_jf/pangqs/AIGC/safepp_pytorch/data/test/genimage/real/n04049303_7252.JPEG,0,genimage_real,genimage,root,real,seen,1.0,0,base
/ai_paas_jf/pangqs/AIGC/safepp_pytorch/data/test/genimage/real/n04065272_20681.JPEG,0,genimage_real,genimage,root,real,seen,1.0,0,base
/ai_paas_jf/pangqs/AIGC/safepp_pytorch/data/test/genimage/real/n04065272_21763.JPEG,0,genimage_real,genimage,root,real,seen,1.0,0,base
/ai_paas_jf/pangqs/AIGC/safepp_pytorch/data/test/genimage/real/n04070727_39548.JPEG,0,genimage_real,genimage,root,real,seen,1.0,0,base
/ai_paas_jf/pangqs/AIGC/safepp_pytorch/data/test/genimage/real/n04081281_14900.JPEG,0,genimage_real,genimage,root,real,seen,1.0,0,base
/ai_paas_jf/pangqs/AIGC/safepp_pytorch/data/test/genimage/real/n04081281_29824.JPEG,0,genimage_real,genimage,root,real,seen,1.0,0,base
/ai_paas_jf/pangqs/AIGC/safepp_pytorch/data/test/genimage/real/n04086273_23336.JPEG,0,genimage_real,genimage,root,real,seen,1.0,0,base
/ai_paas_jf/pangqs/AIGC/safepp_pytorch/data/test/genimage/real/n04086273_31216.JPEG,0,genimage_real,genimage,root,real,seen,1.0,0,base
/ai_paas_jf/pangqs/AIGC/safepp_pytorch/data/test/genimage/real/n04090263_2732.JPEG,0,genimage_real,genimage,root,real,seen,1.0,0,base
/ai_paas_jf/pangqs/AIGC/safepp_pytorch/data/test/genimage/real/n04118538_15274.JPEG,0,genimage_real,genimage,root,real,seen,1.0,0,base
/ai_paas_jf/pangqs/AIGC/safepp_pytorch/data/test/genimage/real/n04118538_4675.JPEG,0,genimage_real,genimage,root,real,seen,1.0,0,base
/ai_paas_jf/pangqs/AIGC/safepp_pytorch/data/test/genimage/real/n04118776_22319.JPEG,0,genimage_real,genimage,root,real,seen,1.0,0,base
/ai_paas_jf/pangqs/AIGC/safepp_pytorch/data/test/genimage/real/n04131690_1937.JPEG,0,genimage_real,genimage,root,real,seen,1.0,0,base
/ai_paas_jf/pangqs/AIGC/safepp_pytorch/data/test/genimage/real/n04131690_3273.JPEG,0,genimage_real,genimage,root,real,seen,1.0,0,base
/ai_paas_jf/pangqs/AIGC/safepp_pytorch/data/test/genimage/real/n04133789_10202.JPEG,0,genimage_real,genimage,root,real,seen,1.0,0,base
/ai_paas_jf/pangqs/AIGC/safepp_pytorch/data/test/genimage/real/n04133789_2761.JPEG,0,genimage_real,genimage,root,real,seen,1.0,0,base
/ai_paas_jf/pangqs/AIGC/safepp_pytorch/data/test/genimage/real/n04136333_10501.JPEG,0,genimage_real,genimage,root,real,seen,1.0,0,base
/ai_paas_jf/pangqs/AIGC/safepp_pytorch/data/test/genimage/real/n04141076_14794.JPEG,0,genimage_real,genimage,root,real,seen,1.0,0,base
/ai_paas_jf/pangqs/AIGC/safepp_pytorch/data/test/genimage/real/n04141327_5185.JPEG,0,genimage_real,genimage,root,real,seen,1.0,0,base
/ai_paas_jf/pangqs/AIGC/safepp_pytorch/data/test/genimage/real/n04141327_7958.JPEG,0,genimage_real,genimage,root,real,seen,1.0,0,base
/ai_paas_jf/pangqs/AIGC/safepp_pytorch/data/test/genimage/real/n04141975_40716.JPEG,0,genimage_real,genimage,root,real,seen,1.0,0,base
/ai_paas_jf/pangqs/AIGC/safepp_pytorch/data/test/genimage/real/n04146614_3722.JPEG,0,genimage_real,genimage,root,real,seen,1.0,0,base
/ai_paas_jf/pangqs/AIGC/safepp_pytorch/data/test/genimage/real/n04147183_10595.JPEG,0,genimage_real,genimage,root,real,seen,1.0,0,base
/ai_paas_jf/pangqs/AIGC/safepp_pytorch/data/test/genimage/real/n04149813_24768.JPEG,0,genimage_real,genimage,root,real,seen,1.0,0,base
/ai_paas_jf/pangqs/AIGC/safepp_pytorch/data/test/genimage/real/n04149813_7534.JPEG,0,genimage_real,genimage,root,real,seen,1.0,0,base
/ai_paas_jf/pangqs/AIGC/safepp_pytorch/data/test/genimage/real/n04152593_52531.JPEG,0,genimage_real,genimage,root,real,seen,1.0,0,base
/ai_paas_jf/pangqs/AIGC/safepp_pytorch/data/test/genimage/real/n04153751_5760.JPEG,0,genimage_real,genimage,root,real,seen,1.0,0,base
/ai_paas_jf/pangqs/AIGC/safepp_pytorch/data/test/genimage/real/n04162706_2633.JPEG,0,genimage_real,genimage,root,real,seen,1.0,0,base
/ai_paas_jf/pangqs/AIGC/safepp_pytorch/data/test/genimage/real/n04162706_43703.JPEG,0,genimage_real,genimage,root,real,seen,1.0,0,base
/ai_paas_jf/pangqs/AIGC/safepp_pytorch/data/test/genimage/real/n04200800_12776.JPEG,0,genimage_real,genimage,root,real,seen,1.0,0,base
/ai_paas_jf/pangqs/AIGC/safepp_pytorch/data/test/genimage/real/n04201297_6855.JPEG,0,genimage_real,genimage,root,real,seen,1.0,0,base
/ai_paas_jf/pangqs/AIGC/safepp_pytorch/data/test/genimage/real/n04201297_8789.JPEG,0,genimage_real,genimage,root,real,seen,1.0,0,base
/ai_paas_jf/pangqs/AIGC/safepp_pytorch/data/test/genimage/real/n04204238_527.JPEG,0,genimage_real,genimage,root,real,seen,1.0,0,base
/ai_paas_jf/pangqs/AIGC/safepp_pytorch/data/test/genimage/real/n04209133_2372.JPEG,0,genimage_real,genimage,root,real,seen,1.0,0,base
/ai_paas_jf/pangqs/AIGC/safepp_pytorch/data/test/genimage/real/n04209133_3606.JPEG,0,genimage_real,genimage,root,real,seen,1.0,0,base
/ai_paas_jf/pangqs/AIGC/safepp_pytorch/data/test/genimage/real/n04228054_2838.JPEG,0,genimage_real,genimage,root,real,seen,1.0,0,base
/ai_paas_jf/pangqs/AIGC/safepp_pytorch/data/test/genimage/real/n04239074_9818.JPEG,0,genimage_real,genimage,root,real,seen,1.0,0,base
/ai_paas_jf/pangqs/AIGC/safepp_pytorch/data/test/genimage/real/n04243546_11073.JPEG,0,genimage_real,genimage,root,real,seen,1.0,0,base
/ai_paas_jf/pangqs/AIGC/safepp_pytorch/data/test/genimage/real/n04243546_30289.JPEG,0,genimage_real,genimage,root,real,seen,1.0,0,base
/ai_paas_jf/pangqs/AIGC/safepp_pytorch/data/test/genimage/real/n04251144_20886.JPEG,0,genimage_real,genimage,root,real,seen,1.0,0,base
/ai_paas_jf/pangqs/AIGC/safepp_pytorch/data/test/genimage/real/n04251144_41790.JPEG,0,genimage_real,genimage,root,real,seen,1.0,0,base
/ai_paas_jf/pangqs/AIGC/safepp_pytorch/data/test/genimage/real/n04251144_5668.JPEG,0,genimage_real,genimage,root,real,seen,1.0,0,base
/ai_paas_jf/pangqs/AIGC/safepp_pytorch/data/test/genimage/real/n04254120_3026.JPEG,0,genimage_real,genimage,root,real,seen,1.0,0,base
/ai_paas_jf/pangqs/AIGC/safepp_pytorch/data/test/genimage/real/n04254120_3848.JPEG,0,genimage_real,genimage,root,real,seen,1.0,0,base
/ai_paas_jf/pangqs/AIGC/safepp_pytorch/data/test/genimage/real/n04254777_52029.JPEG,0,genimage_real,genimage,root,real,seen,1.0,0,base
/ai_paas_jf/pangqs/AIGC/safepp_pytorch/data/test/genimage/real/n04258138_4905.JPEG,0,genimage_real,genimage,root,real,seen,1.0,0,base
/ai_paas_jf/pangqs/AIGC/safepp_pytorch/data/test/genimage/real/n04259630_16802.JPEG,0,genimage_real,genimage,root,real,seen,1.0,0,base
/ai_paas_jf/pangqs/AIGC/safepp_pytorch/data/test/genimage/real/n04259630_8530.JPEG,0,genimage_real,genimage,root,real,seen,1.0,0,base
/ai_paas_jf/pangqs/AIGC/safepp_pytorch/data/test/genimage/real/n04263257_2252.JPEG,0,genimage_real,genimage,root,real,seen,1.0,0,base
/ai_paas_jf/pangqs/AIGC/safepp_pytorch/data/test/genimage/real/n04263257_2680.JPEG,0,genimage_real,genimage,root,real,seen,1.0,0,base
/ai_paas_jf/pangqs/AIGC/safepp_pytorch/data/test/genimage/real/n04263257_3327.JPEG,0,genimage_real,genimage,root,real,seen,1.0,0,base
/ai_paas_jf/pangqs/AIGC/safepp_pytorch/data/test/genimage/real/n04264628_17607.JPEG,0,genimage_real,genimage,root,real,seen,1.0,0,base
/ai_paas_jf/pangqs/AIGC/safepp_pytorch/data/test/genimage/real/n04265275_3781.JPEG,0,genimage_real,genimage,root,real,seen,1.0,0,base
/ai_paas_jf/pangqs/AIGC/safepp_pytorch/data/test/genimage/real/n04265275_4676.JPEG,0,genimage_real,genimage,root,real,seen,1.0,0,base
/ai_paas_jf/pangqs/AIGC/safepp_pytorch/data/test/genimage/real/n04265275_754.JPEG,0,genimage_real,genimage,root,real,seen,1.0,0,base
/ai_paas_jf/pangqs/AIGC/safepp_pytorch/data/test/genimage/real/n04275548_13822.JPEG,0,genimage_real,genimage,root,real,seen,1.0,0,base
/ai_paas_jf/pangqs/AIGC/safepp_pytorch/data/test/genimage/real/n04275548_48.JPEG,0,genimage_real,genimage,root,real,seen,1.0,0,base
/ai_paas_jf/pangqs/AIGC/safepp_pytorch/data/test/genimage/real/n04277352_11395.JPEG,0,genimage_real,genimage,root,real,seen,1.0,0,base
/ai_paas_jf/pangqs/AIGC/safepp_pytorch/data/test/genimage/real/n04285008_5235.JPEG,0,genimage_real,genimage,root,real,seen,1.0,0,base
/ai_paas_jf/pangqs/AIGC/safepp_pytorch/data/test/genimage/real/n04285008_6325.JPEG,0,genimage_real,genimage,root,real,seen,1.0,0,base
/ai_paas_jf/pangqs/AIGC/safepp_pytorch/data/test/genimage/real/n04285008_8186.JPEG,0,genimage_real,genimage,root,real,seen,1.0,0,base
/ai_paas_jf/pangqs/AIGC/safepp_pytorch/data/test/genimage/real/n04285008_9476.JPEG,0,genimage_real,genimage,root,real,seen,1.0,0,base
/ai_paas_jf/pangqs/AIGC/safepp_pytorch/data/test/genimage/real/n04286575_47448.JPEG,0,genimage_real,genimage,root,real,seen,1.0,0,base
/ai_paas_jf/pangqs/AIGC/safepp_pytorch/data/test/genimage/real/n04296562_25167.JPEG,0,genimage_real,genimage,root,real,seen,1.0,0,base
/ai_paas_jf/pangqs/AIGC/safepp_pytorch/data/test/genimage/real/n04296562_27083.JPEG,0,genimage_real,genimage,root,real,seen,1.0,0,base
/ai_paas_jf/pangqs/AIGC/safepp_pytorch/data/test/genimage/real/n04296562_39582.JPEG,0,genimage_real,genimage,root,real,seen,1.0,0,base
/ai_paas_jf/pangqs/AIGC/safepp_pytorch/data/test/genimage/real/n04296562_5603.JPEG,0,genimage_real,genimage,root,real,seen,1.0,0,base
/ai_paas_jf/pangqs/AIGC/safepp_pytorch/data/test/genimage/real/n04311004_8919.JPEG,0,genimage_real,genimage,root,real,seen,1.0,0,base
/ai_paas_jf/pangqs/AIGC/safepp_pytorch/data/test/genimage/real/n04311174_4512.JPEG,0,genimage_real,genimage,root,real,seen,1.0,0,base
/ai_paas_jf/pangqs/AIGC/safepp_pytorch/data/test/genimage/real/n04311174_956.JPEG,0,genimage_real,genimage,root,real,seen,1.0,0,base
/ai_paas_jf/pangqs/AIGC/safepp_pytorch/data/test/genimage/real/n04311174_9623.JPEG,0,genimage_real,genimage,root,real,seen,1.0,0,base
/ai_paas_jf/pangqs/AIGC/safepp_pytorch/data/test/genimage/real/n04317175_4267.JPEG,0,genimage_real,genimage,root,real,seen,1.0,0,base
/ai_paas_jf/pangqs/AIGC/safepp_pytorch/data/test/genimage/real/n04325704_12528.JPEG,0,genimage_real,genimage,root,real,seen,1.0,0,base
/ai_paas_jf/pangqs/AIGC/safepp_pytorch/data/test/genimage/real/n04325704_9780.JPEG,0,genimage_real,genimage,root,real,seen,1.0,0,base
/ai_paas_jf/pangqs/AIGC/safepp_pytorch/data/test/genimage/real/n04326547_15107.JPEG,0,genimage_real,genimage,root,real,seen,1.0,0,base
/ai_paas_jf/pangqs/AIGC/safepp_pytorch/data/test/genimage/real/n04326547_2559.JPEG,0,genimage_real,genimage,root,real,seen,1.0,0,base
/ai_paas_jf/pangqs/AIGC/safepp_pytorch/data/test/genimage/real/n04330267_17126.JPEG,0,genimage_real,genimage,root,real,seen,1.0,0,base
/ai_paas_jf/pangqs/AIGC/safepp_pytorch/data/test/genimage/real/n04330267_20854.JPEG,0,genimage_real,genimage,root,real,seen,1.0,0,base
/ai_paas_jf/pangqs/AIGC/safepp_pytorch/data/test/genimage/real/n04332243_7287.JPEG,0,genimage_real,genimage,root,real,seen,1.0,0,base
/ai_paas_jf/pangqs/AIGC/safepp_pytorch/data/test/genimage/real/n04335435_10949.JPEG,0,genimage_real,genimage,root,real,seen,1.0,0,base
/ai_paas_jf/pangqs/AIGC/safepp_pytorch/data/test/genimage/real/n04336792_6055.JPEG,0,genimage_real,genimage,root,real,seen,1.0,0,base
/ai_paas_jf/pangqs/AIGC/safepp_pytorch/data/test/genimage/real/n04344873_3939.JPEG,0,genimage_real,genimage,root,real,seen,1.0,0,base
/ai_paas_jf/pangqs/AIGC/safepp_pytorch/data/test/genimage/real/n04344873_9080.JPEG,0,genimage_real,genimage,root,real,seen,1.0,0,base
/ai_paas_jf/pangqs/AIGC/safepp_pytorch/data/test/genimage/real/n04347754_8163.JPEG,0,genimage_real,genimage,root,real,seen,1.0,0,base
/ai_paas_jf/pangqs/AIGC/safepp_pytorch/data/test/genimage/real/n04350905_14748.JPEG,0,genimage_real,genimage,root,real,seen,1.0,0,base
/ai_paas_jf/pangqs/AIGC/safepp_pytorch/data/test/genimage/real/n04355338_26611.JPEG,0,genimage_real,genimage,root,real,seen,1.0,0,base
/ai_paas_jf/pangqs/AIGC/safepp_pytorch/data/test/genimage/real/n04355338_3508.JPEG,0,genimage_real,genimage,root,real,seen,1.0,0,base
/ai_paas_jf/pangqs/AIGC/safepp_pytorch/data/test/genimage/real/n04355933_2098.JPEG,0,genimage_real,genimage,root,real,seen,1.0,0,base
/ai_paas_jf/pangqs/AIGC/safepp_pytorch/data/test/genimage/real/n04355933_3378.JPEG,0,genimage_real,genimage,root,real,seen,1.0,0,base
/ai_paas_jf/pangqs/AIGC/safepp_pytorch/data/test/genimage/real/n04356056_2944.JPEG,0,genimage_real,genimage,root,real,seen,1.0,0,base
/ai_paas_jf/pangqs/AIGC/safepp_pytorch/data/test/genimage/real/n04356056_36595.JPEG,0,genimage_real,genimage,root,real,seen,1.0,0,base
/ai_paas_jf/pangqs/AIGC/safepp_pytorch/data/test/genimage/real/n04357314_2404.JPEG,0,genimage_real,genimage,root,real,seen,1.0,0,base
/ai_paas_jf/pangqs/AIGC/safepp_pytorch/data/test/genimage/real/n04366367_7461.JPEG,0,genimage_real,genimage,root,real,seen,1.0,0,base
/ai_paas_jf/pangqs/AIGC/safepp_pytorch/data/test/genimage/real/n04367480_33107.JPEG,0,genimage_real,genimage,root,real,seen,1.0,0,base
/ai_paas_jf/pangqs/AIGC/safepp_pytorch/data/test/genimage/real/n04367480_3340.JPEG,0,genimage_real,genimage,root,real,seen,1.0,0,base
/ai_paas_jf/pangqs/AIGC/safepp_pytorch/data/test/genimage/real/n04380533_1855.JPEG,0,genimage_real,genimage,root,real,seen,1.0,0,base
/ai_paas_jf/pangqs/AIGC/safepp_pytorch/data/test/genimage/real/n04389033_9218.JPEG,0,genimage_real,genimage,root,real,seen,1.0,0,base
/ai_paas_jf/pangqs/AIGC/safepp_pytorch/data/test/genimage/real/n04398044_18420.JPEG,0,genimage_real,genimage,root,real,seen,1.0,0,base
/ai_paas_jf/pangqs/AIGC/safepp_pytorch/data/test/genimage/real/n04404412_28756.JPEG,0,genimage_real,genimage,root,real,seen,1.0,0,base
/ai_paas_jf/pangqs/AIGC/safepp_pytorch/data/test/genimage/real/n04417672_7990.JPEG,0,genimage_real,genimage,root,real,seen,1.0,0,base
/ai_paas_jf/pangqs/AIGC/safepp_pytorch/data/test/genimage/real/n04418357_18246.JPEG,0,genimage_real,genimage,root,real,seen,1.0,0,base
/ai_paas_jf/pangqs/AIGC/safepp_pytorch/data/test/genimage/real/n04418357_6013.JPEG,0,genimage_real,genimage,root,real,seen,1.0,0,base
/ai_paas_jf/pangqs/AIGC/safepp_pytorch/data/test/genimage/real/n04418357_9228.JPEG,0,genimage_real,genimage,root,real,seen,1.0,0,base
/ai_paas_jf/pangqs/AIGC/safepp_pytorch/data/test/genimage/real/n04423845_10797.JPEG,0,genimage_real,genimage,root,real,seen,1.0,0,base
/ai_paas_jf/pangqs/AIGC/safepp_pytorch/data/test/genimage/real/n04435653_2715.JPEG,0,genimage_real,genimage,root,real,seen,1.0,0,base
/ai_paas_jf/pangqs/AIGC/safepp_pytorch/data/test/genimage/real/n04443257_24644.JPEG,0,genimage_real,genimage,root,real,seen,1.0,0,base
/ai_paas_jf/pangqs/AIGC/safepp_pytorch/data/test/genimage/real/n04443257_33722.JPEG,0,genimage_real,genimage,root,real,seen,1.0,0,base
/ai_paas_jf/pangqs/AIGC/safepp_pytorch/data/test/genimage/real/n04447861_4967.JPEG,0,genimage_real,genimage,root,real,seen,1.0,0,base
/ai_paas_jf/pangqs/AIGC/safepp_pytorch/data/test/genimage/real/n04447861_6695.JPEG,0,genimage_real,genimage,root,real,seen,1.0,0,base
/ai_paas_jf/pangqs/AIGC/safepp_pytorch/data/test/genimage/real/n04456115_4378.JPEG,0,genimage_real,genimage,root,real,seen,1.0,0,base
/ai_paas_jf/pangqs/AIGC/safepp_pytorch/data/test/genimage/real/n04462240_5173.JPEG,0,genimage_real,genimage,root,real,seen,1.0,0,base
/ai_paas_jf/pangqs/AIGC/safepp_pytorch/data/test/genimage/real/n04465501_17829.JPEG,0,genimage_real,genimage,root,real,seen,1.0,0,base
/ai_paas_jf/pangqs/AIGC/safepp_pytorch/data/test/genimage/real/n04465501_2088.JPEG,0,genimage_real,genimage,root,real,seen,1.0,0,base
/ai_paas_jf/pangqs/AIGC/safepp_pytorch/data/test/genimage/real/n04467665_13825.JPEG,0,genimage_real,genimage,root,real,seen,1.0,0,base
/ai_paas_jf/pangqs/AIGC/safepp_pytorch/data/test/genimage/real/n04476259_70156.JPEG,0,genimage_real,genimage,root,real,seen,1.0,0,base
/ai_paas_jf/pangqs/AIGC/safepp_pytorch/data/test/genimage/real/n04479046_2366.JPEG,0,genimage_real,genimage,root,real,seen,1.0,0,base
/ai_paas_jf/pangqs/AIGC/safepp_pytorch/data/test/genimage/real/n04486054_3096.JPEG,0,genimage_real,genimage,root,real,seen,1.0,0,base
/ai_paas_jf/pangqs/AIGC/safepp_pytorch/data/test/genimage/real/n04487081_36724.JPEG,0,genimage_real,genimage,root,real,seen,1.0,0,base
/ai_paas_jf/pangqs/AIGC/safepp_pytorch/data/test/genimage/real/n04487394_3237.JPEG,0,genimage_real,genimage,root,real,seen,1.0,0,base
/ai_paas_jf/pangqs/AIGC/safepp_pytorch/data/test/genimage/real/n04493381_16359.JPEG,0,genimage_real,genimage,root,real,seen,1.0,0,base
/ai_paas_jf/pangqs/AIGC/safepp_pytorch/data/test/genimage/real/n04501370_15945.JPEG,0,genimage_real,genimage,root,real,seen,1.0,0,base
/ai_paas_jf/pangqs/AIGC/safepp_pytorch/data/test/genimage/real/n04505470_1077.JPEG,0,genimage_real,genimage,root,real,seen,1.0,0,base
/ai_paas_jf/pangqs/AIGC/safepp_pytorch/data/test/genimage/real/n04507155_6136.JPEG,0,genimage_real,genimage,root,real,seen,1.0,0,base
/ai_paas_jf/pangqs/AIGC/safepp_pytorch/data/test/genimage/real/n04507155_6388.JPEG,0,genimage_real,genimage,root,real,seen,1.0,0,base
/ai_paas_jf/pangqs/AIGC/safepp_pytorch/data/test/genimage/real/n04509417_2292.JPEG,0,genimage_real,genimage,root,real,seen,1.0,0,base
/ai_paas_jf/pangqs/AIGC/safepp_pytorch/data/test/genimage/real/n04515003_17213.JPEG,0,genimage_real,genimage,root,real,seen,1.0,0,base
/ai_paas_jf/pangqs/AIGC/safepp_pytorch/data/test/genimage/real/n04515003_29877.JPEG,0,genimage_real,genimage,root,real,seen,1.0,0,base
/ai_paas_jf/pangqs/AIGC/safepp_pytorch/data/test/genimage/real/n04517823_10688.JPEG,0,genimage_real,genimage,root,real,seen,1.0,0,base
/ai_paas_jf/pangqs/AIGC/safepp_pytorch/data/test/genimage/real/n04517823_7361.JPEG,0,genimage_real,genimage,root,real,seen,1.0,0,base
/ai_paas_jf/pangqs/AIGC/safepp_pytorch/data/test/genimage/real/n04523525_11980.JPEG,0,genimage_real,genimage,root,real,seen,1.0,0,base
/ai_paas_jf/pangqs/AIGC/safepp_pytorch/data/test/genimage/real/n04525038_311.JPEG,0,genimage_real,genimage,root,real,seen,1.0,0,base
/ai_paas_jf/pangqs/AIGC/safepp_pytorch/data/test/genimage/real/n04525305_9601.JPEG,0,genimage_real,genimage,root,real,seen,1.0,0,base
/ai_paas_jf/pangqs/AIGC/safepp_pytorch/data/test/genimage/real/n04525305_9885.JPEG,0,genimage_real,genimage,root,real,seen,1.0,0,base
/ai_paas_jf/pangqs/AIGC/safepp_pytorch/data/test/genimage/real/n04532106_2051.JPEG,0,genimage_real,genimage,root,real,seen,1.0,0,base
/ai_paas_jf/pangqs/AIGC/safepp_pytorch/data/test/genimage/real/n04532106_7339.JPEG,0,genimage_real,genimage,root,real,seen,1.0,0,base
/ai_paas_jf/pangqs/AIGC/safepp_pytorch/data/test/genimage/real/n04532670_31005.JPEG,0,genimage_real,genimage,root,real,seen,1.0,0,base
/ai_paas_jf/pangqs/AIGC/safepp_pytorch/data/test/genimage/real/n04536866_9167.JPEG,0,genimage_real,genimage,root,real,seen,1.0,0,base
/ai_paas_jf/pangqs/AIGC/safepp_pytorch/data/test/genimage/real/n04542943_5662.JPEG,0,genimage_real,genimage,root,real,seen,1.0,0,base
/ai_paas_jf/pangqs/AIGC/safepp_pytorch/data/test/genimage/real/n04548362_20230.JPEG,0,genimage_real,genimage,root,real,seen,1.0,0,base
/ai_paas_jf/pangqs/AIGC/safepp_pytorch/data/test/genimage/real/n04548362_25185.JPEG,0,genimage_real,genimage,root,real,seen,1.0,0,base
/ai_paas_jf/pangqs/AIGC/safepp_pytorch/data/test/genimage/real/n04550184_8356.JPEG,0,genimage_real,genimage,root,real,seen,1.0,0,base
/ai_paas_jf/pangqs/AIGC/safepp_pytorch/data/test/genimage/real/n04550184_9838.JPEG,0,genimage_real,genimage,root,real,seen,1.0,0,base
/ai_paas_jf/pangqs/AIGC/safepp_pytorch/data/test/genimage/real/n04553703_23097.JPEG,0,genimage_real,genimage,root,real,seen,1.0,0,base
/ai_paas_jf/pangqs/AIGC/safepp_pytorch/data/test/genimage/real/n04553703_6307.JPEG,0,genimage_real,genimage,root,real,seen,1.0,0,base
/ai_paas_jf/pangqs/AIGC/safepp_pytorch/data/test/genimage/real/n04560804_23356.JPEG,0,genimage_real,genimage,root,real,seen,1.0,0,base
/ai_paas_jf/pangqs/AIGC/safepp_pytorch/data/test/genimage/real/n04579145_3432.JPEG,0,genimage_real,genimage,root,real,seen,1.0,0,base
/ai_paas_jf/pangqs/AIGC/safepp_pytorch/data/test/genimage/real/n04579432_13802.JPEG,0,genimage_real,genimage,root,real,seen,1.0,0,base
/ai_paas_jf/pangqs/AIGC/safepp_pytorch/data/test/genimage/real/n04584207_20912.JPEG,0,genimage_real,genimage,root,real,seen,1.0,0,base
/ai_paas_jf/pangqs/AIGC/safepp_pytorch/data/test/genimage/real/n04584207_7829.JPEG,0,genimage_real,genimage,root,real,seen,1.0,0,base
/ai_paas_jf/pangqs/AIGC/safepp_pytorch/data/test/genimage/real/n04589890_430.JPEG,0,genimage_real,genimage,root,real,seen,1.0,0,base
/ai_paas_jf/pangqs/AIGC/safepp_pytorch/data/test/genimage/real/n04590129_16819.JPEG,0,genimage_real,genimage,root,real,seen,1.0,0,base
/ai_paas_jf/pangqs/AIGC/safepp_pytorch/data/test/genimage/real/n04590129_17486.JPEG,0,genimage_real,genimage,root,real,seen,1.0,0,base
/ai_paas_jf/pangqs/AIGC/safepp_pytorch/data/test/genimage/real/n04591713_7008.JPEG,0,genimage_real,genimage,root,real,seen,1.0,0,base
/ai_paas_jf/pangqs/AIGC/safepp_pytorch/data/test/genimage/real/n04596742_24544.JPEG,0,genimage_real,genimage,root,real,seen,1.0,0,base
/ai_paas_jf/pangqs/AIGC/safepp_pytorch/data/test/genimage/real/n04597913_6031.JPEG,0,genimage_real,genimage,root,real,seen,1.0,0,base
/ai_paas_jf/pangqs/AIGC/safepp_pytorch/data/test/genimage/real/n06596364_4863.JPEG,0,genimage_real,genimage,root,real,seen,1.0,0,base
/ai_paas_jf/pangqs/AIGC/safepp_pytorch/data/test/genimage/real/n06785654_15438.JPEG,0,genimage_real,genimage,root,real,seen,1.0,0,base
/ai_paas_jf/pangqs/AIGC/safepp_pytorch/data/test/genimage/real/n06785654_3383.JPEG,0,genimage_real,genimage,root,real,seen,1.0,0,base
/ai_paas_jf/pangqs/AIGC/safepp_pytorch/data/test/genimage/real/n06794110_2048.JPEG,0,genimage_real,genimage,root,real,seen,1.0,0,base
/ai_paas_jf/pangqs/AIGC/safepp_pytorch/data/test/genimage/real/n07248320_3907.JPEG,0,genimage_real,genimage,root,real,seen,1.0,0,base
/ai_paas_jf/pangqs/AIGC/safepp_pytorch/data/test/genimage/real/n07565083_13336.JPEG,0,genimage_real,genimage,root,real,seen,1.0,0,base
/ai_paas_jf/pangqs/AIGC/safepp_pytorch/data/test/genimage/real/n07565083_13492.JPEG,0,genimage_real,genimage,root,real,seen,1.0,0,base
/ai_paas_jf/pangqs/AIGC/safepp_pytorch/data/test/genimage/real/n07579787_18791.JPEG,0,genimage_real,genimage,root,real,seen,1.0,0,base
/ai_paas_jf/pangqs/AIGC/safepp_pytorch/data/test/genimage/real/n07583066_4165.JPEG,0,genimage_real,genimage,root,real,seen,1.0,0,base
/ai_paas_jf/pangqs/AIGC/safepp_pytorch/data/test/genimage/real/n07584110_10184.JPEG,0,genimage_real,genimage,root,real,seen,1.0,0,base
/ai_paas_jf/pangqs/AIGC/safepp_pytorch/data/test/genimage/real/n07584110_433.JPEG,0,genimage_real,genimage,root,real,seen,1.0,0,base
/ai_paas_jf/pangqs/AIGC/safepp_pytorch/data/test/genimage/real/n07584110_6097.JPEG,0,genimage_real,genimage,root,real,seen,1.0,0,base
/ai_paas_jf/pangqs/AIGC/safepp_pytorch/data/test/genimage/real/n07584110_6519.JPEG,0,genimage_real,genimage,root,real,seen,1.0,0,base
/ai_paas_jf/pangqs/AIGC/safepp_pytorch/data/test/genimage/real/n07584110_9300.JPEG,0,genimage_real,genimage,root,real,seen,1.0,0,base
/ai_paas_jf/pangqs/AIGC/safepp_pytorch/data/test/genimage/real/n07590611_12522.JPEG,0,genimage_real,genimage,root,real,seen,1.0,0,base
/ai_paas_jf/pangqs/AIGC/safepp_pytorch/data/test/genimage/real/n07590611_5914.JPEG,0,genimage_real,genimage,root,real,seen,1.0,0,base
/ai_paas_jf/pangqs/AIGC/safepp_pytorch/data/test/genimage/real/n07615774_37440.JPEG,0,genimage_real,genimage,root,real,seen,1.0,0,base
/ai_paas_jf/pangqs/AIGC/safepp_pytorch/data/test/genimage/real/n07684084_2227.JPEG,0,genimage_real,genimage,root,real,seen,1.0,0,base
/ai_paas_jf/pangqs/AIGC/safepp_pytorch/data/test/genimage/real/n07684084_3179.JPEG,0,genimage_real,genimage,root,real,seen,1.0,0,base
/ai_paas_jf/pangqs/AIGC/safepp_pytorch/data/test/genimage/real/n07684084_7922.JPEG,0,genimage_real,genimage,root,real,seen,1.0,0,base
/ai_paas_jf/pangqs/AIGC/safepp_pytorch/data/test/genimage/real/n07684084_872.JPEG,0,genimage_real,genimage,root,real,seen,1.0,0,base
/ai_paas_jf/pangqs/AIGC/safepp_pytorch/data/test/genimage/real/n07693725_10204.JPEG,0,genimage_real,genimage,root,real,seen,1.0,0,base
/ai_paas_jf/pangqs/AIGC/safepp_pytorch/data/test/genimage/real/n07693725_19805.JPEG,0,genimage_real,genimage,root,real,seen,1.0,0,base
/ai_paas_jf/pangqs/AIGC/safepp_pytorch/data/test/genimage/real/n07693725_8325.JPEG,0,genimage_real,genimage,root,real,seen,1.0,0,base
/ai_paas_jf/pangqs/AIGC/safepp_pytorch/data/test/genimage/real/n07695742_9393.JPEG,0,genimage_real,genimage,root,real,seen,1.0,0,base
/ai_paas_jf/pangqs/AIGC/safepp_pytorch/data/test/genimage/real/n07697313_12282.JPEG,0,genimage_real,genimage,root,real,seen,1.0,0,base
/ai_paas_jf/pangqs/AIGC/safepp_pytorch/data/test/genimage/real/n07697537_20943.JPEG,0,genimage_real,genimage,root,real,seen,1.0,0,base
/ai_paas_jf/pangqs/AIGC/safepp_pytorch/data/test/genimage/real/n07697537_5890.JPEG,0,genimage_real,genimage,root,real,seen,1.0,0,base
/ai_paas_jf/pangqs/AIGC/safepp_pytorch/data/test/genimage/real/n07714571_4245.JPEG,0,genimage_real,genimage,root,real,seen,1.0,0,base
/ai_paas_jf/pangqs/AIGC/safepp_pytorch/data/test/genimage/real/n07715103_10006.JPEG,0,genimage_real,genimage,root,real,seen,1.0,0,base
/ai_paas_jf/pangqs/AIGC/safepp_pytorch/data/test/genimage/real/n07715103_7308.JPEG,0,genimage_real,genimage,root,real,seen,1.0,0,base
/ai_paas_jf/pangqs/AIGC/safepp_pytorch/data/test/genimage/real/n07716906_3346.JPEG,0,genimage_real,genimage,root,real,seen,1.0,0,base
/ai_paas_jf/pangqs/AIGC/safepp_pytorch/data/test/genimage/real/n07717410_1257.JPEG,0,genimage_real,genimage,root,real,seen,1.0,0,base
/ai_paas_jf/pangqs/AIGC/safepp_pytorch/data/test/genimage/real/n07717410_3672.JPEG,0,genimage_real,genimage,root,real,seen,1.0,0,base
/ai_paas_jf/pangqs/AIGC/safepp_pytorch/data/test/genimage/real/n07717410_463.JPEG,0,genimage_real,genimage,root,real,seen,1.0,0,base
/ai_paas_jf/pangqs/AIGC/safepp_pytorch/data/test/genimage/real/n07717410_6109.JPEG,0,genimage_real,genimage,root,real,seen,1.0,0,base
/ai_paas_jf/pangqs/AIGC/safepp_pytorch/data/test/genimage/real/n07717410_7504.JPEG,0,genimage_real,genimage,root,real,seen,1.0,0,base
/ai_paas_jf/pangqs/AIGC/safepp_pytorch/data/test/genimage/real/n07717556_12411.JPEG,0,genimage_real,genimage,root,real,seen,1.0,0,base
/ai_paas_jf/pangqs/AIGC/safepp_pytorch/data/test/genimage/real/n07717556_4181.JPEG,0,genimage_real,genimage,root,real,seen,1.0,0,base
/ai_paas_jf/pangqs/AIGC/safepp_pytorch/data/test/genimage/real/n07718472_13378.JPEG,0,genimage_real,genimage,root,real,seen,1.0,0,base
/ai_paas_jf/pangqs/AIGC/safepp_pytorch/data/test/genimage/real/n07742313_10690.JPEG,0,genimage_real,genimage,root,real,seen,1.0,0,base
/ai_paas_jf/pangqs/AIGC/safepp_pytorch/data/test/genimage/real/n07742313_19721.JPEG,0,genimage_real,genimage,root,real,seen,1.0,0,base
/ai_paas_jf/pangqs/AIGC/safepp_pytorch/data/test/genimage/real/n07747607_23634.JPEG,0,genimage_real,genimage,root,real,seen,1.0,0,base
/ai_paas_jf/pangqs/AIGC/safepp_pytorch/data/test/genimage/real/n07747607_9788.JPEG,0,genimage_real,genimage,root,real,seen,1.0,0,base
/ai_paas_jf/pangqs/AIGC/safepp_pytorch/data/test/genimage/real/n07749582_6951.JPEG,0,genimage_real,genimage,root,real,seen,1.0,0,base
/ai_paas_jf/pangqs/AIGC/safepp_pytorch/data/test/genimage/real/n07768694_3312.JPEG,0,genimage_real,genimage,root,real,seen,1.0,0,base
/ai_paas_jf/pangqs/AIGC/safepp_pytorch/data/test/genimage/real/n07802026_20356.JPEG,0,genimage_real,genimage,root,real,seen,1.0,0,base
/ai_paas_jf/pangqs/AIGC/safepp_pytorch/data/test/genimage/real/n07831146_2024.JPEG,0,genimage_real,genimage,root,real,seen,1.0,0,base
/ai_paas_jf/pangqs/AIGC/safepp_pytorch/data/test/genimage/real/n07860988_13415.JPEG,0,genimage_real,genimage,root,real,seen,1.0,0,base
/ai_paas_jf/pangqs/AIGC/safepp_pytorch/data/test/genimage/real/n07860988_23555.JPEG,0,genimage_real,genimage,root,real,seen,1.0,0,base
/ai_paas_jf/pangqs/AIGC/safepp_pytorch/data/test/genimage/real/n07871810_27501.JPEG,0,genimage_real,genimage,root,real,seen,1.0,0,base
/ai_paas_jf/pangqs/AIGC/safepp_pytorch/data/test/genimage/real/n07871810_3423.JPEG,0,genimage_real,genimage,root,real,seen,1.0,0,base
/ai_paas_jf/pangqs/AIGC/safepp_pytorch/data/test/genimage/real/n07873807_1766.JPEG,0,genimage_real,genimage,root,real,seen,1.0,0,base
/ai_paas_jf/pangqs/AIGC/safepp_pytorch/data/test/genimage/real/n07875152_6079.JPEG,0,genimage_real,genimage,root,real,seen,1.0,0,base
/ai_paas_jf/pangqs/AIGC/safepp_pytorch/data/test/genimage/real/n07920052_6110.JPEG,0,genimage_real,genimage,root,real,seen,1.0,0,base
/ai_paas_jf/pangqs/AIGC/safepp_pytorch/data/test/genimage/real/n07920052_9509.JPEG,0,genimage_real,genimage,root,real,seen,1.0,0,base
/ai_paas_jf/pangqs/AIGC/safepp_pytorch/data/test/genimage/real/n07930864_138.JPEG,0,genimage_real,genimage,root,real,seen,1.0,0,base
/ai_paas_jf/pangqs/AIGC/safepp_pytorch/data/test/genimage/real/n07930864_551.JPEG,0,genimage_real,genimage,root,real,seen,1.0,0,base
/ai_paas_jf/pangqs/AIGC/safepp_pytorch/data/test/genimage/real/n07930864_7013.JPEG,0,genimage_real,genimage,root,real,seen,1.0,0,base
/ai_paas_jf/pangqs/AIGC/safepp_pytorch/data/test/genimage/real/n09229709_29861.JPEG,0,genimage_real,genimage,root,real,seen,1.0,0,base
/ai_paas_jf/pangqs/AIGC/safepp_pytorch/data/test/genimage/real/n09229709_55425.JPEG,0,genimage_real,genimage,root,real,seen,1.0,0,base
/ai_paas_jf/pangqs/AIGC/safepp_pytorch/data/test/genimage/real/n09229709_6563.JPEG,0,genimage_real,genimage,root,real,seen,1.0,0,base
/ai_paas_jf/pangqs/AIGC/safepp_pytorch/data/test/genimage/real/n09246464_19043.JPEG,0,genimage_real,genimage,root,real,seen,1.0,0,base
/ai_paas_jf/pangqs/AIGC/safepp_pytorch/data/test/genimage/real/n09256479_17132.JPEG,0,genimage_real,genimage,root,real,seen,1.0,0,base
/ai_paas_jf/pangqs/AIGC/safepp_pytorch/data/test/genimage/real/n09256479_7472.JPEG,0,genimage_real,genimage,root,real,seen,1.0,0,base
/ai_paas_jf/pangqs/AIGC/safepp_pytorch/data/test/genimage/real/n09288635_1683.JPEG,0,genimage_real,genimage,root,real,seen,1.0,0,base
/ai_paas_jf/pangqs/AIGC/safepp_pytorch/data/test/genimage/real/n09332890_8111.JPEG,0,genimage_real,genimage,root,real,seen,1.0,0,base
/ai_paas_jf/pangqs/AIGC/safepp_pytorch/data/test/genimage/real/n09399592_40316.JPEG,0,genimage_real,genimage,root,real,seen,1.0,0,base
/ai_paas_jf/pangqs/AIGC/safepp_pytorch/data/test/genimage/real/n09421951_3177.JPEG,0,genimage_real,genimage,root,real,seen,1.0,0,base
/ai_paas_jf/pangqs/AIGC/safepp_pytorch/data/test/genimage/real/n09472597_26682.JPEG,0,genimage_real,genimage,root,real,seen,1.0,0,base
/ai_paas_jf/pangqs/AIGC/safepp_pytorch/data/test/genimage/real/n09472597_7824.JPEG,0,genimage_real,genimage,root,real,seen,1.0,0,base
/ai_paas_jf/pangqs/AIGC/safepp_pytorch/data/test/genimage/real/n10148035_3499.JPEG,0,genimage_real,genimage,root,real,seen,1.0,0,base
/ai_paas_jf/pangqs/AIGC/safepp_pytorch/data/test/genimage/real/n10148035_684.JPEG,0,genimage_real,genimage,root,real,seen,1.0,0,base
/ai_paas_jf/pangqs/AIGC/safepp_pytorch/data/test/genimage/real/n10565667_8481.JPEG,0,genimage_real,genimage,root,real,seen,1.0,0,base
/ai_paas_jf/pangqs/AIGC/safepp_pytorch/data/test/genimage/real/n11879895_3808.JPEG,0,genimage_real,genimage,root,real,seen,1.0,0,base
/ai_paas_jf/pangqs/AIGC/safepp_pytorch/data/test/genimage/real/n11939491_16168.JPEG,0,genimage_real,genimage,root,real,seen,1.0,0,base
/ai_paas_jf/pangqs/AIGC/safepp_pytorch/data/test/genimage/real/n12057211_2778.JPEG,0,genimage_real,genimage,root,real,seen,1.0,0,base
/ai_paas_jf/pangqs/AIGC/safepp_pytorch/data/test/genimage/real/n12057211_7627.JPEG,0,genimage_real,genimage,root,real,seen,1.0,0,base
/ai_paas_jf/pangqs/AIGC/safepp_pytorch/data/test/genimage/real/n12057211_8348.JPEG,0,genimage_real,genimage,root,real,seen,1.0,0,base
/ai_paas_jf/pangqs/AIGC/safepp_pytorch/data/test/genimage/real/n12144580_32819.JPEG,0,genimage_real,genimage,root,real,seen,1.0,0,base
/ai_paas_jf/pangqs/AIGC/safepp_pytorch/data/test/genimage/real/n12267677_1011.JPEG,0,genimage_real,genimage,root,real,seen,1.0,0,base
/ai_paas_jf/pangqs/AIGC/safepp_pytorch/data/test/genimage/real/n12267677_3958.JPEG,0,genimage_real,genimage,root,real,seen,1.0,0,base
/ai_paas_jf/pangqs/AIGC/safepp_pytorch/data/test/genimage/real/n12267677_718.JPEG,0,genimage_real,genimage,root,real,seen,1.0,0,base
/ai_paas_jf/pangqs/AIGC/safepp_pytorch/data/test/genimage/real/n12620546_13244.JPEG,0,genimage_real,genimage,root,real,seen,1.0,0,base
/ai_paas_jf/pangqs/AIGC/safepp_pytorch/data/test/genimage/real/n12620546_14625.JPEG,0,genimage_real,genimage,root,real,seen,1.0,0,base
/ai_paas_jf/pangqs/AIGC/safepp_pytorch/data/test/genimage/real/n12768682_19758.JPEG,0,genimage_real,genimage,root,real,seen,1.0,0,base
/ai_paas_jf/pangqs/AIGC/safepp_pytorch/data/test/genimage/real/n12985857_1599.JPEG,0,genimage_real,genimage,root,real,seen,1.0,0,base
/ai_paas_jf/pangqs/AIGC/safepp_pytorch/data/test/genimage/real/n12985857_175.JPEG,0,genimage_real,genimage,root,real,seen,1.0,0,base
/ai_paas_jf/pangqs/AIGC/safepp_pytorch/data/test/genimage/real/n13037406_4843.JPEG,0,genimage_real,genimage,root,real,seen,1.0,0,base
/ai_paas_jf/pangqs/AIGC/safepp_pytorch/data/test/genimage/real/n13040303_1996.JPEG,0,genimage_real,genimage,root,real,seen,1.0,0,base
/ai_paas_jf/pangqs/AIGC/safepp_pytorch/data/test/genimage/real/n13040303_3689.JPEG,0,genimage_real,genimage,root,real,seen,1.0,0,base
/ai_paas_jf/pangqs/AIGC/safepp_pytorch/data/test/genimage/real/n13040303_8525.JPEG,0,genimage_real,genimage,root,real,seen,1.0,0,base
/ai_paas_jf/pangqs/AIGC/safepp_pytorch/data/test/genimage/real/n15075141_2275.JPEG,0,genimage_real,genimage,root,real,seen,1.0,0,base
/ai_paas_jf/pangqs/AIGC/safepp_pytorch/data/test/genimage/fake/003_sdv4_00066.png,1,genimage_fake,genimage,root,unknown_fake,seen,1.0,0,base
/ai_paas_jf/pangqs/AIGC/safepp_pytorch/data/test/genimage/fake/004_biggan_00004.png,1,genimage_fake,genimage,root,unknown_fake,seen,1.0,0,base
/ai_paas_jf/pangqs/AIGC/safepp_pytorch/data/test/genimage/fake/010_biggan_00040.png,1,genimage_fake,genimage,root,unknown_fake,seen,1.0,0,base
/ai_paas_jf/pangqs/AIGC/safepp_pytorch/data/test/genimage/fake/011_sdv4_00036.png,1,genimage_fake,genimage,root,unknown_fake,seen,1.0,0,base
/ai_paas_jf/pangqs/AIGC/safepp_pytorch/data/test/genimage/fake/017_biggan_00172.png,1,genimage_fake,genimage,root,unknown_fake,seen,1.0,0,base
/ai_paas_jf/pangqs/AIGC/safepp_pytorch/data/test/genimage/fake/024_biggan_00081.png,1,genimage_fake,genimage,root,unknown_fake,seen,1.0,0,base
/ai_paas_jf/pangqs/AIGC/safepp_pytorch/data/test/genimage/fake/025_sdv4_00130.png,1,genimage_fake,genimage,root,unknown_fake,seen,1.0,0,base
/ai_paas_jf/pangqs/AIGC/safepp_pytorch/data/test/genimage/fake/027_biggan_00059.png,1,genimage_fake,genimage,root,unknown_fake,seen,1.0,0,base
/ai_paas_jf/pangqs/AIGC/safepp_pytorch/data/test/genimage/fake/041_sdv4_00055.png,1,genimage_fake,genimage,root,unknown_fake,seen,1.0,0,base
/ai_paas_jf/pangqs/AIGC/safepp_pytorch/data/test/genimage/fake/042_sdv4_00089.png,1,genimage_fake,genimage,root,unknown_fake,seen,1.0,0,base
/ai_paas_jf/pangqs/AIGC/safepp_pytorch/data/test/genimage/fake/043_biggan_00089.png,1,genimage_fake,genimage,root,unknown_fake,seen,1.0,0,base
/ai_paas_jf/pangqs/AIGC/safepp_pytorch/data/test/genimage/fake/050_sdv4_00156.png,1,genimage_fake,genimage,root,unknown_fake,seen,1.0,0,base
/ai_paas_jf/pangqs/AIGC/safepp_pytorch/data/test/genimage/fake/054_biggan_00088.png,1,genimage_fake,genimage,root,unknown_fake,seen,1.0,0,base
/ai_paas_jf/pangqs/AIGC/safepp_pytorch/data/test/genimage/fake/059_sdv4_00017.png,1,genimage_fake,genimage,root,unknown_fake,seen,1.0,0,base
/ai_paas_jf/pangqs/AIGC/safepp_pytorch/data/test/genimage/fake/060_biggan_00175.png,1,genimage_fake,genimage,root,unknown_fake,seen,1.0,0,base
/ai_paas_jf/pangqs/AIGC/safepp_pytorch/data/test/genimage/fake/061_biggan_00188.png,1,genimage_fake,genimage,root,unknown_fake,seen,1.0,0,base
/ai_paas_jf/pangqs/AIGC/safepp_pytorch/data/test/genimage/fake/061_sdv4_00162.png,1,genimage_fake,genimage,root,unknown_fake,seen,1.0,0,base
/ai_paas_jf/pangqs/AIGC/safepp_pytorch/data/test/genimage/fake/063_sdv4_00190.png,1,genimage_fake,genimage,root,unknown_fake,seen,1.0,0,base
/ai_paas_jf/pangqs/AIGC/safepp_pytorch/data/test/genimage/fake/066_biggan_00036.png,1,genimage_fake,genimage,root,unknown_fake,seen,1.0,0,base
/ai_paas_jf/pangqs/AIGC/safepp_pytorch/data/test/genimage/fake/077_biggan_00140.png,1,genimage_fake,genimage,root,unknown_fake,seen,1.0,0,base
/ai_paas_jf/pangqs/AIGC/safepp_pytorch/data/test/genimage/fake/082_sdv4_00014.png,1,genimage_fake,genimage,root,unknown_fake,seen,1.0,0,base
/ai_paas_jf/pangqs/AIGC/safepp_pytorch/data/test/genimage/fake/083_biggan_00113.png,1,genimage_fake,genimage,root,unknown_fake,seen,1.0,0,base
/ai_paas_jf/pangqs/AIGC/safepp_pytorch/data/test/genimage/fake/085_sdv4_00143.png,1,genimage_fake,genimage,root,unknown_fake,seen,1.0,0,base
/ai_paas_jf/pangqs/AIGC/safepp_pytorch/data/test/genimage/fake/086_biggan_00042.png,1,genimage_fake,genimage,root,unknown_fake,seen,1.0,0,base
/ai_paas_jf/pangqs/AIGC/safepp_pytorch/data/test/genimage/fake/088_sdv4_00013.png,1,genimage_fake,genimage,root,unknown_fake,seen,1.0,0,base
/ai_paas_jf/pangqs/AIGC/safepp_pytorch/data/test/genimage/fake/096_sdv4_00162.png,1,genimage_fake,genimage,root,unknown_fake,seen,1.0,0,base
/ai_paas_jf/pangqs/AIGC/safepp_pytorch/data/test/genimage/fake/096_sdv4_00163.png,1,genimage_fake,genimage,root,unknown_fake,seen,1.0,0,base
/ai_paas_jf/pangqs/AIGC/safepp_pytorch/data/test/genimage/fake/097_biggan_00024.png,1,genimage_fake,genimage,root,unknown_fake,seen,1.0,0,base
/ai_paas_jf/pangqs/AIGC/safepp_pytorch/data/test/genimage/fake/102_midjourney_52.png,1,genimage_fake,genimage,root,unknown_fake,seen,1.0,0,base
/ai_paas_jf/pangqs/AIGC/safepp_pytorch/data/test/genimage/fake/105_biggan_00089.png,1,genimage_fake,genimage,root,unknown_fake,seen,1.0,0,base
/ai_paas_jf/pangqs/AIGC/safepp_pytorch/data/test/genimage/fake/106_wukong_image70.png,1,genimage_fake,genimage,root,unknown_fake,seen,1.0,0,base
/ai_paas_jf/pangqs/AIGC/safepp_pytorch/data/test/genimage/fake/108_biggan_00061.png,1,genimage_fake,genimage,root,unknown_fake,seen,1.0,0,base
/ai_paas_jf/pangqs/AIGC/safepp_pytorch/data/test/genimage/fake/108_midjourney_114.png,1,genimage_fake,genimage,root,unknown_fake,seen,1.0,0,base
/ai_paas_jf/pangqs/AIGC/safepp_pytorch/data/test/genimage/fake/108_sdv4_00082.png,1,genimage_fake,genimage,root,unknown_fake,seen,1.0,0,base
/ai_paas_jf/pangqs/AIGC/safepp_pytorch/data/test/genimage/fake/109_adm_181.PNG,1,genimage_fake,genimage,root,unknown_fake,seen,1.0,0,base
/ai_paas_jf/pangqs/AIGC/safepp_pytorch/data/test/genimage/fake/109_adm_90.PNG,1,genimage_fake,genimage,root,unknown_fake,seen,1.0,0,base
/ai_paas_jf/pangqs/AIGC/safepp_pytorch/data/test/genimage/fake/111_adm_134.PNG,1,genimage_fake,genimage,root,unknown_fake,seen,1.0,0,base
/ai_paas_jf/pangqs/AIGC/safepp_pytorch/data/test/genimage/fake/113_midjourney_16.png,1,genimage_fake,genimage,root,unknown_fake,seen,1.0,0,base
/ai_paas_jf/pangqs/AIGC/safepp_pytorch/data/test/genimage/fake/113_midjourney_71.png,1,genimage_fake,genimage,root,unknown_fake,seen,1.0,0,base
/ai_paas_jf/pangqs/AIGC/safepp_pytorch/data/test/genimage/fake/114_adm_109.PNG,1,genimage_fake,genimage,root,unknown_fake,seen,1.0,0,base
/ai_paas_jf/pangqs/AIGC/safepp_pytorch/data/test/genimage/fake/115_sdv4_00072.png,1,genimage_fake,genimage,root,unknown_fake,seen,1.0,0,base
/ai_paas_jf/pangqs/AIGC/safepp_pytorch/data/test/genimage/fake/116_wukong_image50.png,1,genimage_fake,genimage,root,unknown_fake,seen,1.0,0,base
/ai_paas_jf/pangqs/AIGC/safepp_pytorch/data/test/genimage/fake/119_adm_99.PNG,1,genimage_fake,genimage,root,unknown_fake,seen,1.0,0,base
/ai_paas_jf/pangqs/AIGC/safepp_pytorch/data/test/genimage/fake/121_adm_75.PNG,1,genimage_fake,genimage,root,unknown_fake,seen,1.0,0,base
/ai_paas_jf/pangqs/AIGC/safepp_pytorch/data/test/genimage/fake/121_adm_80.PNG,1,genimage_fake,genimage,root,unknown_fake,seen,1.0,0,base
/ai_paas_jf/pangqs/AIGC/safepp_pytorch/data/test/genimage/fake/121_biggan_00032.png,1,genimage_fake,genimage,root,unknown_fake,seen,1.0,0,base
/ai_paas_jf/pangqs/AIGC/safepp_pytorch/data/test/genimage/fake/127_sdv4_00058.png,1,genimage_fake,genimage,root,unknown_fake,seen,1.0,0,base
/ai_paas_jf/pangqs/AIGC/safepp_pytorch/data/test/genimage/fake/129_sdv4_00106.png,1,genimage_fake,genimage,root,unknown_fake,seen,1.0,0,base
/ai_paas_jf/pangqs/AIGC/safepp_pytorch/data/test/genimage/fake/12_midjourney_14.png,1,genimage_fake,genimage,root,unknown_fake,seen,1.0,0,base
/ai_paas_jf/pangqs/AIGC/safepp_pytorch/data/test/genimage/fake/131_midjourney_17.png,1,genimage_fake,genimage,root,unknown_fake,seen,1.0,0,base
/ai_paas_jf/pangqs/AIGC/safepp_pytorch/data/test/genimage/fake/133_biggan_00031.png,1,genimage_fake,genimage,root,unknown_fake,seen,1.0,0,base
/ai_paas_jf/pangqs/AIGC/safepp_pytorch/data/test/genimage/fake/133_biggan_00066.png,1,genimage_fake,genimage,root,unknown_fake,seen,1.0,0,base
/ai_paas_jf/pangqs/AIGC/safepp_pytorch/data/test/genimage/fake/137_adm_149.PNG,1,genimage_fake,genimage,root,unknown_fake,seen,1.0,0,base
/ai_paas_jf/pangqs/AIGC/safepp_pytorch/data/test/genimage/fake/138_adm_116.PNG,1,genimage_fake,genimage,root,unknown_fake,seen,1.0,0,base
/ai_paas_jf/pangqs/AIGC/safepp_pytorch/data/test/genimage/fake/139_midjourney_33.png,1,genimage_fake,genimage,root,unknown_fake,seen,1.0,0,base
/ai_paas_jf/pangqs/AIGC/safepp_pytorch/data/test/genimage/fake/142_adm_56.PNG,1,genimage_fake,genimage,root,unknown_fake,seen,1.0,0,base
/ai_paas_jf/pangqs/AIGC/safepp_pytorch/data/test/genimage/fake/143_biggan_00073.png,1,genimage_fake,genimage,root,unknown_fake,seen,1.0,0,base
/ai_paas_jf/pangqs/AIGC/safepp_pytorch/data/test/genimage/fake/146_sdv4_00150.png,1,genimage_fake,genimage,root,unknown_fake,seen,1.0,0,base
/ai_paas_jf/pangqs/AIGC/safepp_pytorch/data/test/genimage/fake/147_adm_25.PNG,1,genimage_fake,genimage,root,unknown_fake,seen,1.0,0,base
/ai_paas_jf/pangqs/AIGC/safepp_pytorch/data/test/genimage/fake/147_biggan_00081.png,1,genimage_fake,genimage,root,unknown_fake,seen,1.0,0,base
/ai_paas_jf/pangqs/AIGC/safepp_pytorch/data/test/genimage/fake/147_biggan_00094.png,1,genimage_fake,genimage,root,unknown_fake,seen,1.0,0,base
/ai_paas_jf/pangqs/AIGC/safepp_pytorch/data/test/genimage/fake/147_wukong_image41.png,1,genimage_fake,genimage,root,unknown_fake,seen,1.0,0,base
/ai_paas_jf/pangqs/AIGC/safepp_pytorch/data/test/genimage/fake/148_midjourney_67.png,1,genimage_fake,genimage,root,unknown_fake,seen,1.0,0,base
/ai_paas_jf/pangqs/AIGC/safepp_pytorch/data/test/genimage/fake/150_biggan_00141.png,1,genimage_fake,genimage,root,unknown_fake,seen,1.0,0,base
/ai_paas_jf/pangqs/AIGC/safepp_pytorch/data/test/genimage/fake/152_midjourney_149.png,1,genimage_fake,genimage,root,unknown_fake,seen,1.0,0,base
/ai_paas_jf/pangqs/AIGC/safepp_pytorch/data/test/genimage/fake/154_sdv4_00014.png,1,genimage_fake,genimage,root,unknown_fake,seen,1.0,0,base
/ai_paas_jf/pangqs/AIGC/safepp_pytorch/data/test/genimage/fake/154_wukong_image55.png,1,genimage_fake,genimage,root,unknown_fake,seen,1.0,0,base
/ai_paas_jf/pangqs/AIGC/safepp_pytorch/data/test/genimage/fake/155_biggan_00118.png,1,genimage_fake,genimage,root,unknown_fake,seen,1.0,0,base
/ai_paas_jf/pangqs/AIGC/safepp_pytorch/data/test/genimage/fake/157_biggan_00063.png,1,genimage_fake,genimage,root,unknown_fake,seen,1.0,0,base
/ai_paas_jf/pangqs/AIGC/safepp_pytorch/data/test/genimage/fake/159_wukong_image64.png,1,genimage_fake,genimage,root,unknown_fake,seen,1.0,0,base
/ai_paas_jf/pangqs/AIGC/safepp_pytorch/data/test/genimage/fake/160_adm_10.PNG,1,genimage_fake,genimage,root,unknown_fake,seen,1.0,0,base
/ai_paas_jf/pangqs/AIGC/safepp_pytorch/data/test/genimage/fake/160_midjourney_57.png,1,genimage_fake,genimage,root,unknown_fake,seen,1.0,0,base
/ai_paas_jf/pangqs/AIGC/safepp_pytorch/data/test/genimage/fake/162_biggan_00115.png,1,genimage_fake,genimage,root,unknown_fake,seen,1.0,0,base
/ai_paas_jf/pangqs/AIGC/safepp_pytorch/data/test/genimage/fake/163_wukong_image137.png,1,genimage_fake,genimage,root,unknown_fake,seen,1.0,0,base
/ai_paas_jf/pangqs/AIGC/safepp_pytorch/data/test/genimage/fake/163_wukong_image97.png,1,genimage_fake,genimage,root,unknown_fake,seen,1.0,0,base
/ai_paas_jf/pangqs/AIGC/safepp_pytorch/data/test/genimage/fake/164_adm_71.PNG,1,genimage_fake,genimage,root,unknown_fake,seen,1.0,0,base
/ai_paas_jf/pangqs/AIGC/safepp_pytorch/data/test/genimage/fake/168_adm_147.PNG,1,genimage_fake,genimage,root,unknown_fake,seen,1.0,0,base
/ai_paas_jf/pangqs/AIGC/safepp_pytorch/data/test/genimage/fake/168_adm_161.PNG,1,genimage_fake,genimage,root,unknown_fake,seen,1.0,0,base
/ai_paas_jf/pangqs/AIGC/safepp_pytorch/data/test/genimage/fake/169_biggan_00130.png,1,genimage_fake,genimage,root,unknown_fake,seen,1.0,0,base
/ai_paas_jf/pangqs/AIGC/safepp_pytorch/data/test/genimage/fake/175_sdv4_00193.png,1,genimage_fake,genimage,root,unknown_fake,seen,1.0,0,base
/ai_paas_jf/pangqs/AIGC/safepp_pytorch/data/test/genimage/fake/178_biggan_00078.png,1,genimage_fake,genimage,root,unknown_fake,seen,1.0,0,base
/ai_paas_jf/pangqs/AIGC/safepp_pytorch/data/test/genimage/fake/178_biggan_00171.png,1,genimage_fake,genimage,root,unknown_fake,seen,1.0,0,base
/ai_paas_jf/pangqs/AIGC/safepp_pytorch/data/test/genimage/fake/178_wukong_image175.png,1,genimage_fake,genimage,root,unknown_fake,seen,1.0,0,base
/ai_paas_jf/pangqs/AIGC/safepp_pytorch/data/test/genimage/fake/179_adm_10.PNG,1,genimage_fake,genimage,root,unknown_fake,seen,1.0,0,base
/ai_paas_jf/pangqs/AIGC/safepp_pytorch/data/test/genimage/fake/183_sdv4_00187.png,1,genimage_fake,genimage,root,unknown_fake,seen,1.0,0,base
/ai_paas_jf/pangqs/AIGC/safepp_pytorch/data/test/genimage/fake/183_wukong_image34.png,1,genimage_fake,genimage,root,unknown_fake,seen,1.0,0,base
/ai_paas_jf/pangqs/AIGC/safepp_pytorch/data/test/genimage/fake/186_biggan_00096.png,1,genimage_fake,genimage,root,unknown_fake,seen,1.0,0,base
/ai_paas_jf/pangqs/AIGC/safepp_pytorch/data/test/genimage/fake/186_midjourney_41.png,1,genimage_fake,genimage,root,unknown_fake,seen,1.0,0,base
/ai_paas_jf/pangqs/AIGC/safepp_pytorch/data/test/genimage/fake/186_sdv4_00022.png,1,genimage_fake,genimage,root,unknown_fake,seen,1.0,0,base
/ai_paas_jf/pangqs/AIGC/safepp_pytorch/data/test/genimage/fake/186_sdv4_00102.png,1,genimage_fake,genimage,root,unknown_fake,seen,1.0,0,base
/ai_paas_jf/pangqs/AIGC/safepp_pytorch/data/test/genimage/fake/189_adm_70.PNG,1,genimage_fake,genimage,root,unknown_fake,seen,1.0,0,base
/ai_paas_jf/pangqs/AIGC/safepp_pytorch/data/test/genimage/fake/189_midjourney_94.png,1,genimage_fake,genimage,root,unknown_fake,seen,1.0,0,base
/ai_paas_jf/pangqs/AIGC/safepp_pytorch/data/test/genimage/fake/189_wukong_image22.png,1,genimage_fake,genimage,root,unknown_fake,seen,1.0,0,base
/ai_paas_jf/pangqs/AIGC/safepp_pytorch/data/test/genimage/fake/190_adm_80.PNG,1,genimage_fake,genimage,root,unknown_fake,seen,1.0,0,base
/ai_paas_jf/pangqs/AIGC/safepp_pytorch/data/test/genimage/fake/190_wukong_image31.png,1,genimage_fake,genimage,root,unknown_fake,seen,1.0,0,base
/ai_paas_jf/pangqs/AIGC/safepp_pytorch/data/test/genimage/fake/192_wukong_image11.png,1,genimage_fake,genimage,root,unknown_fake,seen,1.0,0,base
/ai_paas_jf/pangqs/AIGC/safepp_pytorch/data/test/genimage/fake/193_biggan_00014.png,1,genimage_fake,genimage,root,unknown_fake,seen,1.0,0,base
/ai_paas_jf/pangqs/AIGC/safepp_pytorch/data/test/genimage/fake/194_adm_55.PNG,1,genimage_fake,genimage,root,unknown_fake,seen,1.0,0,base
/ai_paas_jf/pangqs/AIGC/safepp_pytorch/data/test/genimage/fake/195_midjourney_99.png,1,genimage_fake,genimage,root,unknown_fake,seen,1.0,0,base
/ai_paas_jf/pangqs/AIGC/safepp_pytorch/data/test/genimage/fake/196_biggan_00146.png,1,genimage_fake,genimage,root,unknown_fake,seen,1.0,0,base
/ai_paas_jf/pangqs/AIGC/safepp_pytorch/data/test/genimage/fake/197_adm_28.PNG,1,genimage_fake,genimage,root,unknown_fake,seen,1.0,0,base
/ai_paas_jf/pangqs/AIGC/safepp_pytorch/data/test/genimage/fake/199_adm_11.PNG,1,genimage_fake,genimage,root,unknown_fake,seen,1.0,0,base
/ai_paas_jf/pangqs/AIGC/safepp_pytorch/data/test/genimage/fake/1_adm_180.PNG,1,genimage_fake,genimage,root,unknown_fake,seen,1.0,0,base
/ai_paas_jf/pangqs/AIGC/safepp_pytorch/data/test/genimage/fake/200_wukong_image135.png,1,genimage_fake,genimage,root,unknown_fake,seen,1.0,0,base
/ai_paas_jf/pangqs/AIGC/safepp_pytorch/data/test/genimage/fake/201_sdv4_00139.png,1,genimage_fake,genimage,root,unknown_fake,seen,1.0,0,base
/ai_paas_jf/pangqs/AIGC/safepp_pytorch/data/test/genimage/fake/202_adm_4.PNG,1,genimage_fake,genimage,root,unknown_fake,seen,1.0,0,base
/ai_paas_jf/pangqs/AIGC/safepp_pytorch/data/test/genimage/fake/203_midjourney_69.png,1,genimage_fake,genimage,root,unknown_fake,seen,1.0,0,base
/ai_paas_jf/pangqs/AIGC/safepp_pytorch/data/test/genimage/fake/204_biggan_00166.png,1,genimage_fake,genimage,root,unknown_fake,seen,1.0,0,base
/ai_paas_jf/pangqs/AIGC/safepp_pytorch/data/test/genimage/fake/205_adm_148.PNG,1,genimage_fake,genimage,root,unknown_fake,seen,1.0,0,base
/ai_paas_jf/pangqs/AIGC/safepp_pytorch/data/test/genimage/fake/205_adm_9.PNG,1,genimage_fake,genimage,root,unknown_fake,seen,1.0,0,base
/ai_paas_jf/pangqs/AIGC/safepp_pytorch/data/test/genimage/fake/206_wukong_image101.png,1,genimage_fake,genimage,root,unknown_fake,seen,1.0,0,base
/ai_paas_jf/pangqs/AIGC/safepp_pytorch/data/test/genimage/fake/208_midjourney_153.png,1,genimage_fake,genimage,root,unknown_fake,seen,1.0,0,base
/ai_paas_jf/pangqs/AIGC/safepp_pytorch/data/test/genimage/fake/20_adm_90.PNG,1,genimage_fake,genimage,root,unknown_fake,seen,1.0,0,base
/ai_paas_jf/pangqs/AIGC/safepp_pytorch/data/test/genimage/fake/211_biggan_00082.png,1,genimage_fake,genimage,root,unknown_fake,seen,1.0,0,base
/ai_paas_jf/pangqs/AIGC/safepp_pytorch/data/test/genimage/fake/215_midjourney_78.png,1,genimage_fake,genimage,root,unknown_fake,seen,1.0,0,base
/ai_paas_jf/pangqs/AIGC/safepp_pytorch/data/test/genimage/fake/215_midjourney_82.png,1,genimage_fake,genimage,root,unknown_fake,seen,1.0,0,base
/ai_paas_jf/pangqs/AIGC/safepp_pytorch/data/test/genimage/fake/217_sdv4_00037.png,1,genimage_fake,genimage,root,unknown_fake,seen,1.0,0,base
/ai_paas_jf/pangqs/AIGC/safepp_pytorch/data/test/genimage/fake/217_sdv4_00148.png,1,genimage_fake,genimage,root,unknown_fake,seen,1.0,0,base
/ai_paas_jf/pangqs/AIGC/safepp_pytorch/data/test/genimage/fake/219_midjourney_19.png,1,genimage_fake,genimage,root,unknown_fake,seen,1.0,0,base
/ai_paas_jf/pangqs/AIGC/safepp_pytorch/data/test/genimage/fake/220_midjourney_60.png,1,genimage_fake,genimage,root,unknown_fake,seen,1.0,0,base
/ai_paas_jf/pangqs/AIGC/safepp_pytorch/data/test/genimage/fake/225_biggan_00156.png,1,genimage_fake,genimage,root,unknown_fake,seen,1.0,0,base
/ai_paas_jf/pangqs/AIGC/safepp_pytorch/data/test/genimage/fake/225_midjourney_45.png,1,genimage_fake,genimage,root,unknown_fake,seen,1.0,0,base
/ai_paas_jf/pangqs/AIGC/safepp_pytorch/data/test/genimage/fake/226_midjourney_127.png,1,genimage_fake,genimage,root,unknown_fake,seen,1.0,0,base
/ai_paas_jf/pangqs/AIGC/safepp_pytorch/data/test/genimage/fake/228_sdv4_00179.png,1,genimage_fake,genimage,root,unknown_fake,seen,1.0,0,base
/ai_paas_jf/pangqs/AIGC/safepp_pytorch/data/test/genimage/fake/229_adm_72.PNG,1,genimage_fake,genimage,root,unknown_fake,seen,1.0,0,base
/ai_paas_jf/pangqs/AIGC/safepp_pytorch/data/test/genimage/fake/231_midjourney_73.png,1,genimage_fake,genimage,root,unknown_fake,seen,1.0,0,base
/ai_paas_jf/pangqs/AIGC/safepp_pytorch/data/test/genimage/fake/232_wukong_image183.png,1,genimage_fake,genimage,root,unknown_fake,seen,1.0,0,base
/ai_paas_jf/pangqs/AIGC/safepp_pytorch/data/test/genimage/fake/238_sdv4_00024.png,1,genimage_fake,genimage,root,unknown_fake,seen,1.0,0,base
/ai_paas_jf/pangqs/AIGC/safepp_pytorch/data/test/genimage/fake/240_sdv4_00089.png,1,genimage_fake,genimage,root,unknown_fake,seen,1.0,0,base
/ai_paas_jf/pangqs/AIGC/safepp_pytorch/data/test/genimage/fake/242_sdv4_00002.png,1,genimage_fake,genimage,root,unknown_fake,seen,1.0,0,base
/ai_paas_jf/pangqs/AIGC/safepp_pytorch/data/test/genimage/fake/244_adm_24.PNG,1,genimage_fake,genimage,root,unknown_fake,seen,1.0,0,base
/ai_paas_jf/pangqs/AIGC/safepp_pytorch/data/test/genimage/fake/244_biggan_00055.png,1,genimage_fake,genimage,root,unknown_fake,seen,1.0,0,base
/ai_paas_jf/pangqs/AIGC/safepp_pytorch/data/test/genimage/fake/245_biggan_00008.png,1,genimage_fake,genimage,root,unknown_fake,seen,1.0,0,base
/ai_paas_jf/pangqs/AIGC/safepp_pytorch/data/test/genimage/fake/245_midjourney_30.png,1,genimage_fake,genimage,root,unknown_fake,seen,1.0,0,base
/ai_paas_jf/pangqs/AIGC/safepp_pytorch/data/test/genimage/fake/245_sdv4_00185.png,1,genimage_fake,genimage,root,unknown_fake,seen,1.0,0,base
/ai_paas_jf/pangqs/AIGC/safepp_pytorch/data/test/genimage/fake/247_wukong_image57.png,1,genimage_fake,genimage,root,unknown_fake,seen,1.0,0,base
/ai_paas_jf/pangqs/AIGC/safepp_pytorch/data/test/genimage/fake/248_sdv4_00059.png,1,genimage_fake,genimage,root,unknown_fake,seen,1.0,0,base
/ai_paas_jf/pangqs/AIGC/safepp_pytorch/data/test/genimage/fake/249_biggan_00186.png,1,genimage_fake,genimage,root,unknown_fake,seen,1.0,0,base
/ai_paas_jf/pangqs/AIGC/safepp_pytorch/data/test/genimage/fake/24_wukong_image72.png,1,genimage_fake,genimage,root,unknown_fake,seen,1.0,0,base
/ai_paas_jf/pangqs/AIGC/safepp_pytorch/data/test/genimage/fake/251_adm_179.PNG,1,genimage_fake,genimage,root,unknown_fake,seen,1.0,0,base
/ai_paas_jf/pangqs/AIGC/safepp_pytorch/data/test/genimage/fake/254_sdv4_00010.png,1,genimage_fake,genimage,root,unknown_fake,seen,1.0,0,base
/ai_paas_jf/pangqs/AIGC/safepp_pytorch/data/test/genimage/fake/255_adm_33.PNG,1,genimage_fake,genimage,root,unknown_fake,seen,1.0,0,base
/ai_paas_jf/pangqs/AIGC/safepp_pytorch/data/test/genimage/fake/256_adm_21.PNG,1,genimage_fake,genimage,root,unknown_fake,seen,1.0,0,base
/ai_paas_jf/pangqs/AIGC/safepp_pytorch/data/test/genimage/fake/258_biggan_00007.png,1,genimage_fake,genimage,root,unknown_fake,seen,1.0,0,base
/ai_paas_jf/pangqs/AIGC/safepp_pytorch/data/test/genimage/fake/263_biggan_00122.png,1,genimage_fake,genimage,root,unknown_fake,seen,1.0,0,base
/ai_paas_jf/pangqs/AIGC/safepp_pytorch/data/test/genimage/fake/265_adm_108.PNG,1,genimage_fake,genimage,root,unknown_fake,seen,1.0,0,base
/ai_paas_jf/pangqs/AIGC/safepp_pytorch/data/test/genimage/fake/267_sdv4_00088.png,1,genimage_fake,genimage,root,unknown_fake,seen,1.0,0,base
/ai_paas_jf/pangqs/AIGC/safepp_pytorch/data/test/genimage/fake/267_wukong_image175.png,1,genimage_fake,genimage,root,unknown_fake,seen,1.0,0,base
/ai_paas_jf/pangqs/AIGC/safepp_pytorch/data/test/genimage/fake/268_adm_86.PNG,1,genimage_fake,genimage,root,unknown_fake,seen,1.0,0,base
/ai_paas_jf/pangqs/AIGC/safepp_pytorch/data/test/genimage/fake/268_biggan_00152.png,1,genimage_fake,genimage,root,unknown_fake,seen,1.0,0,base
/ai_paas_jf/pangqs/AIGC/safepp_pytorch/data/test/genimage/fake/269_midjourney_171.png,1,genimage_fake,genimage,root,unknown_fake,seen,1.0,0,base
/ai_paas_jf/pangqs/AIGC/safepp_pytorch/data/test/genimage/fake/272_adm_124.PNG,1,genimage_fake,genimage,root,unknown_fake,seen,1.0,0,base
/ai_paas_jf/pangqs/AIGC/safepp_pytorch/data/test/genimage/fake/273_adm_66.PNG,1,genimage_fake,genimage,root,unknown_fake,seen,1.0,0,base
/ai_paas_jf/pangqs/AIGC/safepp_pytorch/data/test/genimage/fake/273_midjourney_54.png,1,genimage_fake,genimage,root,unknown_fake,seen,1.0,0,base
/ai_paas_jf/pangqs/AIGC/safepp_pytorch/data/test/genimage/fake/274_sdv4_00096.png,1,genimage_fake,genimage,root,unknown_fake,seen,1.0,0,base
/ai_paas_jf/pangqs/AIGC/safepp_pytorch/data/test/genimage/fake/275_wukong_image22.png,1,genimage_fake,genimage,root,unknown_fake,seen,1.0,0,base
/ai_paas_jf/pangqs/AIGC/safepp_pytorch/data/test/genimage/fake/276_adm_10.PNG,1,genimage_fake,genimage,root,unknown_fake,seen,1.0,0,base
/ai_paas_jf/pangqs/AIGC/safepp_pytorch/data/test/genimage/fake/276_sdv4_00013.png,1,genimage_fake,genimage,root,unknown_fake,seen,1.0,0,base
/ai_paas_jf/pangqs/AIGC/safepp_pytorch/data/test/genimage/fake/278_adm_98.PNG,1,genimage_fake,genimage,root,unknown_fake,seen,1.0,0,base
/ai_paas_jf/pangqs/AIGC/safepp_pytorch/data/test/genimage/fake/280_adm_9.PNG,1,genimage_fake,genimage,root,unknown_fake,seen,1.0,0,base
/ai_paas_jf/pangqs/AIGC/safepp_pytorch/data/test/genimage/fake/280_wukong_image58.png,1,genimage_fake,genimage,root,unknown_fake,seen,1.0,0,base
/ai_paas_jf/pangqs/AIGC/safepp_pytorch/data/test/genimage/fake/281_biggan_00153.png,1,genimage_fake,genimage,root,unknown_fake,seen,1.0,0,base
/ai_paas_jf/pangqs/AIGC/safepp_pytorch/data/test/genimage/fake/282_midjourney_105.png,1,genimage_fake,genimage,root,unknown_fake,seen,1.0,0,base
/ai_paas_jf/pangqs/AIGC/safepp_pytorch/data/test/genimage/fake/283_adm_111.PNG,1,genimage_fake,genimage,root,unknown_fake,seen,1.0,0,base
/ai_paas_jf/pangqs/AIGC/safepp_pytorch/data/test/genimage/fake/283_sdv4_00024.png,1,genimage_fake,genimage,root,unknown_fake,seen,1.0,0,base
/ai_paas_jf/pangqs/AIGC/safepp_pytorch/data/test/genimage/fake/284_biggan_00122.png,1,genimage_fake,genimage,root,unknown_fake,seen,1.0,0,base
/ai_paas_jf/pangqs/AIGC/safepp_pytorch/data/test/genimage/fake/284_wukong_image2.png,1,genimage_fake,genimage,root,unknown_fake,seen,1.0,0,base
/ai_paas_jf/pangqs/AIGC/safepp_pytorch/data/test/genimage/fake/285_biggan_00131.png,1,genimage_fake,genimage,root,unknown_fake,seen,1.0,0,base
/ai_paas_jf/pangqs/AIGC/safepp_pytorch/data/test/genimage/fake/285_wukong_image154.png,1,genimage_fake,genimage,root,unknown_fake,seen,1.0,0,base
/ai_paas_jf/pangqs/AIGC/safepp_pytorch/data/test/genimage/fake/286_biggan_00139.png,1,genimage_fake,genimage,root,unknown_fake,seen,1.0,0,base
/ai_paas_jf/pangqs/AIGC/safepp_pytorch/data/test/genimage/fake/287_adm_88.PNG,1,genimage_fake,genimage,root,unknown_fake,seen,1.0,0,base
/ai_paas_jf/pangqs/AIGC/safepp_pytorch/data/test/genimage/fake/287_sdv4_00050.png,1,genimage_fake,genimage,root,unknown_fake,seen,1.0,0,base
/ai_paas_jf/pangqs/AIGC/safepp_pytorch/data/test/genimage/fake/290_adm_168.PNG,1,genimage_fake,genimage,root,unknown_fake,seen,1.0,0,base
/ai_paas_jf/pangqs/AIGC/safepp_pytorch/data/test/genimage/fake/290_wukong_image183.png,1,genimage_fake,genimage,root,unknown_fake,seen,1.0,0,base
/ai_paas_jf/pangqs/AIGC/safepp_pytorch/data/test/genimage/fake/291_adm_0.PNG,1,genimage_fake,genimage,root,unknown_fake,seen,1.0,0,base
/ai_paas_jf/pangqs/AIGC/safepp_pytorch/data/test/genimage/fake/291_midjourney_83.png,1,genimage_fake,genimage,root,unknown_fake,seen,1.0,0,base
/ai_paas_jf/pangqs/AIGC/safepp_pytorch/data/test/genimage/fake/292_biggan_00117.png,1,genimage_fake,genimage,root,unknown_fake,seen,1.0,0,base
/ai_paas_jf/pangqs/AIGC/safepp_pytorch/data/test/genimage/fake/295_biggan_00184.png,1,genimage_fake,genimage,root,unknown_fake,seen,1.0,0,base
/ai_paas_jf/pangqs/AIGC/safepp_pytorch/data/test/genimage/fake/296_adm_53.PNG,1,genimage_fake,genimage,root,unknown_fake,seen,1.0,0,base
/ai_paas_jf/pangqs/AIGC/safepp_pytorch/data/test/genimage/fake/298_midjourney_14.png,1,genimage_fake,genimage,root,unknown_fake,seen,1.0,0,base
/ai_paas_jf/pangqs/AIGC/safepp_pytorch/data/test/genimage/fake/299_adm_42.PNG,1,genimage_fake,genimage,root,unknown_fake,seen,1.0,0,base
/ai_paas_jf/pangqs/AIGC/safepp_pytorch/data/test/genimage/fake/299_sdv4_00153.png,1,genimage_fake,genimage,root,unknown_fake,seen,1.0,0,base
/ai_paas_jf/pangqs/AIGC/safepp_pytorch/data/test/genimage/fake/29_wukong_image167.png,1,genimage_fake,genimage,root,unknown_fake,seen,1.0,0,base
/ai_paas_jf/pangqs/AIGC/safepp_pytorch/data/test/genimage/fake/300_sdv4_00193.png,1,genimage_fake,genimage,root,unknown_fake,seen,1.0,0,base
/ai_paas_jf/pangqs/AIGC/safepp_pytorch/data/test/genimage/fake/301_biggan_00160.png,1,genimage_fake,genimage,root,unknown_fake,seen,1.0,0,base
/ai_paas_jf/pangqs/AIGC/safepp_pytorch/data/test/genimage/fake/305_wukong_image157.png,1,genimage_fake,genimage,root,unknown_fake,seen,1.0,0,base
/ai_paas_jf/pangqs/AIGC/safepp_pytorch/data/test/genimage/fake/308_adm_108.PNG,1,genimage_fake,genimage,root,unknown_fake,seen,1.0,0,base
/ai_paas_jf/pangqs/AIGC/safepp_pytorch/data/test/genimage/fake/308_adm_172.PNG,1,genimage_fake,genimage,root,unknown_fake,seen,1.0,0,base
/ai_paas_jf/pangqs/AIGC/safepp_pytorch/data/test/genimage/fake/308_wukong_image147.png,1,genimage_fake,genimage,root,unknown_fake,seen,1.0,0,base
/ai_paas_jf/pangqs/AIGC/safepp_pytorch/data/test/genimage/fake/309_adm_162.PNG,1,genimage_fake,genimage,root,unknown_fake,seen,1.0,0,base
/ai_paas_jf/pangqs/AIGC/safepp_pytorch/data/test/genimage/fake/309_wukong_image51.png,1,genimage_fake,genimage,root,unknown_fake,seen,1.0,0,base
/ai_paas_jf/pangqs/AIGC/safepp_pytorch/data/test/genimage/fake/312_adm_70.PNG,1,genimage_fake,genimage,root,unknown_fake,seen,1.0,0,base
/ai_paas_jf/pangqs/AIGC/safepp_pytorch/data/test/genimage/fake/319_biggan_00110.png,1,genimage_fake,genimage,root,unknown_fake,seen,1.0,0,base
/ai_paas_jf/pangqs/AIGC/safepp_pytorch/data/test/genimage/fake/320_adm_20.PNG,1,genimage_fake,genimage,root,unknown_fake,seen,1.0,0,base
/ai_paas_jf/pangqs/AIGC/safepp_pytorch/data/test/genimage/fake/320_biggan_00021.png,1,genimage_fake,genimage,root,unknown_fake,seen,1.0,0,base
/ai_paas_jf/pangqs/AIGC/safepp_pytorch/data/test/genimage/fake/323_midjourney_166.png,1,genimage_fake,genimage,root,unknown_fake,seen,1.0,0,base
/ai_paas_jf/pangqs/AIGC/safepp_pytorch/data/test/genimage/fake/323_midjourney_171.png,1,genimage_fake,genimage,root,unknown_fake,seen,1.0,0,base
/ai_paas_jf/pangqs/AIGC/safepp_pytorch/data/test/genimage/fake/323_sdv4_00096.png,1,genimage_fake,genimage,root,unknown_fake,seen,1.0,0,base
/ai_paas_jf/pangqs/AIGC/safepp_pytorch/data/test/genimage/fake/324_adm_175.PNG,1,genimage_fake,genimage,root,unknown_fake,seen,1.0,0,base
/ai_paas_jf/pangqs/AIGC/safepp_pytorch/data/test/genimage/fake/324_adm_29.PNG,1,genimage_fake,genimage,root,unknown_fake,seen,1.0,0,base
/ai_paas_jf/pangqs/AIGC/safepp_pytorch/data/test/genimage/fake/324_wukong_image171.png,1,genimage_fake,genimage,root,unknown_fake,seen,1.0,0,base
/ai_paas_jf/pangqs/AIGC/safepp_pytorch/data/test/genimage/fake/326_sdv4_00075.png,1,genimage_fake,genimage,root,unknown_fake,seen,1.0,0,base
/ai_paas_jf/pangqs/AIGC/safepp_pytorch/data/test/genimage/fake/327_wukong_image66.png,1,genimage_fake,genimage,root,unknown_fake,seen,1.0,0,base
/ai_paas_jf/pangqs/AIGC/safepp_pytorch/data/test/genimage/fake/333_wukong_image78.png,1,genimage_fake,genimage,root,unknown_fake,seen,1.0,0,base
/ai_paas_jf/pangqs/AIGC/safepp_pytorch/data/test/genimage/fake/334_sdv4_00072.png,1,genimage_fake,genimage,root,unknown_fake,seen,1.0,0,base
/ai_paas_jf/pangqs/AIGC/safepp_pytorch/data/test/genimage/fake/335_adm_69.PNG,1,genimage_fake,genimage,root,unknown_fake,seen,1.0,0,base
/ai_paas_jf/pangqs/AIGC/safepp_pytorch/data/test/genimage/fake/337_midjourney_110.png,1,genimage_fake,genimage,root,unknown_fake,seen,1.0,0,base
/ai_paas_jf/pangqs/AIGC/safepp_pytorch/data/test/genimage/fake/340_midjourney_131.png,1,genimage_fake,genimage,root,unknown_fake,seen,1.0,0,base
/ai_paas_jf/pangqs/AIGC/safepp_pytorch/data/test/genimage/fake/341_sdv4_00124.png,1,genimage_fake,genimage,root,unknown_fake,seen,1.0,0,base
/ai_paas_jf/pangqs/AIGC/safepp_pytorch/data/test/genimage/fake/342_adm_131.PNG,1,genimage_fake,genimage,root,unknown_fake,seen,1.0,0,base
/ai_paas_jf/pangqs/AIGC/safepp_pytorch/data/test/genimage/fake/345_adm_111.PNG,1,genimage_fake,genimage,root,unknown_fake,seen,1.0,0,base
/ai_paas_jf/pangqs/AIGC/safepp_pytorch/data/test/genimage/fake/345_sdv4_00175.png,1,genimage_fake,genimage,root,unknown_fake,seen,1.0,0,base
/ai_paas_jf/pangqs/AIGC/safepp_pytorch/data/test/genimage/fake/346_biggan_00123.png,1,genimage_fake,genimage,root,unknown_fake,seen,1.0,0,base
/ai_paas_jf/pangqs/AIGC/safepp_pytorch/data/test/genimage/fake/346_midjourney_46.png,1,genimage_fake,genimage,root,unknown_fake,seen,1.0,0,base
/ai_paas_jf/pangqs/AIGC/safepp_pytorch/data/test/genimage/fake/347_midjourney_10.png,1,genimage_fake,genimage,root,unknown_fake,seen,1.0,0,base
/ai_paas_jf/pangqs/AIGC/safepp_pytorch/data/test/genimage/fake/348_biggan_00095.png,1,genimage_fake,genimage,root,unknown_fake,seen,1.0,0,base
/ai_paas_jf/pangqs/AIGC/safepp_pytorch/data/test/genimage/fake/348_midjourney_143.png,1,genimage_fake,genimage,root,unknown_fake,seen,1.0,0,base
/ai_paas_jf/pangqs/AIGC/safepp_pytorch/data/test/genimage/fake/348_midjourney_86.png,1,genimage_fake,genimage,root,unknown_fake,seen,1.0,0,base
/ai_paas_jf/pangqs/AIGC/safepp_pytorch/data/test/genimage/fake/350_adm_155.PNG,1,genimage_fake,genimage,root,unknown_fake,seen,1.0,0,base
/ai_paas_jf/pangqs/AIGC/safepp_pytorch/data/test/genimage/fake/350_biggan_00171.png,1,genimage_fake,genimage,root,unknown_fake,seen,1.0,0,base
/ai_paas_jf/pangqs/AIGC/safepp_pytorch/data/test/genimage/fake/352_biggan_00062.png,1,genimage_fake,genimage,root,unknown_fake,seen,1.0,0,base
/ai_paas_jf/pangqs/AIGC/safepp_pytorch/data/test/genimage/fake/353_biggan_00013.png,1,genimage_fake,genimage,root,unknown_fake,seen,1.0,0,base
/ai_paas_jf/pangqs/AIGC/safepp_pytorch/data/test/genimage/fake/356_midjourney_32.png,1,genimage_fake,genimage,root,unknown_fake,seen,1.0,0,base
/ai_paas_jf/pangqs/AIGC/safepp_pytorch/data/test/genimage/fake/358_adm_33.PNG,1,genimage_fake,genimage,root,unknown_fake,seen,1.0,0,base
/ai_paas_jf/pangqs/AIGC/safepp_pytorch/data/test/genimage/fake/359_biggan_00088.png,1,genimage_fake,genimage,root,unknown_fake,seen,1.0,0,base
/ai_paas_jf/pangqs/AIGC/safepp_pytorch/data/test/genimage/fake/359_midjourney_21.png,1,genimage_fake,genimage,root,unknown_fake,seen,1.0,0,base
/ai_paas_jf/pangqs/AIGC/safepp_pytorch/data/test/genimage/fake/359_sdv4_00000.png,1,genimage_fake,genimage,root,unknown_fake,seen,1.0,0,base
/ai_paas_jf/pangqs/AIGC/safepp_pytorch/data/test/genimage/fake/360_wukong_image141.png,1,genimage_fake,genimage,root,unknown_fake,seen,1.0,0,base
/ai_paas_jf/pangqs/AIGC/safepp_pytorch/data/test/genimage/fake/360_wukong_image155.png,1,genimage_fake,genimage,root,unknown_fake,seen,1.0,0,base
/ai_paas_jf/pangqs/AIGC/safepp_pytorch/data/test/genimage/fake/363_midjourney_195.png,1,genimage_fake,genimage,root,unknown_fake,seen,1.0,0,base
/ai_paas_jf/pangqs/AIGC/safepp_pytorch/data/test/genimage/fake/363_midjourney_26.png,1,genimage_fake,genimage,root,unknown_fake,seen,1.0,0,base
/ai_paas_jf/pangqs/AIGC/safepp_pytorch/data/test/genimage/fake/364_wukong_image150.png,1,genimage_fake,genimage,root,unknown_fake,seen,1.0,0,base
/ai_paas_jf/pangqs/AIGC/safepp_pytorch/data/test/genimage/fake/364_wukong_image75.png,1,genimage_fake,genimage,root,unknown_fake,seen,1.0,0,base
/ai_paas_jf/pangqs/AIGC/safepp_pytorch/data/test/genimage/fake/365_adm_15.PNG,1,genimage_fake,genimage,root,unknown_fake,seen,1.0,0,base
/ai_paas_jf/pangqs/AIGC/safepp_pytorch/data/test/genimage/fake/369_adm_135.PNG,1,genimage_fake,genimage,root,unknown_fake,seen,1.0,0,base
/ai_paas_jf/pangqs/AIGC/safepp_pytorch/data/test/genimage/fake/369_adm_157.PNG,1,genimage_fake,genimage,root,unknown_fake,seen,1.0,0,base
/ai_paas_jf/pangqs/AIGC/safepp_pytorch/data/test/genimage/fake/369_midjourney_166.png,1,genimage_fake,genimage,root,unknown_fake,seen,1.0,0,base
/ai_paas_jf/pangqs/AIGC/safepp_pytorch/data/test/genimage/fake/36_adm_5.PNG,1,genimage_fake,genimage,root,unknown_fake,seen,1.0,0,base
/ai_paas_jf/pangqs/AIGC/safepp_pytorch/data/test/genimage/fake/371_sdv4_00170.png,1,genimage_fake,genimage,root,unknown_fake,seen,1.0,0,base
/ai_paas_jf/pangqs/AIGC/safepp_pytorch/data/test/genimage/fake/372_biggan_00123.png,1,genimage_fake,genimage,root,unknown_fake,seen,1.0,0,base
/ai_paas_jf/pangqs/AIGC/safepp_pytorch/data/test/genimage/fake/373_sdv4_00067.png,1,genimage_fake,genimage,root,unknown_fake,seen,1.0,0,base
/ai_paas_jf/pangqs/AIGC/safepp_pytorch/data/test/genimage/fake/374_midjourney_25.png,1,genimage_fake,genimage,root,unknown_fake,seen,1.0,0,base
/ai_paas_jf/pangqs/AIGC/safepp_pytorch/data/test/genimage/fake/377_wukong_image142.png,1,genimage_fake,genimage,root,unknown_fake,seen,1.0,0,base
/ai_paas_jf/pangqs/AIGC/safepp_pytorch/data/test/genimage/fake/381_midjourney_120.png,1,genimage_fake,genimage,root,unknown_fake,seen,1.0,0,base
/ai_paas_jf/pangqs/AIGC/safepp_pytorch/data/test/genimage/fake/381_midjourney_59.png,1,genimage_fake,genimage,root,unknown_fake,seen,1.0,0,base
/ai_paas_jf/pangqs/AIGC/safepp_pytorch/data/test/genimage/fake/382_biggan_00088.png,1,genimage_fake,genimage,root,unknown_fake,seen,1.0,0,base
/ai_paas_jf/pangqs/AIGC/safepp_pytorch/data/test/genimage/fake/385_adm_145.PNG,1,genimage_fake,genimage,root,unknown_fake,seen,1.0,0,base
/ai_paas_jf/pangqs/AIGC/safepp_pytorch/data/test/genimage/fake/386_biggan_00120.png,1,genimage_fake,genimage,root,unknown_fake,seen,1.0,0,base
/ai_paas_jf/pangqs/AIGC/safepp_pytorch/data/test/genimage/fake/386_sdv4_00058.png,1,genimage_fake,genimage,root,unknown_fake,seen,1.0,0,base
/ai_paas_jf/pangqs/AIGC/safepp_pytorch/data/test/genimage/fake/389_adm_70.PNG,1,genimage_fake,genimage,root,unknown_fake,seen,1.0,0,base
/ai_paas_jf/pangqs/AIGC/safepp_pytorch/data/test/genimage/fake/389_biggan_00171.png,1,genimage_fake,genimage,root,unknown_fake,seen,1.0,0,base
/ai_paas_jf/pangqs/AIGC/safepp_pytorch/data/test/genimage/fake/389_midjourney_55.png,1,genimage_fake,genimage,root,unknown_fake,seen,1.0,0,base
/ai_paas_jf/pangqs/AIGC/safepp_pytorch/data/test/genimage/fake/391_wukong_image2.png,1,genimage_fake,genimage,root,unknown_fake,seen,1.0,0,base
/ai_paas_jf/pangqs/AIGC/safepp_pytorch/data/test/genimage/fake/396_adm_1.PNG,1,genimage_fake,genimage,root,unknown_fake,seen,1.0,0,base
/ai_paas_jf/pangqs/AIGC/safepp_pytorch/data/test/genimage/fake/396_biggan_00177.png,1,genimage_fake,genimage,root,unknown_fake,seen,1.0,0,base
/ai_paas_jf/pangqs/AIGC/safepp_pytorch/data/test/genimage/fake/396_sdv4_00166.png,1,genimage_fake,genimage,root,unknown_fake,seen,1.0,0,base
/ai_paas_jf/pangqs/AIGC/safepp_pytorch/data/test/genimage/fake/39_adm_11.PNG,1,genimage_fake,genimage,root,unknown_fake,seen,1.0,0,base
/ai_paas_jf/pangqs/AIGC/safepp_pytorch/data/test/genimage/fake/400_sdv4_00198.png,1,genimage_fake,genimage,root,unknown_fake,seen,1.0,0,base
/ai_paas_jf/pangqs/AIGC/safepp_pytorch/data/test/genimage/fake/401_sdv4_00058.png,1,genimage_fake,genimage,root,unknown_fake,seen,1.0,0,base
/ai_paas_jf/pangqs/AIGC/safepp_pytorch/data/test/genimage/fake/402_midjourney_27.png,1,genimage_fake,genimage,root,unknown_fake,seen,1.0,0,base
/ai_paas_jf/pangqs/AIGC/safepp_pytorch/data/test/genimage/fake/403_biggan_00057.png,1,genimage_fake,genimage,root,unknown_fake,seen,1.0,0,base
/ai_paas_jf/pangqs/AIGC/safepp_pytorch/data/test/genimage/fake/403_biggan_00181.png,1,genimage_fake,genimage,root,unknown_fake,seen,1.0,0,base
/ai_paas_jf/pangqs/AIGC/safepp_pytorch/data/test/genimage/fake/406_sdv4_00190.png,1,genimage_fake,genimage,root,unknown_fake,seen,1.0,0,base
/ai_paas_jf/pangqs/AIGC/safepp_pytorch/data/test/genimage/fake/407_midjourney_67.png,1,genimage_fake,genimage,root,unknown_fake,seen,1.0,0,base
/ai_paas_jf/pangqs/AIGC/safepp_pytorch/data/test/genimage/fake/408_wukong_image147.png,1,genimage_fake,genimage,root,unknown_fake,seen,1.0,0,base
/ai_paas_jf/pangqs/AIGC/safepp_pytorch/data/test/genimage/fake/413_wukong_image4.png,1,genimage_fake,genimage,root,unknown_fake,seen,1.0,0,base
/ai_paas_jf/pangqs/AIGC/safepp_pytorch/data/test/genimage/fake/414_midjourney_92.png,1,genimage_fake,genimage,root,unknown_fake,seen,1.0,0,base
/ai_paas_jf/pangqs/AIGC/safepp_pytorch/data/test/genimage/fake/414_sdv4_00118.png,1,genimage_fake,genimage,root,unknown_fake,seen,1.0,0,base
/ai_paas_jf/pangqs/AIGC/safepp_pytorch/data/test/genimage/fake/415_adm_57.PNG,1,genimage_fake,genimage,root,unknown_fake,seen,1.0,0,base
/ai_paas_jf/pangqs/AIGC/safepp_pytorch/data/test/genimage/fake/416_adm_45.PNG,1,genimage_fake,genimage,root,unknown_fake,seen,1.0,0,base
/ai_paas_jf/pangqs/AIGC/safepp_pytorch/data/test/genimage/fake/417_adm_30.PNG,1,genimage_fake,genimage,root,unknown_fake,seen,1.0,0,base
/ai_paas_jf/pangqs/AIGC/safepp_pytorch/data/test/genimage/fake/418_sdv4_00013.png,1,genimage_fake,genimage,root,unknown_fake,seen,1.0,0,base
/ai_paas_jf/pangqs/AIGC/safepp_pytorch/data/test/genimage/fake/418_wukong_image104.png,1,genimage_fake,genimage,root,unknown_fake,seen,1.0,0,base
/ai_paas_jf/pangqs/AIGC/safepp_pytorch/data/test/genimage/fake/419_biggan_00159.png,1,genimage_fake,genimage,root,unknown_fake,seen,1.0,0,base
/ai_paas_jf/pangqs/AIGC/safepp_pytorch/data/test/genimage/fake/419_midjourney_159.png,1,genimage_fake,genimage,root,unknown_fake,seen,1.0,0,base
/ai_paas_jf/pangqs/AIGC/safepp_pytorch/data/test/genimage/fake/41_adm_114.PNG,1,genimage_fake,genimage,root,unknown_fake,seen,1.0,0,base
/ai_paas_jf/pangqs/AIGC/safepp_pytorch/data/test/genimage/fake/421_biggan_00114.png,1,genimage_fake,genimage,root,unknown_fake,seen,1.0,0,base
/ai_paas_jf/pangqs/AIGC/safepp_pytorch/data/test/genimage/fake/422_adm_110.PNG,1,genimage_fake,genimage,root,unknown_fake,seen,1.0,0,base
/ai_paas_jf/pangqs/AIGC/safepp_pytorch/data/test/genimage/fake/422_wukong_image125.png,1,genimage_fake,genimage,root,unknown_fake,seen,1.0,0,base
/ai_paas_jf/pangqs/AIGC/safepp_pytorch/data/test/genimage/fake/423_wukong_image10.png,1,genimage_fake,genimage,root,unknown_fake,seen,1.0,0,base
/ai_paas_jf/pangqs/AIGC/safepp_pytorch/data/test/genimage/fake/426_biggan_00064.png,1,genimage_fake,genimage,root,unknown_fake,seen,1.0,0,base
/ai_paas_jf/pangqs/AIGC/safepp_pytorch/data/test/genimage/fake/426_wukong_image69.png,1,genimage_fake,genimage,root,unknown_fake,seen,1.0,0,base
/ai_paas_jf/pangqs/AIGC/safepp_pytorch/data/test/genimage/fake/427_wukong_image165.png,1,genimage_fake,genimage,root,unknown_fake,seen,1.0,0,base
/ai_paas_jf/pangqs/AIGC/safepp_pytorch/data/test/genimage/fake/428_biggan_00165.png,1,genimage_fake,genimage,root,unknown_fake,seen,1.0,0,base
/ai_paas_jf/pangqs/AIGC/safepp_pytorch/data/test/genimage/fake/428_sdv4_00129.png,1,genimage_fake,genimage,root,unknown_fake,seen,1.0,0,base
/ai_paas_jf/pangqs/AIGC/safepp_pytorch/data/test/genimage/fake/428_wukong_image100.png,1,genimage_fake,genimage,root,unknown_fake,seen,1.0,0,base
/ai_paas_jf/pangqs/AIGC/safepp_pytorch/data/test/genimage/fake/428_wukong_image191.png,1,genimage_fake,genimage,root,unknown_fake,seen,1.0,0,base
/ai_paas_jf/pangqs/AIGC/safepp_pytorch/data/test/genimage/fake/431_sdv4_00028.png,1,genimage_fake,genimage,root,unknown_fake,seen,1.0,0,base
/ai_paas_jf/pangqs/AIGC/safepp_pytorch/data/test/genimage/fake/432_biggan_00106.png,1,genimage_fake,genimage,root,unknown_fake,seen,1.0,0,base
/ai_paas_jf/pangqs/AIGC/safepp_pytorch/data/test/genimage/fake/436_adm_51.PNG,1,genimage_fake,genimage,root,unknown_fake,seen,1.0,0,base
/ai_paas_jf/pangqs/AIGC/safepp_pytorch/data/test/genimage/fake/437_sdv4_00010.png,1,genimage_fake,genimage,root,unknown_fake,seen,1.0,0,base
/ai_paas_jf/pangqs/AIGC/safepp_pytorch/data/test/genimage/fake/437_wukong_image175.png,1,genimage_fake,genimage,root,unknown_fake,seen,1.0,0,base
/ai_paas_jf/pangqs/AIGC/safepp_pytorch/data/test/genimage/fake/438_adm_108.PNG,1,genimage_fake,genimage,root,unknown_fake,seen,1.0,0,base
/ai_paas_jf/pangqs/AIGC/safepp_pytorch/data/test/genimage/fake/438_biggan_00082.png,1,genimage_fake,genimage,root,unknown_fake,seen,1.0,0,base
/ai_paas_jf/pangqs/AIGC/safepp_pytorch/data/test/genimage/fake/438_wukong_image38.png,1,genimage_fake,genimage,root,unknown_fake,seen,1.0,0,base
/ai_paas_jf/pangqs/AIGC/safepp_pytorch/data/test/genimage/fake/439_adm_57.PNG,1,genimage_fake,genimage,root,unknown_fake,seen,1.0,0,base
/ai_paas_jf/pangqs/AIGC/safepp_pytorch/data/test/genimage/fake/439_biggan_00054.png,1,genimage_fake,genimage,root,unknown_fake,seen,1.0,0,base
/ai_paas_jf/pangqs/AIGC/safepp_pytorch/data/test/genimage/fake/440_biggan_00193.png,1,genimage_fake,genimage,root,unknown_fake,seen,1.0,0,base
/ai_paas_jf/pangqs/AIGC/safepp_pytorch/data/test/genimage/fake/441_biggan_00120.png,1,genimage_fake,genimage,root,unknown_fake,seen,1.0,0,base
/ai_paas_jf/pangqs/AIGC/safepp_pytorch/data/test/genimage/fake/442_biggan_00107.png,1,genimage_fake,genimage,root,unknown_fake,seen,1.0,0,base
/ai_paas_jf/pangqs/AIGC/safepp_pytorch/data/test/genimage/fake/446_biggan_00054.png,1,genimage_fake,genimage,root,unknown_fake,seen,1.0,0,base
/ai_paas_jf/pangqs/AIGC/safepp_pytorch/data/test/genimage/fake/448_sdv4_00106.png,1,genimage_fake,genimage,root,unknown_fake,seen,1.0,0,base
/ai_paas_jf/pangqs/AIGC/safepp_pytorch/data/test/genimage/fake/449_adm_191.PNG,1,genimage_fake,genimage,root,unknown_fake,seen,1.0,0,base
/ai_paas_jf/pangqs/AIGC/safepp_pytorch/data/test/genimage/fake/44_midjourney_57.png,1,genimage_fake,genimage,root,unknown_fake,seen,1.0,0,base
/ai_paas_jf/pangqs/AIGC/safepp_pytorch/data/test/genimage/fake/450_midjourney_30.png,1,genimage_fake,genimage,root,unknown_fake,seen,1.0,0,base
/ai_paas_jf/pangqs/AIGC/safepp_pytorch/data/test/genimage/fake/450_wukong_image10.png,1,genimage_fake,genimage,root,unknown_fake,seen,1.0,0,base
/ai_paas_jf/pangqs/AIGC/safepp_pytorch/data/test/genimage/fake/467_midjourney_39.png,1,genimage_fake,genimage,root,unknown_fake,seen,1.0,0,base
/ai_paas_jf/pangqs/AIGC/safepp_pytorch/data/test/genimage/fake/46_midjourney_1.png,1,genimage_fake,genimage,root,unknown_fake,seen,1.0,0,base
/ai_paas_jf/pangqs/AIGC/safepp_pytorch/data/test/genimage/fake/470_sdv4_00047.png,1,genimage_fake,genimage,root,unknown_fake,seen,1.0,0,base
/ai_paas_jf/pangqs/AIGC/safepp_pytorch/data/test/genimage/fake/470_sdv4_00068.png,1,genimage_fake,genimage,root,unknown_fake,seen,1.0,0,base
/ai_paas_jf/pangqs/AIGC/safepp_pytorch/data/test/genimage/fake/471_adm_20.PNG,1,genimage_fake,genimage,root,unknown_fake,seen,1.0,0,base
/ai_paas_jf/pangqs/AIGC/safepp_pytorch/data/test/genimage/fake/474_adm_66.PNG,1,genimage_fake,genimage,root,unknown_fake,seen,1.0,0,base
/ai_paas_jf/pangqs/AIGC/safepp_pytorch/data/test/genimage/fake/475_midjourney_106.png,1,genimage_fake,genimage,root,unknown_fake,seen,1.0,0,base
/ai_paas_jf/pangqs/AIGC/safepp_pytorch/data/test/genimage/fake/476_sdv4_00089.png,1,genimage_fake,genimage,root,unknown_fake,seen,1.0,0,base
/ai_paas_jf/pangqs/AIGC/safepp_pytorch/data/test/genimage/fake/478_wukong_image145.png,1,genimage_fake,genimage,root,unknown_fake,seen,1.0,0,base
/ai_paas_jf/pangqs/AIGC/safepp_pytorch/data/test/genimage/fake/47_wukong_image37.png,1,genimage_fake,genimage,root,unknown_fake,seen,1.0,0,base
/ai_paas_jf/pangqs/AIGC/safepp_pytorch/data/test/genimage/fake/480_midjourney_27.png,1,genimage_fake,genimage,root,unknown_fake,seen,1.0,0,base
/ai_paas_jf/pangqs/AIGC/safepp_pytorch/data/test/genimage/fake/483_midjourney_161.png,1,genimage_fake,genimage,root,unknown_fake,seen,1.0,0,base
/ai_paas_jf/pangqs/AIGC/safepp_pytorch/data/test/genimage/fake/484_midjourney_170.png,1,genimage_fake,genimage,root,unknown_fake,seen,1.0,0,base
/ai_paas_jf/pangqs/AIGC/safepp_pytorch/data/test/genimage/fake/484_midjourney_7.png,1,genimage_fake,genimage,root,unknown_fake,seen,1.0,0,base
/ai_paas_jf/pangqs/AIGC/safepp_pytorch/data/test/genimage/fake/485_sdv4_00156.png,1,genimage_fake,genimage,root,unknown_fake,seen,1.0,0,base
/ai_paas_jf/pangqs/AIGC/safepp_pytorch/data/test/genimage/fake/486_midjourney_62.png,1,genimage_fake,genimage,root,unknown_fake,seen,1.0,0,base
/ai_paas_jf/pangqs/AIGC/safepp_pytorch/data/test/genimage/fake/488_midjourney_6.png,1,genimage_fake,genimage,root,unknown_fake,seen,1.0,0,base
/ai_paas_jf/pangqs/AIGC/safepp_pytorch/data/test/genimage/fake/488_wukong_image163.png,1,genimage_fake,genimage,root,unknown_fake,seen,1.0,0,base
/ai_paas_jf/pangqs/AIGC/safepp_pytorch/data/test/genimage/fake/489_biggan_00057.png,1,genimage_fake,genimage,root,unknown_fake,seen,1.0,0,base
/ai_paas_jf/pangqs/AIGC/safepp_pytorch/data/test/genimage/fake/492_biggan_00153.png,1,genimage_fake,genimage,root,unknown_fake,seen,1.0,0,base
/ai_paas_jf/pangqs/AIGC/safepp_pytorch/data/test/genimage/fake/494_biggan_00062.png,1,genimage_fake,genimage,root,unknown_fake,seen,1.0,0,base
/ai_paas_jf/pangqs/AIGC/safepp_pytorch/data/test/genimage/fake/495_wukong_image111.png,1,genimage_fake,genimage,root,unknown_fake,seen,1.0,0,base
/ai_paas_jf/pangqs/AIGC/safepp_pytorch/data/test/genimage/fake/497_midjourney_141.png,1,genimage_fake,genimage,root,unknown_fake,seen,1.0,0,base
/ai_paas_jf/pangqs/AIGC/safepp_pytorch/data/test/genimage/fake/499_adm_110.PNG,1,genimage_fake,genimage,root,unknown_fake,seen,1.0,0,base
/ai_paas_jf/pangqs/AIGC/safepp_pytorch/data/test/genimage/fake/4_wukong_image117.png,1,genimage_fake,genimage,root,unknown_fake,seen,1.0,0,base
/ai_paas_jf/pangqs/AIGC/safepp_pytorch/data/test/genimage/fake/500_midjourney_11.png,1,genimage_fake,genimage,root,unknown_fake,seen,1.0,0,base
/ai_paas_jf/pangqs/AIGC/safepp_pytorch/data/test/genimage/fake/501_sdv4_00031.png,1,genimage_fake,genimage,root,unknown_fake,seen,1.0,0,base
/ai_paas_jf/pangqs/AIGC/safepp_pytorch/data/test/genimage/fake/502_wukong_image182.png,1,genimage_fake,genimage,root,unknown_fake,seen,1.0,0,base
/ai_paas_jf/pangqs/AIGC/safepp_pytorch/data/test/genimage/fake/504_biggan_00167.png,1,genimage_fake,genimage,root,unknown_fake,seen,1.0,0,base
/ai_paas_jf/pangqs/AIGC/safepp_pytorch/data/test/genimage/fake/505_sdv4_00179.png,1,genimage_fake,genimage,root,unknown_fake,seen,1.0,0,base
/ai_paas_jf/pangqs/AIGC/safepp_pytorch/data/test/genimage/fake/505_wukong_image144.png,1,genimage_fake,genimage,root,unknown_fake,seen,1.0,0,base
/ai_paas_jf/pangqs/AIGC/safepp_pytorch/data/test/genimage/fake/507_wukong_image3.png,1,genimage_fake,genimage,root,unknown_fake,seen,1.0,0,base
/ai_paas_jf/pangqs/AIGC/safepp_pytorch/data/test/genimage/fake/50_midjourney_93.png,1,genimage_fake,genimage,root,unknown_fake,seen,1.0,0,base
/ai_paas_jf/pangqs/AIGC/safepp_pytorch/data/test/genimage/fake/510_midjourney_109.png,1,genimage_fake,genimage,root,unknown_fake,seen,1.0,0,base
/ai_paas_jf/pangqs/AIGC/safepp_pytorch/data/test/genimage/fake/512_midjourney_56.png,1,genimage_fake,genimage,root,unknown_fake,seen,1.0,0,base
/ai_paas_jf/pangqs/AIGC/safepp_pytorch/data/test/genimage/fake/514_adm_10.PNG,1,genimage_fake,genimage,root,unknown_fake,seen,1.0,0,base
/ai_paas_jf/pangqs/AIGC/safepp_pytorch/data/test/genimage/fake/514_biggan_00165.png,1,genimage_fake,genimage,root,unknown_fake,seen,1.0,0,base
/ai_paas_jf/pangqs/AIGC/safepp_pytorch/data/test/genimage/fake/514_sdv4_00144.png,1,genimage_fake,genimage,root,unknown_fake,seen,1.0,0,base
/ai_paas_jf/pangqs/AIGC/safepp_pytorch/data/test/genimage/fake/519_adm_149.PNG,1,genimage_fake,genimage,root,unknown_fake,seen,1.0,0,base
/ai_paas_jf/pangqs/AIGC/safepp_pytorch/data/test/genimage/fake/522_adm_3.PNG,1,genimage_fake,genimage,root,unknown_fake,seen,1.0,0,base
/ai_paas_jf/pangqs/AIGC/safepp_pytorch/data/test/genimage/fake/523_sdv4_00062.png,1,genimage_fake,genimage,root,unknown_fake,seen,1.0,0,base
/ai_paas_jf/pangqs/AIGC/safepp_pytorch/data/test/genimage/fake/525_wukong_image4.png,1,genimage_fake,genimage,root,unknown_fake,seen,1.0,0,base
/ai_paas_jf/pangqs/AIGC/safepp_pytorch/data/test/genimage/fake/529_biggan_00157.png,1,genimage_fake,genimage,root,unknown_fake,seen,1.0,0,base
/ai_paas_jf/pangqs/AIGC/safepp_pytorch/data/test/genimage/fake/529_sdv4_00089.png,1,genimage_fake,genimage,root,unknown_fake,seen,1.0,0,base
/ai_paas_jf/pangqs/AIGC/safepp_pytorch/data/test/genimage/fake/530_sdv4_00008.png,1,genimage_fake,genimage,root,unknown_fake,seen,1.0,0,base
/ai_paas_jf/pangqs/AIGC/safepp_pytorch/data/test/genimage/fake/532_adm_78.PNG,1,genimage_fake,genimage,root,unknown_fake,seen,1.0,0,base
/ai_paas_jf/pangqs/AIGC/safepp_pytorch/data/test/genimage/fake/535_wukong_image13.png,1,genimage_fake,genimage,root,unknown_fake,seen,1.0,0,base
/ai_paas_jf/pangqs/AIGC/safepp_pytorch/data/test/genimage/fake/535_wukong_image183.png,1,genimage_fake,genimage,root,unknown_fake,seen,1.0,0,base
/ai_paas_jf/pangqs/AIGC/safepp_pytorch/data/test/genimage/fake/536_adm_128.PNG,1,genimage_fake,genimage,root,unknown_fake,seen,1.0,0,base
/ai_paas_jf/pangqs/AIGC/safepp_pytorch/data/test/genimage/fake/536_sdv4_00048.png,1,genimage_fake,genimage,root,unknown_fake,seen,1.0,0,base
/ai_paas_jf/pangqs/AIGC/safepp_pytorch/data/test/genimage/fake/537_sdv4_00175.png,1,genimage_fake,genimage,root,unknown_fake,seen,1.0,0,base
/ai_paas_jf/pangqs/AIGC/safepp_pytorch/data/test/genimage/fake/539_adm_78.PNG,1,genimage_fake,genimage,root,unknown_fake,seen,1.0,0,base
/ai_paas_jf/pangqs/AIGC/safepp_pytorch/data/test/genimage/fake/539_biggan_00185.png,1,genimage_fake,genimage,root,unknown_fake,seen,1.0,0,base
/ai_paas_jf/pangqs/AIGC/safepp_pytorch/data/test/genimage/fake/542_midjourney_137.png,1,genimage_fake,genimage,root,unknown_fake,seen,1.0,0,base
/ai_paas_jf/pangqs/AIGC/safepp_pytorch/data/test/genimage/fake/546_adm_59.PNG,1,genimage_fake,genimage,root,unknown_fake,seen,1.0,0,base
/ai_paas_jf/pangqs/AIGC/safepp_pytorch/data/test/genimage/fake/551_adm_3.PNG,1,genimage_fake,genimage,root,unknown_fake,seen,1.0,0,base
/ai_paas_jf/pangqs/AIGC/safepp_pytorch/data/test/genimage/fake/552_sdv4_00113.png,1,genimage_fake,genimage,root,unknown_fake,seen,1.0,0,base
/ai_paas_jf/pangqs/AIGC/safepp_pytorch/data/test/genimage/fake/554_biggan_00101.png,1,genimage_fake,genimage,root,unknown_fake,seen,1.0,0,base
/ai_paas_jf/pangqs/AIGC/safepp_pytorch/data/test/genimage/fake/559_adm_41.PNG,1,genimage_fake,genimage,root,unknown_fake,seen,1.0,0,base
/ai_paas_jf/pangqs/AIGC/safepp_pytorch/data/test/genimage/fake/559_biggan_00004.png,1,genimage_fake,genimage,root,unknown_fake,seen,1.0,0,base
/ai_paas_jf/pangqs/AIGC/safepp_pytorch/data/test/genimage/fake/561_sdv4_00114.png,1,genimage_fake,genimage,root,unknown_fake,seen,1.0,0,base
/ai_paas_jf/pangqs/AIGC/safepp_pytorch/data/test/genimage/fake/563_biggan_00117.png,1,genimage_fake,genimage,root,unknown_fake,seen,1.0,0,base
/ai_paas_jf/pangqs/AIGC/safepp_pytorch/data/test/genimage/fake/563_midjourney_193.png,1,genimage_fake,genimage,root,unknown_fake,seen,1.0,0,base
/ai_paas_jf/pangqs/AIGC/safepp_pytorch/data/test/genimage/fake/567_biggan_00160.png,1,genimage_fake,genimage,root,unknown_fake,seen,1.0,0,base
/ai_paas_jf/pangqs/AIGC/safepp_pytorch/data/test/genimage/fake/567_wukong_image39.png,1,genimage_fake,genimage,root,unknown_fake,seen,1.0,0,base
/ai_paas_jf/pangqs/AIGC/safepp_pytorch/data/test/genimage/fake/567_wukong_image85.png,1,genimage_fake,genimage,root,unknown_fake,seen,1.0,0,base
/ai_paas_jf/pangqs/AIGC/safepp_pytorch/data/test/genimage/fake/568_adm_110.PNG,1,genimage_fake,genimage,root,unknown_fake,seen,1.0,0,base
/ai_paas_jf/pangqs/AIGC/safepp_pytorch/data/test/genimage/fake/568_biggan_00036.png,1,genimage_fake,genimage,root,unknown_fake,seen,1.0,0,base
/ai_paas_jf/pangqs/AIGC/safepp_pytorch/data/test/genimage/fake/568_wukong_image138.png,1,genimage_fake,genimage,root,unknown_fake,seen,1.0,0,base
/ai_paas_jf/pangqs/AIGC/safepp_pytorch/data/test/genimage/fake/569_wukong_image154.png,1,genimage_fake,genimage,root,unknown_fake,seen,1.0,0,base
/ai_paas_jf/pangqs/AIGC/safepp_pytorch/data/test/genimage/fake/569_wukong_image9.png,1,genimage_fake,genimage,root,unknown_fake,seen,1.0,0,base
/ai_paas_jf/pangqs/AIGC/safepp_pytorch/data/test/genimage/fake/570_adm_146.PNG,1,genimage_fake,genimage,root,unknown_fake,seen,1.0,0,base
/ai_paas_jf/pangqs/AIGC/safepp_pytorch/data/test/genimage/fake/573_adm_135.PNG,1,genimage_fake,genimage,root,unknown_fake,seen,1.0,0,base
/ai_paas_jf/pangqs/AIGC/safepp_pytorch/data/test/genimage/fake/574_sdv4_00028.png,1,genimage_fake,genimage,root,unknown_fake,seen,1.0,0,base
/ai_paas_jf/pangqs/AIGC/safepp_pytorch/data/test/genimage/fake/575_adm_50.PNG,1,genimage_fake,genimage,root,unknown_fake,seen,1.0,0,base
/ai_paas_jf/pangqs/AIGC/safepp_pytorch/data/test/genimage/fake/577_adm_191.PNG,1,genimage_fake,genimage,root,unknown_fake,seen,1.0,0,base
/ai_paas_jf/pangqs/AIGC/safepp_pytorch/data/test/genimage/fake/578_adm_188.PNG,1,genimage_fake,genimage,root,unknown_fake,seen,1.0,0,base
/ai_paas_jf/pangqs/AIGC/safepp_pytorch/data/test/genimage/fake/579_midjourney_4.png,1,genimage_fake,genimage,root,unknown_fake,seen,1.0,0,base
/ai_paas_jf/pangqs/AIGC/safepp_pytorch/data/test/genimage/fake/582_sdv4_00181.png,1,genimage_fake,genimage,root,unknown_fake,seen,1.0,0,base
/ai_paas_jf/pangqs/AIGC/safepp_pytorch/data/test/genimage/fake/588_midjourney_0.png,1,genimage_fake,genimage,root,unknown_fake,seen,1.0,0,base
/ai_paas_jf/pangqs/AIGC/safepp_pytorch/data/test/genimage/fake/590_wukong_image146.png,1,genimage_fake,genimage,root,unknown_fake,seen,1.0,0,base
/ai_paas_jf/pangqs/AIGC/safepp_pytorch/data/test/genimage/fake/591_sdv4_00136.png,1,genimage_fake,genimage,root,unknown_fake,seen,1.0,0,base
/ai_paas_jf/pangqs/AIGC/safepp_pytorch/data/test/genimage/fake/597_biggan_00159.png,1,genimage_fake,genimage,root,unknown_fake,seen,1.0,0,base
/ai_paas_jf/pangqs/AIGC/safepp_pytorch/data/test/genimage/fake/5_wukong_image160.png,1,genimage_fake,genimage,root,unknown_fake,seen,1.0,0,base
/ai_paas_jf/pangqs/AIGC/safepp_pytorch/data/test/genimage/fake/602_sdv4_00028.png,1,genimage_fake,genimage,root,unknown_fake,seen,1.0,0,base
/ai_paas_jf/pangqs/AIGC/safepp_pytorch/data/test/genimage/fake/604_adm_53.PNG,1,genimage_fake,genimage,root,unknown_fake,seen,1.0,0,base
/ai_paas_jf/pangqs/AIGC/safepp_pytorch/data/test/genimage/fake/605_midjourney_48.png,1,genimage_fake,genimage,root,unknown_fake,seen,1.0,0,base
/ai_paas_jf/pangqs/AIGC/safepp_pytorch/data/test/genimage/fake/605_sdv4_00030.png,1,genimage_fake,genimage,root,unknown_fake,seen,1.0,0,base
/ai_paas_jf/pangqs/AIGC/safepp_pytorch/data/test/genimage/fake/608_midjourney_4.png,1,genimage_fake,genimage,root,unknown_fake,seen,1.0,0,base
/ai_paas_jf/pangqs/AIGC/safepp_pytorch/data/test/genimage/fake/611_sdv4_00193.png,1,genimage_fake,genimage,root,unknown_fake,seen,1.0,0,base
/ai_paas_jf/pangqs/AIGC/safepp_pytorch/data/test/genimage/fake/612_midjourney_103.png,1,genimage_fake,genimage,root,unknown_fake,seen,1.0,0,base
/ai_paas_jf/pangqs/AIGC/safepp_pytorch/data/test/genimage/fake/615_adm_111.PNG,1,genimage_fake,genimage,root,unknown_fake,seen,1.0,0,base
/ai_paas_jf/pangqs/AIGC/safepp_pytorch/data/test/genimage/fake/618_adm_189.PNG,1,genimage_fake,genimage,root,unknown_fake,seen,1.0,0,base
/ai_paas_jf/pangqs/AIGC/safepp_pytorch/data/test/genimage/fake/61_midjourney_80.png,1,genimage_fake,genimage,root,unknown_fake,seen,1.0,0,base
/ai_paas_jf/pangqs/AIGC/safepp_pytorch/data/test/genimage/fake/622_midjourney_101.png,1,genimage_fake,genimage,root,unknown_fake,seen,1.0,0,base
/ai_paas_jf/pangqs/AIGC/safepp_pytorch/data/test/genimage/fake/622_sdv4_00138.png,1,genimage_fake,genimage,root,unknown_fake,seen,1.0,0,base
/ai_paas_jf/pangqs/AIGC/safepp_pytorch/data/test/genimage/fake/624_biggan_00190.png,1,genimage_fake,genimage,root,unknown_fake,seen,1.0,0,base
/ai_paas_jf/pangqs/AIGC/safepp_pytorch/data/test/genimage/fake/626_adm_4.PNG,1,genimage_fake,genimage,root,unknown_fake,seen,1.0,0,base
/ai_paas_jf/pangqs/AIGC/safepp_pytorch/data/test/genimage/fake/627_adm_142.PNG,1,genimage_fake,genimage,root,unknown_fake,seen,1.0,0,base
/ai_paas_jf/pangqs/AIGC/safepp_pytorch/data/test/genimage/fake/628_biggan_00084.png,1,genimage_fake,genimage,root,unknown_fake,seen,1.0,0,base
/ai_paas_jf/pangqs/AIGC/safepp_pytorch/data/test/genimage/fake/628_midjourney_16.png,1,genimage_fake,genimage,root,unknown_fake,seen,1.0,0,base
/ai_paas_jf/pangqs/AIGC/safepp_pytorch/data/test/genimage/fake/628_sdv4_00186.png,1,genimage_fake,genimage,root,unknown_fake,seen,1.0,0,base
/ai_paas_jf/pangqs/AIGC/safepp_pytorch/data/test/genimage/fake/629_midjourney_118.png,1,genimage_fake,genimage,root,unknown_fake,seen,1.0,0,base
/ai_paas_jf/pangqs/AIGC/safepp_pytorch/data/test/genimage/fake/62_adm_164.PNG,1,genimage_fake,genimage,root,unknown_fake,seen,1.0,0,base
/ai_paas_jf/pangqs/AIGC/safepp_pytorch/data/test/genimage/fake/631_sdv4_00096.png,1,genimage_fake,genimage,root,unknown_fake,seen,1.0,0,base
/ai_paas_jf/pangqs/AIGC/safepp_pytorch/data/test/genimage/fake/632_biggan_00094.png,1,genimage_fake,genimage,root,unknown_fake,seen,1.0,0,base
/ai_paas_jf/pangqs/AIGC/safepp_pytorch/data/test/genimage/fake/634_wukong_image147.png,1,genimage_fake,genimage,root,unknown_fake,seen,1.0,0,base
/ai_paas_jf/pangqs/AIGC/safepp_pytorch/data/test/genimage/fake/637_midjourney_96.png,1,genimage_fake,genimage,root,unknown_fake,seen,1.0,0,base
/ai_paas_jf/pangqs/AIGC/safepp_pytorch/data/test/genimage/fake/637_wukong_image155.png,1,genimage_fake,genimage,root,unknown_fake,seen,1.0,0,base
/ai_paas_jf/pangqs/AIGC/safepp_pytorch/data/test/genimage/fake/640_sdv4_00026.png,1,genimage_fake,genimage,root,unknown_fake,seen,1.0,0,base
/ai_paas_jf/pangqs/AIGC/safepp_pytorch/data/test/genimage/fake/641_adm_5.PNG,1,genimage_fake,genimage,root,unknown_fake,seen,1.0,0,base
/ai_paas_jf/pangqs/AIGC/safepp_pytorch/data/test/genimage/fake/642_biggan_00064.png,1,genimage_fake,genimage,root,unknown_fake,seen,1.0,0,base
/ai_paas_jf/pangqs/AIGC/safepp_pytorch/data/test/genimage/fake/645_sdv4_00186.png,1,genimage_fake,genimage,root,unknown_fake,seen,1.0,0,base
/ai_paas_jf/pangqs/AIGC/safepp_pytorch/data/test/genimage/fake/651_biggan_00083.png,1,genimage_fake,genimage,root,unknown_fake,seen,1.0,0,base
/ai_paas_jf/pangqs/AIGC/safepp_pytorch/data/test/genimage/fake/651_wukong_image134.png,1,genimage_fake,genimage,root,unknown_fake,seen,1.0,0,base
/ai_paas_jf/pangqs/AIGC/safepp_pytorch/data/test/genimage/fake/651_wukong_image137.png,1,genimage_fake,genimage,root,unknown_fake,seen,1.0,0,base
/ai_paas_jf/pangqs/AIGC/safepp_pytorch/data/test/genimage/fake/652_adm_93.PNG,1,genimage_fake,genimage,root,unknown_fake,seen,1.0,0,base
/ai_paas_jf/pangqs/AIGC/safepp_pytorch/data/test/genimage/fake/652_biggan_00050.png,1,genimage_fake,genimage,root,unknown_fake,seen,1.0,0,base
/ai_paas_jf/pangqs/AIGC/safepp_pytorch/data/test/genimage/fake/652_wukong_image49.png,1,genimage_fake,genimage,root,unknown_fake,seen,1.0,0,base
/ai_paas_jf/pangqs/AIGC/safepp_pytorch/data/test/genimage/fake/653_biggan_00132.png,1,genimage_fake,genimage,root,unknown_fake,seen,1.0,0,base
/ai_paas_jf/pangqs/AIGC/safepp_pytorch/data/test/genimage/fake/653_midjourney_32.png,1,genimage_fake,genimage,root,unknown_fake,seen,1.0,0,base
/ai_paas_jf/pangqs/AIGC/safepp_pytorch/data/test/genimage/fake/653_sdv4_00096.png,1,genimage_fake,genimage,root,unknown_fake,seen,1.0,0,base
/ai_paas_jf/pangqs/AIGC/safepp_pytorch/data/test/genimage/fake/655_sdv4_00177.png,1,genimage_fake,genimage,root,unknown_fake,seen,1.0,0,base
/ai_paas_jf/pangqs/AIGC/safepp_pytorch/data/test/genimage/fake/657_adm_41.PNG,1,genimage_fake,genimage,root,unknown_fake,seen,1.0,0,base
/ai_paas_jf/pangqs/AIGC/safepp_pytorch/data/test/genimage/fake/659_wukong_image87.png,1,genimage_fake,genimage,root,unknown_fake,seen,1.0,0,base
/ai_paas_jf/pangqs/AIGC/safepp_pytorch/data/test/genimage/fake/65_adm_19.PNG,1,genimage_fake,genimage,root,unknown_fake,seen,1.0,0,base
/ai_paas_jf/pangqs/AIGC/safepp_pytorch/data/test/genimage/fake/65_wukong_image127.png,1,genimage_fake,genimage,root,unknown_fake,seen,1.0,0,base
/ai_paas_jf/pangqs/AIGC/safepp_pytorch/data/test/genimage/fake/660_adm_78.PNG,1,genimage_fake,genimage,root,unknown_fake,seen,1.0,0,base
/ai_paas_jf/pangqs/AIGC/safepp_pytorch/data/test/genimage/fake/661_adm_6.PNG,1,genimage_fake,genimage,root,unknown_fake,seen,1.0,0,base
/ai_paas_jf/pangqs/AIGC/safepp_pytorch/data/test/genimage/fake/662_biggan_00106.png,1,genimage_fake,genimage,root,unknown_fake,seen,1.0,0,base
/ai_paas_jf/pangqs/AIGC/safepp_pytorch/data/test/genimage/fake/663_biggan_00173.png,1,genimage_fake,genimage,root,unknown_fake,seen,1.0,0,base
/ai_paas_jf/pangqs/AIGC/safepp_pytorch/data/test/genimage/fake/664_midjourney_155.png,1,genimage_fake,genimage,root,unknown_fake,seen,1.0,0,base
/ai_paas_jf/pangqs/AIGC/safepp_pytorch/data/test/genimage/fake/666_biggan_00026.png,1,genimage_fake,genimage,root,unknown_fake,seen,1.0,0,base
/ai_paas_jf/pangqs/AIGC/safepp_pytorch/data/test/genimage/fake/668_biggan_00081.png,1,genimage_fake,genimage,root,unknown_fake,seen,1.0,0,base
/ai_paas_jf/pangqs/AIGC/safepp_pytorch/data/test/genimage/fake/669_midjourney_39.png,1,genimage_fake,genimage,root,unknown_fake,seen,1.0,0,base
/ai_paas_jf/pangqs/AIGC/safepp_pytorch/data/test/genimage/fake/66_adm_184.PNG,1,genimage_fake,genimage,root,unknown_fake,seen,1.0,0,base
/ai_paas_jf/pangqs/AIGC/safepp_pytorch/data/test/genimage/fake/671_biggan_00138.png,1,genimage_fake,genimage,root,unknown_fake,seen,1.0,0,base
/ai_paas_jf/pangqs/AIGC/safepp_pytorch/data/test/genimage/fake/674_biggan_00062.png,1,genimage_fake,genimage,root,unknown_fake,seen,1.0,0,base
/ai_paas_jf/pangqs/AIGC/safepp_pytorch/data/test/genimage/fake/676_midjourney_69.png,1,genimage_fake,genimage,root,unknown_fake,seen,1.0,0,base
/ai_paas_jf/pangqs/AIGC/safepp_pytorch/data/test/genimage/fake/677_adm_190.PNG,1,genimage_fake,genimage,root,unknown_fake,seen,1.0,0,base
/ai_paas_jf/pangqs/AIGC/safepp_pytorch/data/test/genimage/fake/678_adm_11.PNG,1,genimage_fake,genimage,root,unknown_fake,seen,1.0,0,base
/ai_paas_jf/pangqs/AIGC/safepp_pytorch/data/test/genimage/fake/678_sdv4_00001.png,1,genimage_fake,genimage,root,unknown_fake,seen,1.0,0,base
/ai_paas_jf/pangqs/AIGC/safepp_pytorch/data/test/genimage/fake/678_wukong_image145.png,1,genimage_fake,genimage,root,unknown_fake,seen,1.0,0,base
/ai_paas_jf/pangqs/AIGC/safepp_pytorch/data/test/genimage/fake/67_midjourney_116.png,1,genimage_fake,genimage,root,unknown_fake,seen,1.0,0,base
/ai_paas_jf/pangqs/AIGC/safepp_pytorch/data/test/genimage/fake/681_adm_8.PNG,1,genimage_fake,genimage,root,unknown_fake,seen,1.0,0,base
/ai_paas_jf/pangqs/AIGC/safepp_pytorch/data/test/genimage/fake/683_adm_133.PNG,1,genimage_fake,genimage,root,unknown_fake,seen,1.0,0,base
/ai_paas_jf/pangqs/AIGC/safepp_pytorch/data/test/genimage/fake/685_midjourney_149.png,1,genimage_fake,genimage,root,unknown_fake,seen,1.0,0,base
/ai_paas_jf/pangqs/AIGC/safepp_pytorch/data/test/genimage/fake/685_wukong_image133.png,1,genimage_fake,genimage,root,unknown_fake,seen,1.0,0,base
/ai_paas_jf/pangqs/AIGC/safepp_pytorch/data/test/genimage/fake/686_adm_152.PNG,1,genimage_fake,genimage,root,unknown_fake,seen,1.0,0,base
/ai_paas_jf/pangqs/AIGC/safepp_pytorch/data/test/genimage/fake/691_wukong_image22.png,1,genimage_fake,genimage,root,unknown_fake,seen,1.0,0,base
/ai_paas_jf/pangqs/AIGC/safepp_pytorch/data/test/genimage/fake/692_wukong_image5.png,1,genimage_fake,genimage,root,unknown_fake,seen,1.0,0,base
/ai_paas_jf/pangqs/AIGC/safepp_pytorch/data/test/genimage/fake/694_biggan_00043.png,1,genimage_fake,genimage,root,unknown_fake,seen,1.0,0,base
/ai_paas_jf/pangqs/AIGC/safepp_pytorch/data/test/genimage/fake/695_biggan_00109.png,1,genimage_fake,genimage,root,unknown_fake,seen,1.0,0,base
/ai_paas_jf/pangqs/AIGC/safepp_pytorch/data/test/genimage/fake/697_adm_120.PNG,1,genimage_fake,genimage,root,unknown_fake,seen,1.0,0,base
/ai_paas_jf/pangqs/AIGC/safepp_pytorch/data/test/genimage/fake/697_sdv4_00067.png,1,genimage_fake,genimage,root,unknown_fake,seen,1.0,0,base
/ai_paas_jf/pangqs/AIGC/safepp_pytorch/data/test/genimage/fake/698_sdv4_00106.png,1,genimage_fake,genimage,root,unknown_fake,seen,1.0,0,base
/ai_paas_jf/pangqs/AIGC/safepp_pytorch/data/test/genimage/fake/6_midjourney_21.png,1,genimage_fake,genimage,root,unknown_fake,seen,1.0,0,base
/ai_paas_jf/pangqs/AIGC/safepp_pytorch/data/test/genimage/fake/706_biggan_00142.png,1,genimage_fake,genimage,root,unknown_fake,seen,1.0,0,base
/ai_paas_jf/pangqs/AIGC/safepp_pytorch/data/test/genimage/fake/708_biggan_00119.png,1,genimage_fake,genimage,root,unknown_fake,seen,1.0,0,base
/ai_paas_jf/pangqs/AIGC/safepp_pytorch/data/test/genimage/fake/709_sdv4_00046.png,1,genimage_fake,genimage,root,unknown_fake,seen,1.0,0,base
/ai_paas_jf/pangqs/AIGC/safepp_pytorch/data/test/genimage/fake/70_adm_82.PNG,1,genimage_fake,genimage,root,unknown_fake,seen,1.0,0,base
/ai_paas_jf/pangqs/AIGC/safepp_pytorch/data/test/genimage/fake/714_sdv4_00170.png,1,genimage_fake,genimage,root,unknown_fake,seen,1.0,0,base
/ai_paas_jf/pangqs/AIGC/safepp_pytorch/data/test/genimage/fake/715_adm_90.PNG,1,genimage_fake,genimage,root,unknown_fake,seen,1.0,0,base
/ai_paas_jf/pangqs/AIGC/safepp_pytorch/data/test/genimage/fake/718_biggan_00108.png,1,genimage_fake,genimage,root,unknown_fake,seen,1.0,0,base
/ai_paas_jf/pangqs/AIGC/safepp_pytorch/data/test/genimage/fake/719_sdv4_00137.png,1,genimage_fake,genimage,root,unknown_fake,seen,1.0,0,base
/ai_paas_jf/pangqs/AIGC/safepp_pytorch/data/test/genimage/fake/71_adm_161.PNG,1,genimage_fake,genimage,root,unknown_fake,seen,1.0,0,base
/ai_paas_jf/pangqs/AIGC/safepp_pytorch/data/test/genimage/fake/71_adm_9.PNG,1,genimage_fake,genimage,root,unknown_fake,seen,1.0,0,base
/ai_paas_jf/pangqs/AIGC/safepp_pytorch/data/test/genimage/fake/721_adm_50.PNG,1,genimage_fake,genimage,root,unknown_fake,seen,1.0,0,base
/ai_paas_jf/pangqs/AIGC/safepp_pytorch/data/test/genimage/fake/722_adm_136.PNG,1,genimage_fake,genimage,root,unknown_fake,seen,1.0,0,base
/ai_paas_jf/pangqs/AIGC/safepp_pytorch/data/test/genimage/fake/722_adm_77.PNG,1,genimage_fake,genimage,root,unknown_fake,seen,1.0,0,base
/ai_paas_jf/pangqs/AIGC/safepp_pytorch/data/test/genimage/fake/723_sdv4_00113.png,1,genimage_fake,genimage,root,unknown_fake,seen,1.0,0,base
/ai_paas_jf/pangqs/AIGC/safepp_pytorch/data/test/genimage/fake/723_wukong_image191.png,1,genimage_fake,genimage,root,unknown_fake,seen,1.0,0,base
/ai_paas_jf/pangqs/AIGC/safepp_pytorch/data/test/genimage/fake/723_wukong_image26.png,1,genimage_fake,genimage,root,unknown_fake,seen,1.0,0,base
/ai_paas_jf/pangqs/AIGC/safepp_pytorch/data/test/genimage/fake/725_sdv4_00113.png,1,genimage_fake,genimage,root,unknown_fake,seen,1.0,0,base
/ai_paas_jf/pangqs/AIGC/safepp_pytorch/data/test/genimage/fake/726_biggan_00088.png,1,genimage_fake,genimage,root,unknown_fake,seen,1.0,0,base
/ai_paas_jf/pangqs/AIGC/safepp_pytorch/data/test/genimage/fake/727_adm_181.PNG,1,genimage_fake,genimage,root,unknown_fake,seen,1.0,0,base
/ai_paas_jf/pangqs/AIGC/safepp_pytorch/data/test/genimage/fake/727_biggan_00034.png,1,genimage_fake,genimage,root,unknown_fake,seen,1.0,0,base
/ai_paas_jf/pangqs/AIGC/safepp_pytorch/data/test/genimage/fake/728_midjourney_70.png,1,genimage_fake,genimage,root,unknown_fake,seen,1.0,0,base
/ai_paas_jf/pangqs/AIGC/safepp_pytorch/data/test/genimage/fake/72_wukong_image170.png,1,genimage_fake,genimage,root,unknown_fake,seen,1.0,0,base
/ai_paas_jf/pangqs/AIGC/safepp_pytorch/data/test/genimage/fake/735_biggan_00101.png,1,genimage_fake,genimage,root,unknown_fake,seen,1.0,0,base
/ai_paas_jf/pangqs/AIGC/safepp_pytorch/data/test/genimage/fake/735_biggan_00177.png,1,genimage_fake,genimage,root,unknown_fake,seen,1.0,0,base
/ai_paas_jf/pangqs/AIGC/safepp_pytorch/data/test/genimage/fake/736_midjourney_14.png,1,genimage_fake,genimage,root,unknown_fake,seen,1.0,0,base
/ai_paas_jf/pangqs/AIGC/safepp_pytorch/data/test/genimage/fake/736_sdv4_00113.png,1,genimage_fake,genimage,root,unknown_fake,seen,1.0,0,base
/ai_paas_jf/pangqs/AIGC/safepp_pytorch/data/test/genimage/fake/736_wukong_image12.png,1,genimage_fake,genimage,root,unknown_fake,seen,1.0,0,base
/ai_paas_jf/pangqs/AIGC/safepp_pytorch/data/test/genimage/fake/739_biggan_00149.png,1,genimage_fake,genimage,root,unknown_fake,seen,1.0,0,base
/ai_paas_jf/pangqs/AIGC/safepp_pytorch/data/test/genimage/fake/73_adm_51.PNG,1,genimage_fake,genimage,root,unknown_fake,seen,1.0,0,base
/ai_paas_jf/pangqs/AIGC/safepp_pytorch/data/test/genimage/fake/744_adm_109.PNG,1,genimage_fake,genimage,root,unknown_fake,seen,1.0,0,base
/ai_paas_jf/pangqs/AIGC/safepp_pytorch/data/test/genimage/fake/744_adm_154.PNG,1,genimage_fake,genimage,root,unknown_fake,seen,1.0,0,base
/ai_paas_jf/pangqs/AIGC/safepp_pytorch/data/test/genimage/fake/744_biggan_00026.png,1,genimage_fake,genimage,root,unknown_fake,seen,1.0,0,base
/ai_paas_jf/pangqs/AIGC/safepp_pytorch/data/test/genimage/fake/744_wukong_image175.png,1,genimage_fake,genimage,root,unknown_fake,seen,1.0,0,base
/ai_paas_jf/pangqs/AIGC/safepp_pytorch/data/test/genimage/fake/746_sdv4_00069.png,1,genimage_fake,genimage,root,unknown_fake,seen,1.0,0,base
/ai_paas_jf/pangqs/AIGC/safepp_pytorch/data/test/genimage/fake/746_sdv4_00193.png,1,genimage_fake,genimage,root,unknown_fake,seen,1.0,0,base
/ai_paas_jf/pangqs/AIGC/safepp_pytorch/data/test/genimage/fake/748_sdv4_00047.png,1,genimage_fake,genimage,root,unknown_fake,seen,1.0,0,base
/ai_paas_jf/pangqs/AIGC/safepp_pytorch/data/test/genimage/fake/748_wukong_image122.png,1,genimage_fake,genimage,root,unknown_fake,seen,1.0,0,base
/ai_paas_jf/pangqs/AIGC/safepp_pytorch/data/test/genimage/fake/751_wukong_image18.png,1,genimage_fake,genimage,root,unknown_fake,seen,1.0,0,base
/ai_paas_jf/pangqs/AIGC/safepp_pytorch/data/test/genimage/fake/752_midjourney_83.png,1,genimage_fake,genimage,root,unknown_fake,seen,1.0,0,base
/ai_paas_jf/pangqs/AIGC/safepp_pytorch/data/test/genimage/fake/753_biggan_00069.png,1,genimage_fake,genimage,root,unknown_fake,seen,1.0,0,base
/ai_paas_jf/pangqs/AIGC/safepp_pytorch/data/test/genimage/fake/753_sdv4_00049.png,1,genimage_fake,genimage,root,unknown_fake,seen,1.0,0,base
/ai_paas_jf/pangqs/AIGC/safepp_pytorch/data/test/genimage/fake/753_wukong_image178.png,1,genimage_fake,genimage,root,unknown_fake,seen,1.0,0,base
/ai_paas_jf/pangqs/AIGC/safepp_pytorch/data/test/genimage/fake/756_wukong_image123.png,1,genimage_fake,genimage,root,unknown_fake,seen,1.0,0,base
/ai_paas_jf/pangqs/AIGC/safepp_pytorch/data/test/genimage/fake/758_wukong_image56.png,1,genimage_fake,genimage,root,unknown_fake,seen,1.0,0,base
/ai_paas_jf/pangqs/AIGC/safepp_pytorch/data/test/genimage/fake/760_adm_92.PNG,1,genimage_fake,genimage,root,unknown_fake,seen,1.0,0,base
/ai_paas_jf/pangqs/AIGC/safepp_pytorch/data/test/genimage/fake/760_biggan_00004.png,1,genimage_fake,genimage,root,unknown_fake,seen,1.0,0,base
/ai_paas_jf/pangqs/AIGC/safepp_pytorch/data/test/genimage/fake/763_sdv4_00018.png,1,genimage_fake,genimage,root,unknown_fake,seen,1.0,0,base
/ai_paas_jf/pangqs/AIGC/safepp_pytorch/data/test/genimage/fake/767_sdv4_00077.png,1,genimage_fake,genimage,root,unknown_fake,seen,1.0,0,base
/ai_paas_jf/pangqs/AIGC/safepp_pytorch/data/test/genimage/fake/768_adm_166.PNG,1,genimage_fake,genimage,root,unknown_fake,seen,1.0,0,base
/ai_paas_jf/pangqs/AIGC/safepp_pytorch/data/test/genimage/fake/770_midjourney_116.png,1,genimage_fake,genimage,root,unknown_fake,seen,1.0,0,base
/ai_paas_jf/pangqs/AIGC/safepp_pytorch/data/test/genimage/fake/770_sdv4_00145.png,1,genimage_fake,genimage,root,unknown_fake,seen,1.0,0,base
/ai_paas_jf/pangqs/AIGC/safepp_pytorch/data/test/genimage/fake/774_adm_112.PNG,1,genimage_fake,genimage,root,unknown_fake,seen,1.0,0,base
/ai_paas_jf/pangqs/AIGC/safepp_pytorch/data/test/genimage/fake/775_midjourney_174.png,1,genimage_fake,genimage,root,unknown_fake,seen,1.0,0,base
/ai_paas_jf/pangqs/AIGC/safepp_pytorch/data/test/genimage/fake/777_wukong_image110.png,1,genimage_fake,genimage,root,unknown_fake,seen,1.0,0,base
/ai_paas_jf/pangqs/AIGC/safepp_pytorch/data/test/genimage/fake/778_sdv4_00193.png,1,genimage_fake,genimage,root,unknown_fake,seen,1.0,0,base
/ai_paas_jf/pangqs/AIGC/safepp_pytorch/data/test/genimage/fake/778_wukong_image164.png,1,genimage_fake,genimage,root,unknown_fake,seen,1.0,0,base
/ai_paas_jf/pangqs/AIGC/safepp_pytorch/data/test/genimage/fake/779_sdv4_00024.png,1,genimage_fake,genimage,root,unknown_fake,seen,1.0,0,base
/ai_paas_jf/pangqs/AIGC/safepp_pytorch/data/test/genimage/fake/780_biggan_00063.png,1,genimage_fake,genimage,root,unknown_fake,seen,1.0,0,base
/ai_paas_jf/pangqs/AIGC/safepp_pytorch/data/test/genimage/fake/780_sdv4_00115.png,1,genimage_fake,genimage,root,unknown_fake,seen,1.0,0,base
/ai_paas_jf/pangqs/AIGC/safepp_pytorch/data/test/genimage/fake/781_biggan_00177.png,1,genimage_fake,genimage,root,unknown_fake,seen,1.0,0,base
/ai_paas_jf/pangqs/AIGC/safepp_pytorch/data/test/genimage/fake/781_sdv4_00017.png,1,genimage_fake,genimage,root,unknown_fake,seen,1.0,0,base
/ai_paas_jf/pangqs/AIGC/safepp_pytorch/data/test/genimage/fake/784_sdv4_00198.png,1,genimage_fake,genimage,root,unknown_fake,seen,1.0,0,base
/ai_paas_jf/pangqs/AIGC/safepp_pytorch/data/test/genimage/fake/785_adm_120.PNG,1,genimage_fake,genimage,root,unknown_fake,seen,1.0,0,base
/ai_paas_jf/pangqs/AIGC/safepp_pytorch/data/test/genimage/fake/785_midjourney_21.png,1,genimage_fake,genimage,root,unknown_fake,seen,1.0,0,base
/ai_paas_jf/pangqs/AIGC/safepp_pytorch/data/test/genimage/fake/786_wukong_image2.png,1,genimage_fake,genimage,root,unknown_fake,seen,1.0,0,base
/ai_paas_jf/pangqs/AIGC/safepp_pytorch/data/test/genimage/fake/787_wukong_image105.png,1,genimage_fake,genimage,root,unknown_fake,seen,1.0,0,base
/ai_paas_jf/pangqs/AIGC/safepp_pytorch/data/test/genimage/fake/791_adm_57.PNG,1,genimage_fake,genimage,root,unknown_fake,seen,1.0,0,base
/ai_paas_jf/pangqs/AIGC/safepp_pytorch/data/test/genimage/fake/792_midjourney_185.png,1,genimage_fake,genimage,root,unknown_fake,seen,1.0,0,base
/ai_paas_jf/pangqs/AIGC/safepp_pytorch/data/test/genimage/fake/793_midjourney_109.png,1,genimage_fake,genimage,root,unknown_fake,seen,1.0,0,base
/ai_paas_jf/pangqs/AIGC/safepp_pytorch/data/test/genimage/fake/793_sdv4_00017.png,1,genimage_fake,genimage,root,unknown_fake,seen,1.0,0,base
/ai_paas_jf/pangqs/AIGC/safepp_pytorch/data/test/genimage/fake/797_midjourney_98.png,1,genimage_fake,genimage,root,unknown_fake,seen,1.0,0,base
/ai_paas_jf/pangqs/AIGC/safepp_pytorch/data/test/genimage/fake/797_wukong_image137.png,1,genimage_fake,genimage,root,unknown_fake,seen,1.0,0,base
/ai_paas_jf/pangqs/AIGC/safepp_pytorch/data/test/genimage/fake/79_midjourney_195.png,1,genimage_fake,genimage,root,unknown_fake,seen,1.0,0,base
/ai_paas_jf/pangqs/AIGC/safepp_pytorch/data/test/genimage/fake/7_midjourney_18.png,1,genimage_fake,genimage,root,unknown_fake,seen,1.0,0,base
/ai_paas_jf/pangqs/AIGC/safepp_pytorch/data/test/genimage/fake/800_adm_148.PNG,1,genimage_fake,genimage,root,unknown_fake,seen,1.0,0,base
/ai_paas_jf/pangqs/AIGC/safepp_pytorch/data/test/genimage/fake/800_wukong_image16.png,1,genimage_fake,genimage,root,unknown_fake,seen,1.0,0,base
/ai_paas_jf/pangqs/AIGC/safepp_pytorch/data/test/genimage/fake/803_adm_53.PNG,1,genimage_fake,genimage,root,unknown_fake,seen,1.0,0,base
/ai_paas_jf/pangqs/AIGC/safepp_pytorch/data/test/genimage/fake/806_midjourney_46.png,1,genimage_fake,genimage,root,unknown_fake,seen,1.0,0,base
/ai_paas_jf/pangqs/AIGC/safepp_pytorch/data/test/genimage/fake/808_adm_176.PNG,1,genimage_fake,genimage,root,unknown_fake,seen,1.0,0,base
/ai_paas_jf/pangqs/AIGC/safepp_pytorch/data/test/genimage/fake/810_biggan_00149.png,1,genimage_fake,genimage,root,unknown_fake,seen,1.0,0,base
/ai_paas_jf/pangqs/AIGC/safepp_pytorch/data/test/genimage/fake/810_midjourney_39.png,1,genimage_fake,genimage,root,unknown_fake,seen,1.0,0,base
/ai_paas_jf/pangqs/AIGC/safepp_pytorch/data/test/genimage/fake/814_biggan_00072.png,1,genimage_fake,genimage,root,unknown_fake,seen,1.0,0,base
/ai_paas_jf/pangqs/AIGC/safepp_pytorch/data/test/genimage/fake/819_biggan_00010.png,1,genimage_fake,genimage,root,unknown_fake,seen,1.0,0,base
/ai_paas_jf/pangqs/AIGC/safepp_pytorch/data/test/genimage/fake/821_sdv4_00149.png,1,genimage_fake,genimage,root,unknown_fake,seen,1.0,0,base
/ai_paas_jf/pangqs/AIGC/safepp_pytorch/data/test/genimage/fake/823_midjourney_177.png,1,genimage_fake,genimage,root,unknown_fake,seen,1.0,0,base
/ai_paas_jf/pangqs/AIGC/safepp_pytorch/data/test/genimage/fake/825_biggan_00067.png,1,genimage_fake,genimage,root,unknown_fake,seen,1.0,0,base
/ai_paas_jf/pangqs/AIGC/safepp_pytorch/data/test/genimage/fake/82_wukong_image13.png,1,genimage_fake,genimage,root,unknown_fake,seen,1.0,0,base
/ai_paas_jf/pangqs/AIGC/safepp_pytorch/data/test/genimage/fake/830_sdv4_00095.png,1,genimage_fake,genimage,root,unknown_fake,seen,1.0,0,base
/ai_paas_jf/pangqs/AIGC/safepp_pytorch/data/test/genimage/fake/831_sdv4_00034.png,1,genimage_fake,genimage,root,unknown_fake,seen,1.0,0,base
/ai_paas_jf/pangqs/AIGC/safepp_pytorch/data/test/genimage/fake/832_midjourney_54.png,1,genimage_fake,genimage,root,unknown_fake,seen,1.0,0,base
/ai_paas_jf/pangqs/AIGC/safepp_pytorch/data/test/genimage/fake/834_adm_108.PNG,1,genimage_fake,genimage,root,unknown_fake,seen,1.0,0,base
/ai_paas_jf/pangqs/AIGC/safepp_pytorch/data/test/genimage/fake/845_adm_112.PNG,1,genimage_fake,genimage,root,unknown_fake,seen,1.0,0,base
/ai_paas_jf/pangqs/AIGC/safepp_pytorch/data/test/genimage/fake/846_sdv4_00008.png,1,genimage_fake,genimage,root,unknown_fake,seen,1.0,0,base
/ai_paas_jf/pangqs/AIGC/safepp_pytorch/data/test/genimage/fake/849_biggan_00152.png,1,genimage_fake,genimage,root,unknown_fake,seen,1.0,0,base
/ai_paas_jf/pangqs/AIGC/safepp_pytorch/data/test/genimage/fake/849_wukong_image131.png,1,genimage_fake,genimage,root,unknown_fake,seen,1.0,0,base
/ai_paas_jf/pangqs/AIGC/safepp_pytorch/data/test/genimage/fake/84_adm_114.PNG,1,genimage_fake,genimage,root,unknown_fake,seen,1.0,0,base
/ai_paas_jf/pangqs/AIGC/safepp_pytorch/data/test/genimage/fake/850_adm_139.PNG,1,genimage_fake,genimage,root,unknown_fake,seen,1.0,0,base
/ai_paas_jf/pangqs/AIGC/safepp_pytorch/data/test/genimage/fake/855_adm_135.PNG,1,genimage_fake,genimage,root,unknown_fake,seen,1.0,0,base
/ai_paas_jf/pangqs/AIGC/safepp_pytorch/data/test/genimage/fake/855_wukong_image99.png,1,genimage_fake,genimage,root,unknown_fake,seen,1.0,0,base
/ai_paas_jf/pangqs/AIGC/safepp_pytorch/data/test/genimage/fake/857_wukong_image89.png,1,genimage_fake,genimage,root,unknown_fake,seen,1.0,0,base
/ai_paas_jf/pangqs/AIGC/safepp_pytorch/data/test/genimage/fake/859_adm_35.PNG,1,genimage_fake,genimage,root,unknown_fake,seen,1.0,0,base
/ai_paas_jf/pangqs/AIGC/safepp_pytorch/data/test/genimage/fake/860_adm_145.PNG,1,genimage_fake,genimage,root,unknown_fake,seen,1.0,0,base
/ai_paas_jf/pangqs/AIGC/safepp_pytorch/data/test/genimage/fake/860_midjourney_80.png,1,genimage_fake,genimage,root,unknown_fake,seen,1.0,0,base
/ai_paas_jf/pangqs/AIGC/safepp_pytorch/data/test/genimage/fake/861_midjourney_40.png,1,genimage_fake,genimage,root,unknown_fake,seen,1.0,0,base
/ai_paas_jf/pangqs/AIGC/safepp_pytorch/data/test/genimage/fake/862_adm_105.PNG,1,genimage_fake,genimage,root,unknown_fake,seen,1.0,0,base
/ai_paas_jf/pangqs/AIGC/safepp_pytorch/data/test/genimage/fake/862_sdv4_00037.png,1,genimage_fake,genimage,root,unknown_fake,seen,1.0,0,base
/ai_paas_jf/pangqs/AIGC/safepp_pytorch/data/test/genimage/fake/863_biggan_00198.png,1,genimage_fake,genimage,root,unknown_fake,seen,1.0,0,base
/ai_paas_jf/pangqs/AIGC/safepp_pytorch/data/test/genimage/fake/864_midjourney_153.png,1,genimage_fake,genimage,root,unknown_fake,seen,1.0,0,base
/ai_paas_jf/pangqs/AIGC/safepp_pytorch/data/test/genimage/fake/864_sdv4_00043.png,1,genimage_fake,genimage,root,unknown_fake,seen,1.0,0,base
/ai_paas_jf/pangqs/AIGC/safepp_pytorch/data/test/genimage/fake/866_biggan_00017.png,1,genimage_fake,genimage,root,unknown_fake,seen,1.0,0,base
/ai_paas_jf/pangqs/AIGC/safepp_pytorch/data/test/genimage/fake/870_biggan_00017.png,1,genimage_fake,genimage,root,unknown_fake,seen,1.0,0,base
/ai_paas_jf/pangqs/AIGC/safepp_pytorch/data/test/genimage/fake/872_wukong_image1.png,1,genimage_fake,genimage,root,unknown_fake,seen,1.0,0,base
/ai_paas_jf/pangqs/AIGC/safepp_pytorch/data/test/genimage/fake/873_midjourney_68.png,1,genimage_fake,genimage,root,unknown_fake,seen,1.0,0,base
/ai_paas_jf/pangqs/AIGC/safepp_pytorch/data/test/genimage/fake/876_midjourney_5.png,1,genimage_fake,genimage,root,unknown_fake,seen,1.0,0,base
/ai_paas_jf/pangqs/AIGC/safepp_pytorch/data/test/genimage/fake/878_sdv4_00031.png,1,genimage_fake,genimage,root,unknown_fake,seen,1.0,0,base
/ai_paas_jf/pangqs/AIGC/safepp_pytorch/data/test/genimage/fake/878_wukong_image190.png,1,genimage_fake,genimage,root,unknown_fake,seen,1.0,0,base
/ai_paas_jf/pangqs/AIGC/safepp_pytorch/data/test/genimage/fake/880_adm_188.PNG,1,genimage_fake,genimage,root,unknown_fake,seen,1.0,0,base
/ai_paas_jf/pangqs/AIGC/safepp_pytorch/data/test/genimage/fake/882_adm_134.PNG,1,genimage_fake,genimage,root,unknown_fake,seen,1.0,0,base
/ai_paas_jf/pangqs/AIGC/safepp_pytorch/data/test/genimage/fake/883_midjourney_175.png,1,genimage_fake,genimage,root,unknown_fake,seen,1.0,0,base
/ai_paas_jf/pangqs/AIGC/safepp_pytorch/data/test/genimage/fake/884_sdv4_00084.png,1,genimage_fake,genimage,root,unknown_fake,seen,1.0,0,base
/ai_paas_jf/pangqs/AIGC/safepp_pytorch/data/test/genimage/fake/885_biggan_00185.png,1,genimage_fake,genimage,root,unknown_fake,seen,1.0,0,base
/ai_paas_jf/pangqs/AIGC/safepp_pytorch/data/test/genimage/fake/888_sdv4_00122.png,1,genimage_fake,genimage,root,unknown_fake,seen,1.0,0,base
/ai_paas_jf/pangqs/AIGC/safepp_pytorch/data/test/genimage/fake/890_sdv4_00079.png,1,genimage_fake,genimage,root,unknown_fake,seen,1.0,0,base
/ai_paas_jf/pangqs/AIGC/safepp_pytorch/data/test/genimage/fake/890_wukong_image1.png,1,genimage_fake,genimage,root,unknown_fake,seen,1.0,0,base
/ai_paas_jf/pangqs/AIGC/safepp_pytorch/data/test/genimage/fake/891_biggan_00144.png,1,genimage_fake,genimage,root,unknown_fake,seen,1.0,0,base
/ai_paas_jf/pangqs/AIGC/safepp_pytorch/data/test/genimage/fake/891_wukong_image96.png,1,genimage_fake,genimage,root,unknown_fake,seen,1.0,0,base
/ai_paas_jf/pangqs/AIGC/safepp_pytorch/data/test/genimage/fake/892_midjourney_76.png,1,genimage_fake,genimage,root,unknown_fake,seen,1.0,0,base
/ai_paas_jf/pangqs/AIGC/safepp_pytorch/data/test/genimage/fake/892_sdv4_00049.png,1,genimage_fake,genimage,root,unknown_fake,seen,1.0,0,base
/ai_paas_jf/pangqs/AIGC/safepp_pytorch/data/test/genimage/fake/892_wukong_image163.png,1,genimage_fake,genimage,root,unknown_fake,seen,1.0,0,base
/ai_paas_jf/pangqs/AIGC/safepp_pytorch/data/test/genimage/fake/893_adm_41.PNG,1,genimage_fake,genimage,root,unknown_fake,seen,1.0,0,base
/ai_paas_jf/pangqs/AIGC/safepp_pytorch/data/test/genimage/fake/895_adm_95.PNG,1,genimage_fake,genimage,root,unknown_fake,seen,1.0,0,base
/ai_paas_jf/pangqs/AIGC/safepp_pytorch/data/test/genimage/fake/895_midjourney_54.png,1,genimage_fake,genimage,root,unknown_fake,seen,1.0,0,base
/ai_paas_jf/pangqs/AIGC/safepp_pytorch/data/test/genimage/fake/8_adm_127.PNG,1,genimage_fake,genimage,root,unknown_fake,seen,1.0,0,base
/ai_paas_jf/pangqs/AIGC/safepp_pytorch/data/test/genimage/fake/902_sdv4_00078.png,1,genimage_fake,genimage,root,unknown_fake,seen,1.0,0,base
/ai_paas_jf/pangqs/AIGC/safepp_pytorch/data/test/genimage/fake/903_sdv4_00000.png,1,genimage_fake,genimage,root,unknown_fake,seen,1.0,0,base
/ai_paas_jf/pangqs/AIGC/safepp_pytorch/data/test/genimage/fake/903_sdv4_00050.png,1,genimage_fake,genimage,root,unknown_fake,seen,1.0,0,base
/ai_paas_jf/pangqs/AIGC/safepp_pytorch/data/test/genimage/fake/904_wukong_image17.png,1,genimage_fake,genimage,root,unknown_fake,seen,1.0,0,base
/ai_paas_jf/pangqs/AIGC/safepp_pytorch/data/test/genimage/fake/906_biggan_00148.png,1,genimage_fake,genimage,root,unknown_fake,seen,1.0,0,base
/ai_paas_jf/pangqs/AIGC/safepp_pytorch/data/test/genimage/fake/906_sdv4_00162.png,1,genimage_fake,genimage,root,unknown_fake,seen,1.0,0,base
/ai_paas_jf/pangqs/AIGC/safepp_pytorch/data/test/genimage/fake/907_wukong_image87.png,1,genimage_fake,genimage,root,unknown_fake,seen,1.0,0,base
/ai_paas_jf/pangqs/AIGC/safepp_pytorch/data/test/genimage/fake/910_midjourney_41.png,1,genimage_fake,genimage,root,unknown_fake,seen,1.0,0,base
/ai_paas_jf/pangqs/AIGC/safepp_pytorch/data/test/genimage/fake/910_wukong_image45.png,1,genimage_fake,genimage,root,unknown_fake,seen,1.0,0,base
/ai_paas_jf/pangqs/AIGC/safepp_pytorch/data/test/genimage/fake/912_biggan_00021.png,1,genimage_fake,genimage,root,unknown_fake,seen,1.0,0,base
/ai_paas_jf/pangqs/AIGC/safepp_pytorch/data/test/genimage/fake/912_wukong_image10.png,1,genimage_fake,genimage,root,unknown_fake,seen,1.0,0,base
/ai_paas_jf/pangqs/AIGC/safepp_pytorch/data/test/genimage/fake/913_biggan_00063.png,1,genimage_fake,genimage,root,unknown_fake,seen,1.0,0,base
/ai_paas_jf/pangqs/AIGC/safepp_pytorch/data/test/genimage/fake/913_sdv4_00049.png,1,genimage_fake,genimage,root,unknown_fake,seen,1.0,0,base
/ai_paas_jf/pangqs/AIGC/safepp_pytorch/data/test/genimage/fake/914_sdv4_00196.png,1,genimage_fake,genimage,root,unknown_fake,seen,1.0,0,base
/ai_paas_jf/pangqs/AIGC/safepp_pytorch/data/test/genimage/fake/916_adm_181.PNG,1,genimage_fake,genimage,root,unknown_fake,seen,1.0,0,base
/ai_paas_jf/pangqs/AIGC/safepp_pytorch/data/test/genimage/fake/918_adm_139.PNG,1,genimage_fake,genimage,root,unknown_fake,seen,1.0,0,base
/ai_paas_jf/pangqs/AIGC/safepp_pytorch/data/test/genimage/fake/918_adm_161.PNG,1,genimage_fake,genimage,root,unknown_fake,seen,1.0,0,base
/ai_paas_jf/pangqs/AIGC/safepp_pytorch/data/test/genimage/fake/918_midjourney_69.png,1,genimage_fake,genimage,root,unknown_fake,seen,1.0,0,base
/ai_paas_jf/pangqs/AIGC/safepp_pytorch/data/test/genimage/fake/920_adm_16.PNG,1,genimage_fake,genimage,root,unknown_fake,seen,1.0,0,base
/ai_paas_jf/pangqs/AIGC/safepp_pytorch/data/test/genimage/fake/921_wukong_image120.png,1,genimage_fake,genimage,root,unknown_fake,seen,1.0,0,base
/ai_paas_jf/pangqs/AIGC/safepp_pytorch/data/test/genimage/fake/923_wukong_image197.png,1,genimage_fake,genimage,root,unknown_fake,seen,1.0,0,base
/ai_paas_jf/pangqs/AIGC/safepp_pytorch/data/test/genimage/fake/924_midjourney_159.png,1,genimage_fake,genimage,root,unknown_fake,seen,1.0,0,base
/ai_paas_jf/pangqs/AIGC/safepp_pytorch/data/test/genimage/fake/924_wukong_image26.png,1,genimage_fake,genimage,root,unknown_fake,seen,1.0,0,base
/ai_paas_jf/pangqs/AIGC/safepp_pytorch/data/test/genimage/fake/926_adm_8.PNG,1,genimage_fake,genimage,root,unknown_fake,seen,1.0,0,base
/ai_paas_jf/pangqs/AIGC/safepp_pytorch/data/test/genimage/fake/929_midjourney_74.png,1,genimage_fake,genimage,root,unknown_fake,seen,1.0,0,base
/ai_paas_jf/pangqs/AIGC/safepp_pytorch/data/test/genimage/fake/931_biggan_00098.png,1,genimage_fake,genimage,root,unknown_fake,seen,1.0,0,base
/ai_paas_jf/pangqs/AIGC/safepp_pytorch/data/test/genimage/fake/932_adm_143.PNG,1,genimage_fake,genimage,root,unknown_fake,seen,1.0,0,base
/ai_paas_jf/pangqs/AIGC/safepp_pytorch/data/test/genimage/fake/936_adm_110.PNG,1,genimage_fake,genimage,root,unknown_fake,seen,1.0,0,base
/ai_paas_jf/pangqs/AIGC/safepp_pytorch/data/test/genimage/fake/936_wukong_image64.png,1,genimage_fake,genimage,root,unknown_fake,seen,1.0,0,base
/ai_paas_jf/pangqs/AIGC/safepp_pytorch/data/test/genimage/fake/941_midjourney_116.png,1,genimage_fake,genimage,root,unknown_fake,seen,1.0,0,base
/ai_paas_jf/pangqs/AIGC/safepp_pytorch/data/test/genimage/fake/941_sdv4_00001.png,1,genimage_fake,genimage,root,unknown_fake,seen,1.0,0,base
/ai_paas_jf/pangqs/AIGC/safepp_pytorch/data/test/genimage/fake/941_sdv4_00033.png,1,genimage_fake,genimage,root,unknown_fake,seen,1.0,0,base
/ai_paas_jf/pangqs/AIGC/safepp_pytorch/data/test/genimage/fake/941_sdv4_00105.png,1,genimage_fake,genimage,root,unknown_fake,seen,1.0,0,base
/ai_paas_jf/pangqs/AIGC/safepp_pytorch/data/test/genimage/fake/943_biggan_00053.png,1,genimage_fake,genimage,root,unknown_fake,seen,1.0,0,base
/ai_paas_jf/pangqs/AIGC/safepp_pytorch/data/test/genimage/fake/943_wukong_image41.png,1,genimage_fake,genimage,root,unknown_fake,seen,1.0,0,base
/ai_paas_jf/pangqs/AIGC/safepp_pytorch/data/test/genimage/fake/944_wukong_image32.png,1,genimage_fake,genimage,root,unknown_fake,seen,1.0,0,base
/ai_paas_jf/pangqs/AIGC/safepp_pytorch/data/test/genimage/fake/945_sdv4_00137.png,1,genimage_fake,genimage,root,unknown_fake,seen,1.0,0,base
/ai_paas_jf/pangqs/AIGC/safepp_pytorch/data/test/genimage/fake/946_wukong_image193.png,1,genimage_fake,genimage,root,unknown_fake,seen,1.0,0,base
/ai_paas_jf/pangqs/AIGC/safepp_pytorch/data/test/genimage/fake/947_midjourney_11.png,1,genimage_fake,genimage,root,unknown_fake,seen,1.0,0,base
/ai_paas_jf/pangqs/AIGC/safepp_pytorch/data/test/genimage/fake/947_midjourney_151.png,1,genimage_fake,genimage,root,unknown_fake,seen,1.0,0,base
/ai_paas_jf/pangqs/AIGC/safepp_pytorch/data/test/genimage/fake/949_sdv4_00110.png,1,genimage_fake,genimage,root,unknown_fake,seen,1.0,0,base
/ai_paas_jf/pangqs/AIGC/safepp_pytorch/data/test/genimage/fake/94_midjourney_160.png,1,genimage_fake,genimage,root,unknown_fake,seen,1.0,0,base
/ai_paas_jf/pangqs/AIGC/safepp_pytorch/data/test/genimage/fake/952_wukong_image87.png,1,genimage_fake,genimage,root,unknown_fake,seen,1.0,0,base
/ai_paas_jf/pangqs/AIGC/safepp_pytorch/data/test/genimage/fake/953_wukong_image125.png,1,genimage_fake,genimage,root,unknown_fake,seen,1.0,0,base
/ai_paas_jf/pangqs/AIGC/safepp_pytorch/data/test/genimage/fake/954_adm_186.PNG,1,genimage_fake,genimage,root,unknown_fake,seen,1.0,0,base
/ai_paas_jf/pangqs/AIGC/safepp_pytorch/data/test/genimage/fake/956_sdv4_00089.png,1,genimage_fake,genimage,root,unknown_fake,seen,1.0,0,base
/ai_paas_jf/pangqs/AIGC/safepp_pytorch/data/test/genimage/fake/956_wukong_image41.png,1,genimage_fake,genimage,root,unknown_fake,seen,1.0,0,base
/ai_paas_jf/pangqs/AIGC/safepp_pytorch/data/test/genimage/fake/957_adm_123.PNG,1,genimage_fake,genimage,root,unknown_fake,seen,1.0,0,base
/ai_paas_jf/pangqs/AIGC/safepp_pytorch/data/test/genimage/fake/957_adm_36.PNG,1,genimage_fake,genimage,root,unknown_fake,seen,1.0,0,base
/ai_paas_jf/pangqs/AIGC/safepp_pytorch/data/test/genimage/fake/958_biggan_00045.png,1,genimage_fake,genimage,root,unknown_fake,seen,1.0,0,base
/ai_paas_jf/pangqs/AIGC/safepp_pytorch/data/test/genimage/fake/958_wukong_image29.png,1,genimage_fake,genimage,root,unknown_fake,seen,1.0,0,base
/ai_paas_jf/pangqs/AIGC/safepp_pytorch/data/test/genimage/fake/958_wukong_image50.png,1,genimage_fake,genimage,root,unknown_fake,seen,1.0,0,base
/ai_paas_jf/pangqs/AIGC/safepp_pytorch/data/test/genimage/fake/959_sdv4_00023.png,1,genimage_fake,genimage,root,unknown_fake,seen,1.0,0,base
/ai_paas_jf/pangqs/AIGC/safepp_pytorch/data/test/genimage/fake/961_biggan_00011.png,1,genimage_fake,genimage,root,unknown_fake,seen,1.0,0,base
/ai_paas_jf/pangqs/AIGC/safepp_pytorch/data/test/genimage/fake/968_adm_30.PNG,1,genimage_fake,genimage,root,unknown_fake,seen,1.0,0,base
/ai_paas_jf/pangqs/AIGC/safepp_pytorch/data/test/genimage/fake/970_biggan_00188.png,1,genimage_fake,genimage,root,unknown_fake,seen,1.0,0,base
/ai_paas_jf/pangqs/AIGC/safepp_pytorch/data/test/genimage/fake/973_midjourney_95.png,1,genimage_fake,genimage,root,unknown_fake,seen,1.0,0,base
/ai_paas_jf/pangqs/AIGC/safepp_pytorch/data/test/genimage/fake/974_sdv4_00089.png,1,genimage_fake,genimage,root,unknown_fake,seen,1.0,0,base
/ai_paas_jf/pangqs/AIGC/safepp_pytorch/data/test/genimage/fake/97_adm_128.PNG,1,genimage_fake,genimage,root,unknown_fake,seen,1.0,0,base
/ai_paas_jf/pangqs/AIGC/safepp_pytorch/data/test/genimage/fake/980_midjourney_193.png,1,genimage_fake,genimage,root,unknown_fake,seen,1.0,0,base
/ai_paas_jf/pangqs/AIGC/safepp_pytorch/data/test/genimage/fake/983_midjourney_48.png,1,genimage_fake,genimage,root,unknown_fake,seen,1.0,0,base
/ai_paas_jf/pangqs/AIGC/safepp_pytorch/data/test/genimage/fake/986_adm_182.PNG,1,genimage_fake,genimage,root,unknown_fake,seen,1.0,0,base
/ai_paas_jf/pangqs/AIGC/safepp_pytorch/data/test/genimage/fake/987_biggan_00096.png,1,genimage_fake,genimage,root,unknown_fake,seen,1.0,0,base
/ai_paas_jf/pangqs/AIGC/safepp_pytorch/data/test/genimage/fake/987_midjourney_79.png,1,genimage_fake,genimage,root,unknown_fake,seen,1.0,0,base
/ai_paas_jf/pangqs/AIGC/safepp_pytorch/data/test/genimage/fake/988_wukong_image75.png,1,genimage_fake,genimage,root,unknown_fake,seen,1.0,0,base
/ai_paas_jf/pangqs/AIGC/safepp_pytorch/data/test/genimage/fake/989_adm_110.PNG,1,genimage_fake,genimage,root,unknown_fake,seen,1.0,0,base
/ai_paas_jf/pangqs/AIGC/safepp_pytorch/data/test/genimage/fake/993_biggan_00156.png,1,genimage_fake,genimage,root,unknown_fake,seen,1.0,0,base
/ai_paas_jf/pangqs/AIGC/safepp_pytorch/data/test/genimage/fake/997_wukong_image193.png,1,genimage_fake,genimage,root,unknown_fake,seen,1.0,0,base
/ai_paas_jf/pangqs/AIGC/safepp_pytorch/data/test/genimage/fake/999_adm_64.PNG,1,genimage_fake,genimage,root,unknown_fake,seen,1.0,0,base
/ai_paas_jf/pangqs/AIGC/safepp_pytorch/data/test/genimage/fake/9_adm_25.PNG,1,genimage_fake,genimage,root,unknown_fake,seen,1.0,0,base
/ai_paas_jf/pangqs/AIGC/safepp_pytorch/data/test/genimage/fake/9_wukong_image14.png,1,genimage_fake,genimage,root,unknown_fake,seen,1.0,0,base
/ai_paas_jf/pangqs/AIGC/safepp_pytorch/data/test/genimage/fake/GLIDE_1000_200_00_005_glide_00026.png,1,genimage_fake,genimage,root,unknown_fake,seen,1.0,0,base
/ai_paas_jf/pangqs/AIGC/safepp_pytorch/data/test/genimage/fake/GLIDE_1000_200_00_006_glide_00008.png,1,genimage_fake,genimage,root,unknown_fake,seen,1.0,0,base
/ai_paas_jf/pangqs/AIGC/safepp_pytorch/data/test/genimage/fake/GLIDE_1000_200_00_031_glide_00104.png,1,genimage_fake,genimage,root,unknown_fake,seen,1.0,0,base
/ai_paas_jf/pangqs/AIGC/safepp_pytorch/data/test/genimage/fake/GLIDE_1000_200_00_040_glide_00072.png,1,genimage_fake,genimage,root,unknown_fake,seen,1.0,0,base
/ai_paas_jf/pangqs/AIGC/safepp_pytorch/data/test/genimage/fake/GLIDE_1000_200_00_050_glide_00142.png,1,genimage_fake,genimage,root,unknown_fake,seen,1.0,0,base
/ai_paas_jf/pangqs/AIGC/safepp_pytorch/data/test/genimage/fake/GLIDE_1000_200_00_075_glide_00188.png,1,genimage_fake,genimage,root,unknown_fake,seen,1.0,0,base
/ai_paas_jf/pangqs/AIGC/safepp_pytorch/data/test/genimage/fake/GLIDE_1000_200_00_080_glide_00085.png,1,genimage_fake,genimage,root,unknown_fake,seen,1.0,0,base
/ai_paas_jf/pangqs/AIGC/safepp_pytorch/data/test/genimage/fake/GLIDE_1000_200_00_093_glide_00152.png,1,genimage_fake,genimage,root,unknown_fake,seen,1.0,0,base
/ai_paas_jf/pangqs/AIGC/safepp_pytorch/data/test/genimage/fake/GLIDE_1000_200_00_098_glide_00155.png,1,genimage_fake,genimage,root,unknown_fake,seen,1.0,0,base
/ai_paas_jf/pangqs/AIGC/safepp_pytorch/data/test/genimage/fake/GLIDE_1000_200_01_101_glide_00138.png,1,genimage_fake,genimage,root,unknown_fake,seen,1.0,0,base
/ai_paas_jf/pangqs/AIGC/safepp_pytorch/data/test/genimage/fake/GLIDE_1000_200_01_124_glide_00153.png,1,genimage_fake,genimage,root,unknown_fake,seen,1.0,0,base
/ai_paas_jf/pangqs/AIGC/safepp_pytorch/data/test/genimage/fake/GLIDE_1000_200_01_128_glide_00122.png,1,genimage_fake,genimage,root,unknown_fake,seen,1.0,0,base
/ai_paas_jf/pangqs/AIGC/safepp_pytorch/data/test/genimage/fake/GLIDE_1000_200_01_128_glide_00129.png,1,genimage_fake,genimage,root,unknown_fake,seen,1.0,0,base
/ai_paas_jf/pangqs/AIGC/safepp_pytorch/data/test/genimage/fake/GLIDE_1000_200_01_130_glide_00018.png,1,genimage_fake,genimage,root,unknown_fake,seen,1.0,0,base
/ai_paas_jf/pangqs/AIGC/safepp_pytorch/data/test/genimage/fake/GLIDE_1000_200_01_137_glide_00173.png,1,genimage_fake,genimage,root,unknown_fake,seen,1.0,0,base
/ai_paas_jf/pangqs/AIGC/safepp_pytorch/data/test/genimage/fake/GLIDE_1000_200_01_144_glide_00055.png,1,genimage_fake,genimage,root,unknown_fake,seen,1.0,0,base
/ai_paas_jf/pangqs/AIGC/safepp_pytorch/data/test/genimage/fake/GLIDE_1000_200_01_144_glide_00057.png,1,genimage_fake,genimage,root,unknown_fake,seen,1.0,0,base
/ai_paas_jf/pangqs/AIGC/safepp_pytorch/data/test/genimage/fake/GLIDE_1000_200_01_157_glide_00188.png,1,genimage_fake,genimage,root,unknown_fake,seen,1.0,0,base
/ai_paas_jf/pangqs/AIGC/safepp_pytorch/data/test/genimage/fake/GLIDE_1000_200_01_178_glide_00088.png,1,genimage_fake,genimage,root,unknown_fake,seen,1.0,0,base
/ai_paas_jf/pangqs/AIGC/safepp_pytorch/data/test/genimage/fake/GLIDE_1000_200_02_203_glide_00094.png,1,genimage_fake,genimage,root,unknown_fake,seen,1.0,0,base
/ai_paas_jf/pangqs/AIGC/safepp_pytorch/data/test/genimage/fake/GLIDE_1000_200_02_204_glide_00073.png,1,genimage_fake,genimage,root,unknown_fake,seen,1.0,0,base
/ai_paas_jf/pangqs/AIGC/safepp_pytorch/data/test/genimage/fake/GLIDE_1000_200_02_206_glide_00095.png,1,genimage_fake,genimage,root,unknown_fake,seen,1.0,0,base
/ai_paas_jf/pangqs/AIGC/safepp_pytorch/data/test/genimage/fake/GLIDE_1000_200_02_214_glide_00062.png,1,genimage_fake,genimage,root,unknown_fake,seen,1.0,0,base
/ai_paas_jf/pangqs/AIGC/safepp_pytorch/data/test/genimage/fake/GLIDE_1000_200_02_220_glide_00001.png,1,genimage_fake,genimage,root,unknown_fake,seen,1.0,0,base
/ai_paas_jf/pangqs/AIGC/safepp_pytorch/data/test/genimage/fake/GLIDE_1000_200_02_220_glide_00014.png,1,genimage_fake,genimage,root,unknown_fake,seen,1.0,0,base
/ai_paas_jf/pangqs/AIGC/safepp_pytorch/data/test/genimage/fake/GLIDE_1000_200_02_225_glide_00086.png,1,genimage_fake,genimage,root,unknown_fake,seen,1.0,0,base
/ai_paas_jf/pangqs/AIGC/safepp_pytorch/data/test/genimage/fake/GLIDE_1000_200_02_235_glide_00079.png,1,genimage_fake,genimage,root,unknown_fake,seen,1.0,0,base
/ai_paas_jf/pangqs/AIGC/safepp_pytorch/data/test/genimage/fake/GLIDE_1000_200_02_271_glide_00054.png,1,genimage_fake,genimage,root,unknown_fake,seen,1.0,0,base
/ai_paas_jf/pangqs/AIGC/safepp_pytorch/data/test/genimage/fake/GLIDE_1000_200_02_282_glide_00055.png,1,genimage_fake,genimage,root,unknown_fake,seen,1.0,0,base
/ai_paas_jf/pangqs/AIGC/safepp_pytorch/data/test/genimage/fake/GLIDE_1000_200_03_313_glide_00138.png,1,genimage_fake,genimage,root,unknown_fake,seen,1.0,0,base
/ai_paas_jf/pangqs/AIGC/safepp_pytorch/data/test/genimage/fake/GLIDE_1000_200_03_336_glide_00034.png,1,genimage_fake,genimage,root,unknown_fake,seen,1.0,0,base
/ai_paas_jf/pangqs/AIGC/safepp_pytorch/data/test/genimage/fake/GLIDE_1000_200_03_358_glide_00183.png,1,genimage_fake,genimage,root,unknown_fake,seen,1.0,0,base
/ai_paas_jf/pangqs/AIGC/safepp_pytorch/data/test/genimage/fake/GLIDE_1000_200_03_367_glide_00057.png,1,genimage_fake,genimage,root,unknown_fake,seen,1.0,0,base
/ai_paas_jf/pangqs/AIGC/safepp_pytorch/data/test/genimage/fake/GLIDE_1000_200_03_371_glide_00186.png,1,genimage_fake,genimage,root,unknown_fake,seen,1.0,0,base
/ai_paas_jf/pangqs/AIGC/safepp_pytorch/data/test/genimage/fake/GLIDE_1000_200_03_374_glide_00134.png,1,genimage_fake,genimage,root,unknown_fake,seen,1.0,0,base
/ai_paas_jf/pangqs/AIGC/safepp_pytorch/data/test/genimage/fake/GLIDE_1000_200_03_393_glide_00060.png,1,genimage_fake,genimage,root,unknown_fake,seen,1.0,0,base
/ai_paas_jf/pangqs/AIGC/safepp_pytorch/data/test/genimage/fake/GLIDE_1000_200_03_398_glide_00161.png,1,genimage_fake,genimage,root,unknown_fake,seen,1.0,0,base
/ai_paas_jf/pangqs/AIGC/safepp_pytorch/data/test/genimage/fake/GLIDE_1000_200_04_401_glide_00148.png,1,genimage_fake,genimage,root,unknown_fake,seen,1.0,0,base
/ai_paas_jf/pangqs/AIGC/safepp_pytorch/data/test/genimage/fake/GLIDE_1000_200_04_402_glide_00059.png,1,genimage_fake,genimage,root,unknown_fake,seen,1.0,0,base
/ai_paas_jf/pangqs/AIGC/safepp_pytorch/data/test/genimage/fake/GLIDE_1000_200_04_421_glide_00141.png,1,genimage_fake,genimage,root,unknown_fake,seen,1.0,0,base
/ai_paas_jf/pangqs/AIGC/safepp_pytorch/data/test/genimage/fake/GLIDE_1000_200_04_428_glide_00106.png,1,genimage_fake,genimage,root,unknown_fake,seen,1.0,0,base
/ai_paas_jf/pangqs/AIGC/safepp_pytorch/data/test/genimage/fake/GLIDE_1000_200_04_441_glide_00054.png,1,genimage_fake,genimage,root,unknown_fake,seen,1.0,0,base
/ai_paas_jf/pangqs/AIGC/safepp_pytorch/data/test/genimage/fake/GLIDE_1000_200_04_457_glide_00073.png,1,genimage_fake,genimage,root,unknown_fake,seen,1.0,0,base
/ai_paas_jf/pangqs/AIGC/safepp_pytorch/data/test/genimage/fake/GLIDE_1000_200_04_460_glide_00119.png,1,genimage_fake,genimage,root,unknown_fake,seen,1.0,0,base
/ai_paas_jf/pangqs/AIGC/safepp_pytorch/data/test/genimage/fake/GLIDE_1000_200_04_460_glide_00170.png,1,genimage_fake,genimage,root,unknown_fake,seen,1.0,0,base
/ai_paas_jf/pangqs/AIGC/safepp_pytorch/data/test/genimage/fake/GLIDE_1000_200_04_463_glide_00173.png,1,genimage_fake,genimage,root,unknown_fake,seen,1.0,0,base
/ai_paas_jf/pangqs/AIGC/safepp_pytorch/data/test/genimage/fake/GLIDE_1000_200_04_464_glide_00169.png,1,genimage_fake,genimage,root,unknown_fake,seen,1.0,0,base
/ai_paas_jf/pangqs/AIGC/safepp_pytorch/data/test/genimage/fake/GLIDE_1000_200_04_465_glide_00188.png,1,genimage_fake,genimage,root,unknown_fake,seen,1.0,0,base
/ai_paas_jf/pangqs/AIGC/safepp_pytorch/data/test/genimage/fake/GLIDE_1000_200_04_474_glide_00193.png,1,genimage_fake,genimage,root,unknown_fake,seen,1.0,0,base
/ai_paas_jf/pangqs/AIGC/safepp_pytorch/data/test/genimage/fake/GLIDE_1000_200_04_479_glide_00059.png,1,genimage_fake,genimage,root,unknown_fake,seen,1.0,0,base
/ai_paas_jf/pangqs/AIGC/safepp_pytorch/data/test/genimage/fake/GLIDE_1000_200_04_480_glide_00028.png,1,genimage_fake,genimage,root,unknown_fake,seen,1.0,0,base
/ai_paas_jf/pangqs/AIGC/safepp_pytorch/data/test/genimage/fake/GLIDE_1000_200_04_488_glide_00167.png,1,genimage_fake,genimage,root,unknown_fake,seen,1.0,0,base
/ai_paas_jf/pangqs/AIGC/safepp_pytorch/data/test/genimage/fake/GLIDE_1000_200_04_491_glide_00105.png,1,genimage_fake,genimage,root,unknown_fake,seen,1.0,0,base
/ai_paas_jf/pangqs/AIGC/safepp_pytorch/data/test/genimage/fake/GLIDE_1000_200_04_492_glide_00036.png,1,genimage_fake,genimage,root,unknown_fake,seen,1.0,0,base
/ai_paas_jf/pangqs/AIGC/safepp_pytorch/data/test/genimage/fake/GLIDE_1000_200_04_493_glide_00018.png,1,genimage_fake,genimage,root,unknown_fake,seen,1.0,0,base
/ai_paas_jf/pangqs/AIGC/safepp_pytorch/data/test/genimage/fake/GLIDE_1000_200_05_500_glide_00004.png,1,genimage_fake,genimage,root,unknown_fake,seen,1.0,0,base
/ai_paas_jf/pangqs/AIGC/safepp_pytorch/data/test/genimage/fake/GLIDE_1000_200_05_511_glide_00046.png,1,genimage_fake,genimage,root,unknown_fake,seen,1.0,0,base
/ai_paas_jf/pangqs/AIGC/safepp_pytorch/data/test/genimage/fake/GLIDE_1000_200_05_514_glide_00079.png,1,genimage_fake,genimage,root,unknown_fake,seen,1.0,0,base
/ai_paas_jf/pangqs/AIGC/safepp_pytorch/data/test/genimage/fake/GLIDE_1000_200_05_520_glide_00176.png,1,genimage_fake,genimage,root,unknown_fake,seen,1.0,0,base
/ai_paas_jf/pangqs/AIGC/safepp_pytorch/data/test/genimage/fake/GLIDE_1000_200_05_526_glide_00136.png,1,genimage_fake,genimage,root,unknown_fake,seen,1.0,0,base
/ai_paas_jf/pangqs/AIGC/safepp_pytorch/data/test/genimage/fake/GLIDE_1000_200_05_530_glide_00178.png,1,genimage_fake,genimage,root,unknown_fake,seen,1.0,0,base
/ai_paas_jf/pangqs/AIGC/safepp_pytorch/data/test/genimage/fake/GLIDE_1000_200_05_560_glide_00047.png,1,genimage_fake,genimage,root,unknown_fake,seen,1.0,0,base
/ai_paas_jf/pangqs/AIGC/safepp_pytorch/data/test/genimage/fake/GLIDE_1000_200_05_567_glide_00137.png,1,genimage_fake,genimage,root,unknown_fake,seen,1.0,0,base
/ai_paas_jf/pangqs/AIGC/safepp_pytorch/data/test/genimage/fake/GLIDE_1000_200_05_569_glide_00060.png,1,genimage_fake,genimage,root,unknown_fake,seen,1.0,0,base
/ai_paas_jf/pangqs/AIGC/safepp_pytorch/data/test/genimage/fake/GLIDE_1000_200_05_586_glide_00070.png,1,genimage_fake,genimage,root,unknown_fake,seen,1.0,0,base
/ai_paas_jf/pangqs/AIGC/safepp_pytorch/data/test/genimage/fake/GLIDE_1000_200_06_610_glide_00172.png,1,genimage_fake,genimage,root,unknown_fake,seen,1.0,0,base
/ai_paas_jf/pangqs/AIGC/safepp_pytorch/data/test/genimage/fake/GLIDE_1000_200_06_617_glide_00040.png,1,genimage_fake,genimage,root,unknown_fake,seen,1.0,0,base
/ai_paas_jf/pangqs/AIGC/safepp_pytorch/data/test/genimage/fake/GLIDE_1000_200_06_619_glide_00187.png,1,genimage_fake,genimage,root,unknown_fake,seen,1.0,0,base
/ai_paas_jf/pangqs/AIGC/safepp_pytorch/data/test/genimage/fake/GLIDE_1000_200_06_624_glide_00185.png,1,genimage_fake,genimage,root,unknown_fake,seen,1.0,0,base
/ai_paas_jf/pangqs/AIGC/safepp_pytorch/data/test/genimage/fake/GLIDE_1000_200_06_636_glide_00064.png,1,genimage_fake,genimage,root,unknown_fake,seen,1.0,0,base
/ai_paas_jf/pangqs/AIGC/safepp_pytorch/data/test/genimage/fake/GLIDE_1000_200_06_642_glide_00156.png,1,genimage_fake,genimage,root,unknown_fake,seen,1.0,0,base
/ai_paas_jf/pangqs/AIGC/safepp_pytorch/data/test/genimage/fake/GLIDE_1000_200_06_643_glide_00077.png,1,genimage_fake,genimage,root,unknown_fake,seen,1.0,0,base
/ai_paas_jf/pangqs/AIGC/safepp_pytorch/data/test/genimage/fake/GLIDE_1000_200_06_644_glide_00054.png,1,genimage_fake,genimage,root,unknown_fake,seen,1.0,0,base
/ai_paas_jf/pangqs/AIGC/safepp_pytorch/data/test/genimage/fake/GLIDE_1000_200_06_648_glide_00184.png,1,genimage_fake,genimage,root,unknown_fake,seen,1.0,0,base
/ai_paas_jf/pangqs/AIGC/safepp_pytorch/data/test/genimage/fake/GLIDE_1000_200_06_650_glide_00048.png,1,genimage_fake,genimage,root,unknown_fake,seen,1.0,0,base
/ai_paas_jf/pangqs/AIGC/safepp_pytorch/data/test/genimage/fake/GLIDE_1000_200_06_652_glide_00073.png,1,genimage_fake,genimage,root,unknown_fake,seen,1.0,0,base
/ai_paas_jf/pangqs/AIGC/safepp_pytorch/data/test/genimage/fake/GLIDE_1000_200_06_671_glide_00084.png,1,genimage_fake,genimage,root,unknown_fake,seen,1.0,0,base
/ai_paas_jf/pangqs/AIGC/safepp_pytorch/data/test/genimage/fake/GLIDE_1000_200_06_684_glide_00196.png,1,genimage_fake,genimage,root,unknown_fake,seen,1.0,0,base
/ai_paas_jf/pangqs/AIGC/safepp_pytorch/data/test/genimage/fake/GLIDE_1000_200_06_686_glide_00048.png,1,genimage_fake,genimage,root,unknown_fake,seen,1.0,0,base
/ai_paas_jf/pangqs/AIGC/safepp_pytorch/data/test/genimage/fake/GLIDE_1000_200_06_686_glide_00057.png,1,genimage_fake,genimage,root,unknown_fake,seen,1.0,0,base
/ai_paas_jf/pangqs/AIGC/safepp_pytorch/data/test/genimage/fake/GLIDE_1000_200_06_698_glide_00032.png,1,genimage_fake,genimage,root,unknown_fake,seen,1.0,0,base
/ai_paas_jf/pangqs/AIGC/safepp_pytorch/data/test/genimage/fake/GLIDE_1000_200_06_698_glide_00130.png,1,genimage_fake,genimage,root,unknown_fake,seen,1.0,0,base
/ai_paas_jf/pangqs/AIGC/safepp_pytorch/data/test/genimage/fake/GLIDE_1000_200_07_706_glide_00169.png,1,genimage_fake,genimage,root,unknown_fake,seen,1.0,0,base
/ai_paas_jf/pangqs/AIGC/safepp_pytorch/data/test/genimage/fake/GLIDE_1000_200_07_707_glide_00093.png,1,genimage_fake,genimage,root,unknown_fake,seen,1.0,0,base
/ai_paas_jf/pangqs/AIGC/safepp_pytorch/data/test/genimage/fake/GLIDE_1000_200_07_719_glide_00010.png,1,genimage_fake,genimage,root,unknown_fake,seen,1.0,0,base
/ai_paas_jf/pangqs/AIGC/safepp_pytorch/data/test/genimage/fake/GLIDE_1000_200_07_719_glide_00118.png,1,genimage_fake,genimage,root,unknown_fake,seen,1.0,0,base
/ai_paas_jf/pangqs/AIGC/safepp_pytorch/data/test/genimage/fake/GLIDE_1000_200_07_725_glide_00153.png,1,genimage_fake,genimage,root,unknown_fake,seen,1.0,0,base
/ai_paas_jf/pangqs/AIGC/safepp_pytorch/data/test/genimage/fake/GLIDE_1000_200_07_727_glide_00160.png,1,genimage_fake,genimage,root,unknown_fake,seen,1.0,0,base
/ai_paas_jf/pangqs/AIGC/safepp_pytorch/data/test/genimage/fake/GLIDE_1000_200_07_740_glide_00063.png,1,genimage_fake,genimage,root,unknown_fake,seen,1.0,0,base
/ai_paas_jf/pangqs/AIGC/safepp_pytorch/data/test/genimage/fake/GLIDE_1000_200_07_748_glide_00004.png,1,genimage_fake,genimage,root,unknown_fake,seen,1.0,0,base
/ai_paas_jf/pangqs/AIGC/safepp_pytorch/data/test/genimage/fake/GLIDE_1000_200_07_757_glide_00060.png,1,genimage_fake,genimage,root,unknown_fake,seen,1.0,0,base
/ai_paas_jf/pangqs/AIGC/safepp_pytorch/data/test/genimage/fake/GLIDE_1000_200_07_773_glide_00078.png,1,genimage_fake,genimage,root,unknown_fake,seen,1.0,0,base
/ai_paas_jf/pangqs/AIGC/safepp_pytorch/data/test/genimage/fake/GLIDE_1000_200_07_787_glide_00013.png,1,genimage_fake,genimage,root,unknown_fake,seen,1.0,0,base
/ai_paas_jf/pangqs/AIGC/safepp_pytorch/data/test/genimage/fake/GLIDE_1000_200_07_793_glide_00069.png,1,genimage_fake,genimage,root,unknown_fake,seen,1.0,0,base
/ai_paas_jf/pangqs/AIGC/safepp_pytorch/data/test/genimage/fake/GLIDE_1000_200_08_802_glide_00141.png,1,genimage_fake,genimage,root,unknown_fake,seen,1.0,0,base
/ai_paas_jf/pangqs/AIGC/safepp_pytorch/data/test/genimage/fake/GLIDE_1000_200_08_806_glide_00011.png,1,genimage_fake,genimage,root,unknown_fake,seen,1.0,0,base
/ai_paas_jf/pangqs/AIGC/safepp_pytorch/data/test/genimage/fake/GLIDE_1000_200_08_806_glide_00198.png,1,genimage_fake,genimage,root,unknown_fake,seen,1.0,0,base
/ai_paas_jf/pangqs/AIGC/safepp_pytorch/data/test/genimage/fake/GLIDE_1000_200_08_815_glide_00148.png,1,genimage_fake,genimage,root,unknown_fake,seen,1.0,0,base
/ai_paas_jf/pangqs/AIGC/safepp_pytorch/data/test/genimage/fake/GLIDE_1000_200_08_824_glide_00031.png,1,genimage_fake,genimage,root,unknown_fake,seen,1.0,0,base
/ai_paas_jf/pangqs/AIGC/safepp_pytorch/data/test/genimage/fake/GLIDE_1000_200_08_826_glide_00066.png,1,genimage_fake,genimage,root,unknown_fake,seen,1.0,0,base
/ai_paas_jf/pangqs/AIGC/safepp_pytorch/data/test/genimage/fake/GLIDE_1000_200_08_837_glide_00107.png,1,genimage_fake,genimage,root,unknown_fake,seen,1.0,0,base
/ai_paas_jf/pangqs/AIGC/safepp_pytorch/data/test/genimage/fake/GLIDE_1000_200_08_856_glide_00103.png,1,genimage_fake,genimage,root,unknown_fake,seen,1.0,0,base
/ai_paas_jf/pangqs/AIGC/safepp_pytorch/data/test/genimage/fake/GLIDE_1000_200_08_860_glide_00132.png,1,genimage_fake,genimage,root,unknown_fake,seen,1.0,0,base
/ai_paas_jf/pangqs/AIGC/safepp_pytorch/data/test/genimage/fake/GLIDE_1000_200_08_863_glide_00079.png,1,genimage_fake,genimage,root,unknown_fake,seen,1.0,0,base
/ai_paas_jf/pangqs/AIGC/safepp_pytorch/data/test/genimage/fake/GLIDE_1000_200_08_891_glide_00171.png,1,genimage_fake,genimage,root,unknown_fake,seen,1.0,0,base
/ai_paas_jf/pangqs/AIGC/safepp_pytorch/data/test/genimage/fake/GLIDE_1000_200_08_893_glide_00183.png,1,genimage_fake,genimage,root,unknown_fake,seen,1.0,0,base
/ai_paas_jf/pangqs/AIGC/safepp_pytorch/data/test/genimage/fake/GLIDE_1000_200_08_894_glide_00187.png,1,genimage_fake,genimage,root,unknown_fake,seen,1.0,0,base
/ai_paas_jf/pangqs/AIGC/safepp_pytorch/data/test/genimage/fake/GLIDE_1000_200_09_906_glide_00131.png,1,genimage_fake,genimage,root,unknown_fake,seen,1.0,0,base
/ai_paas_jf/pangqs/AIGC/safepp_pytorch/data/test/genimage/fake/GLIDE_1000_200_09_928_glide_00162.png,1,genimage_fake,genimage,root,unknown_fake,seen,1.0,0,base
/ai_paas_jf/pangqs/AIGC/safepp_pytorch/data/test/genimage/fake/GLIDE_1000_200_09_939_glide_00070.png,1,genimage_fake,genimage,root,unknown_fake,seen,1.0,0,base
/ai_paas_jf/pangqs/AIGC/safepp_pytorch/data/test/genimage/fake/GLIDE_1000_200_09_942_glide_00063.png,1,genimage_fake,genimage,root,unknown_fake,seen,1.0,0,base
/ai_paas_jf/pangqs/AIGC/safepp_pytorch/data/test/genimage/fake/GLIDE_1000_200_09_943_glide_00178.png,1,genimage_fake,genimage,root,unknown_fake,seen,1.0,0,base
/ai_paas_jf/pangqs/AIGC/safepp_pytorch/data/test/genimage/fake/GLIDE_1000_200_09_949_glide_00087.png,1,genimage_fake,genimage,root,unknown_fake,seen,1.0,0,base
/ai_paas_jf/pangqs/AIGC/safepp_pytorch/data/test/genimage/fake/GLIDE_1000_200_09_965_glide_00044.png,1,genimage_fake,genimage,root,unknown_fake,seen,1.0,0,base
/ai_paas_jf/pangqs/AIGC/safepp_pytorch/data/test/genimage/fake/GLIDE_1000_200_09_969_glide_00172.png,1,genimage_fake,genimage,root,unknown_fake,seen,1.0,0,base
/ai_paas_jf/pangqs/AIGC/safepp_pytorch/data/test/genimage/fake/GLIDE_1000_200_09_971_glide_00136.png,1,genimage_fake,genimage,root,unknown_fake,seen,1.0,0,base
/ai_paas_jf/pangqs/AIGC/safepp_pytorch/data/test/genimage/fake/GLIDE_1000_200_09_974_glide_00043.png,1,genimage_fake,genimage,root,unknown_fake,seen,1.0,0,base
/ai_paas_jf/pangqs/AIGC/safepp_pytorch/data/test/genimage/fake/GLIDE_1000_200_09_975_glide_00110.png,1,genimage_fake,genimage,root,unknown_fake,seen,1.0,0,base
/ai_paas_jf/pangqs/AIGC/safepp_pytorch/data/test/genimage/fake/GLIDE_1000_200_09_977_glide_00089.png,1,genimage_fake,genimage,root,unknown_fake,seen,1.0,0,base
/ai_paas_jf/pangqs/AIGC/safepp_pytorch/data/test/genimage/fake/GLIDE_1000_200_09_985_glide_00037.png,1,genimage_fake,genimage,root,unknown_fake,seen,1.0,0,base
/ai_paas_jf/pangqs/AIGC/safepp_pytorch/data/test/genimage/fake/GLIDE_1000_200_09_999_glide_00126.png,1,genimage_fake,genimage,root,unknown_fake,seen,1.0,0,base
/ai_paas_jf/pangqs/AIGC/safepp_pytorch/data/test/genimage/fake/VQDM_1000_200_00_003_vqdm_00081.png,1,genimage_fake,genimage,root,unknown_fake,seen,1.0,0,base
/ai_paas_jf/pangqs/AIGC/safepp_pytorch/data/test/genimage/fake/VQDM_1000_200_00_011_vqdm_00093.png,1,genimage_fake,genimage,root,unknown_fake,seen,1.0,0,base
/ai_paas_jf/pangqs/AIGC/safepp_pytorch/data/test/genimage/fake/VQDM_1000_200_00_042_vqdm_00055.png,1,genimage_fake,genimage,root,unknown_fake,seen,1.0,0,base
/ai_paas_jf/pangqs/AIGC/safepp_pytorch/data/test/genimage/fake/VQDM_1000_200_00_043_vqdm_00042.png,1,genimage_fake,genimage,root,unknown_fake,seen,1.0,0,base
/ai_paas_jf/pangqs/AIGC/safepp_pytorch/data/test/genimage/fake/VQDM_1000_200_00_048_vqdm_00032.png,1,genimage_fake,genimage,root,unknown_fake,seen,1.0,0,base
/ai_paas_jf/pangqs/AIGC/safepp_pytorch/data/test/genimage/fake/VQDM_1000_200_00_052_vqdm_00181.png,1,genimage_fake,genimage,root,unknown_fake,seen,1.0,0,base
/ai_paas_jf/pangqs/AIGC/safepp_pytorch/data/test/genimage/fake/VQDM_1000_200_00_070_vqdm_00022.png,1,genimage_fake,genimage,root,unknown_fake,seen,1.0,0,base
/ai_paas_jf/pangqs/AIGC/safepp_pytorch/data/test/genimage/fake/VQDM_1000_200_00_084_vqdm_00186.png,1,genimage_fake,genimage,root,unknown_fake,seen,1.0,0,base
/ai_paas_jf/pangqs/AIGC/safepp_pytorch/data/test/genimage/fake/VQDM_1000_200_00_087_vqdm_00097.png,1,genimage_fake,genimage,root,unknown_fake,seen,1.0,0,base
/ai_paas_jf/pangqs/AIGC/safepp_pytorch/data/test/genimage/fake/VQDM_1000_200_00_090_vqdm_00098.png,1,genimage_fake,genimage,root,unknown_fake,seen,1.0,0,base
/ai_paas_jf/pangqs/AIGC/safepp_pytorch/data/test/genimage/fake/VQDM_1000_200_00_096_vqdm_00123.png,1,genimage_fake,genimage,root,unknown_fake,seen,1.0,0,base
/ai_paas_jf/pangqs/AIGC/safepp_pytorch/data/test/genimage/fake/VQDM_1000_200_01_103_vqdm_00064.png,1,genimage_fake,genimage,root,unknown_fake,seen,1.0,0,base
/ai_paas_jf/pangqs/AIGC/safepp_pytorch/data/test/genimage/fake/VQDM_1000_200_01_121_vqdm_00034.png,1,genimage_fake,genimage,root,unknown_fake,seen,1.0,0,base
/ai_paas_jf/pangqs/AIGC/safepp_pytorch/data/test/genimage/fake/VQDM_1000_200_01_152_vqdm_00022.png,1,genimage_fake,genimage,root,unknown_fake,seen,1.0,0,base
/ai_paas_jf/pangqs/AIGC/safepp_pytorch/data/test/genimage/fake/VQDM_1000_200_01_152_vqdm_00184.png,1,genimage_fake,genimage,root,unknown_fake,seen,1.0,0,base
/ai_paas_jf/pangqs/AIGC/safepp_pytorch/data/test/genimage/fake/VQDM_1000_200_01_168_vqdm_00107.png,1,genimage_fake,genimage,root,unknown_fake,seen,1.0,0,base
/ai_paas_jf/pangqs/AIGC/safepp_pytorch/data/test/genimage/fake/VQDM_1000_200_01_169_vqdm_00081.png,1,genimage_fake,genimage,root,unknown_fake,seen,1.0,0,base
/ai_paas_jf/pangqs/AIGC/safepp_pytorch/data/test/genimage/fake/VQDM_1000_200_01_175_vqdm_00155.png,1,genimage_fake,genimage,root,unknown_fake,seen,1.0,0,base
/ai_paas_jf/pangqs/AIGC/safepp_pytorch/data/test/genimage/fake/VQDM_1000_200_01_190_vqdm_00013.png,1,genimage_fake,genimage,root,unknown_fake,seen,1.0,0,base
/ai_paas_jf/pangqs/AIGC/safepp_pytorch/data/test/genimage/fake/VQDM_1000_200_01_192_vqdm_00013.png,1,genimage_fake,genimage,root,unknown_fake,seen,1.0,0,base
/ai_paas_jf/pangqs/AIGC/safepp_pytorch/data/test/genimage/fake/VQDM_1000_200_01_196_vqdm_00159.png,1,genimage_fake,genimage,root,unknown_fake,seen,1.0,0,base
/ai_paas_jf/pangqs/AIGC/safepp_pytorch/data/test/genimage/fake/VQDM_1000_200_02_200_vqdm_00056.png,1,genimage_fake,genimage,root,unknown_fake,seen,1.0,0,base
/ai_paas_jf/pangqs/AIGC/safepp_pytorch/data/test/genimage/fake/VQDM_1000_200_02_215_vqdm_00012.png,1,genimage_fake,genimage,root,unknown_fake,seen,1.0,0,base
/ai_paas_jf/pangqs/AIGC/safepp_pytorch/data/test/genimage/fake/VQDM_1000_200_02_216_vqdm_00156.png,1,genimage_fake,genimage,root,unknown_fake,seen,1.0,0,base
/ai_paas_jf/pangqs/AIGC/safepp_pytorch/data/test/genimage/fake/VQDM_1000_200_02_221_vqdm_00198.png,1,genimage_fake,genimage,root,unknown_fake,seen,1.0,0,base
/ai_paas_jf/pangqs/AIGC/safepp_pytorch/data/test/genimage/fake/VQDM_1000_200_02_225_vqdm_00189.png,1,genimage_fake,genimage,root,unknown_fake,seen,1.0,0,base
/ai_paas_jf/pangqs/AIGC/safepp_pytorch/data/test/genimage/fake/VQDM_1000_200_02_228_vqdm_00171.png,1,genimage_fake,genimage,root,unknown_fake,seen,1.0,0,base
/ai_paas_jf/pangqs/AIGC/safepp_pytorch/data/test/genimage/fake/VQDM_1000_200_02_234_vqdm_00045.png,1,genimage_fake,genimage,root,unknown_fake,seen,1.0,0,base
/ai_paas_jf/pangqs/AIGC/safepp_pytorch/data/test/genimage/fake/VQDM_1000_200_02_236_vqdm_00190.png,1,genimage_fake,genimage,root,unknown_fake,seen,1.0,0,base
/ai_paas_jf/pangqs/AIGC/safepp_pytorch/data/test/genimage/fake/VQDM_1000_200_02_246_vqdm_00176.png,1,genimage_fake,genimage,root,unknown_fake,seen,1.0,0,base
/ai_paas_jf/pangqs/AIGC/safepp_pytorch/data/test/genimage/fake/VQDM_1000_200_02_247_vqdm_00058.png,1,genimage_fake,genimage,root,unknown_fake,seen,1.0,0,base
/ai_paas_jf/pangqs/AIGC/safepp_pytorch/data/test/genimage/fake/VQDM_1000_200_02_258_vqdm_00005.png,1,genimage_fake,genimage,root,unknown_fake,seen,1.0,0,base
/ai_paas_jf/pangqs/AIGC/safepp_pytorch/data/test/genimage/fake/VQDM_1000_200_02_268_vqdm_00055.png,1,genimage_fake,genimage,root,unknown_fake,seen,1.0,0,base
/ai_paas_jf/pangqs/AIGC/safepp_pytorch/data/test/genimage/fake/VQDM_1000_200_02_269_vqdm_00052.png,1,genimage_fake,genimage,root,unknown_fake,seen,1.0,0,base
/ai_paas_jf/pangqs/AIGC/safepp_pytorch/data/test/genimage/fake/VQDM_1000_200_02_276_vqdm_00176.png,1,genimage_fake,genimage,root,unknown_fake,seen,1.0,0,base
/ai_paas_jf/pangqs/AIGC/safepp_pytorch/data/test/genimage/fake/VQDM_1000_200_02_290_vqdm_00161.png,1,genimage_fake,genimage,root,unknown_fake,seen,1.0,0,base
/ai_paas_jf/pangqs/AIGC/safepp_pytorch/data/test/genimage/fake/VQDM_1000_200_02_298_vqdm_00048.png,1,genimage_fake,genimage,root,unknown_fake,seen,1.0,0,base
/ai_paas_jf/pangqs/AIGC/safepp_pytorch/data/test/genimage/fake/VQDM_1000_200_03_305_vqdm_00013.png,1,genimage_fake,genimage,root,unknown_fake,seen,1.0,0,base
/ai_paas_jf/pangqs/AIGC/safepp_pytorch/data/test/genimage/fake/VQDM_1000_200_03_305_vqdm_00085.png,1,genimage_fake,genimage,root,unknown_fake,seen,1.0,0,base
/ai_paas_jf/pangqs/AIGC/safepp_pytorch/data/test/genimage/fake/VQDM_1000_200_03_307_vqdm_00030.png,1,genimage_fake,genimage,root,unknown_fake,seen,1.0,0,base
/ai_paas_jf/pangqs/AIGC/safepp_pytorch/data/test/genimage/fake/VQDM_1000_200_03_310_vqdm_00148.png,1,genimage_fake,genimage,root,unknown_fake,seen,1.0,0,base
/ai_paas_jf/pangqs/AIGC/safepp_pytorch/data/test/genimage/fake/VQDM_1000_200_03_317_vqdm_00008.png,1,genimage_fake,genimage,root,unknown_fake,seen,1.0,0,base
/ai_paas_jf/pangqs/AIGC/safepp_pytorch/data/test/genimage/fake/VQDM_1000_200_03_319_vqdm_00045.png,1,genimage_fake,genimage,root,unknown_fake,seen,1.0,0,base
/ai_paas_jf/pangqs/AIGC/safepp_pytorch/data/test/genimage/fake/VQDM_1000_200_03_330_vqdm_00155.png,1,genimage_fake,genimage,root,unknown_fake,seen,1.0,0,base
/ai_paas_jf/pangqs/AIGC/safepp_pytorch/data/test/genimage/fake/VQDM_1000_200_03_331_vqdm_00166.png,1,genimage_fake,genimage,root,unknown_fake,seen,1.0,0,base
/ai_paas_jf/pangqs/AIGC/safepp_pytorch/data/test/genimage/fake/VQDM_1000_200_03_333_vqdm_00037.png,1,genimage_fake,genimage,root,unknown_fake,seen,1.0,0,base
/ai_paas_jf/pangqs/AIGC/safepp_pytorch/data/test/genimage/fake/VQDM_1000_200_03_337_vqdm_00089.png,1,genimage_fake,genimage,root,unknown_fake,seen,1.0,0,base
/ai_paas_jf/pangqs/AIGC/safepp_pytorch/data/test/genimage/fake/VQDM_1000_200_03_343_vqdm_00122.png,1,genimage_fake,genimage,root,unknown_fake,seen,1.0,0,base
/ai_paas_jf/pangqs/AIGC/safepp_pytorch/data/test/genimage/fake/VQDM_1000_200_03_347_vqdm_00093.png,1,genimage_fake,genimage,root,unknown_fake,seen,1.0,0,base
/ai_paas_jf/pangqs/AIGC/safepp_pytorch/data/test/genimage/fake/VQDM_1000_200_03_355_vqdm_00076.png,1,genimage_fake,genimage,root,unknown_fake,seen,1.0,0,base
/ai_paas_jf/pangqs/AIGC/safepp_pytorch/data/test/genimage/fake/VQDM_1000_200_03_363_vqdm_00036.png,1,genimage_fake,genimage,root,unknown_fake,seen,1.0,0,base
/ai_paas_jf/pangqs/AIGC/safepp_pytorch/data/test/genimage/fake/VQDM_1000_200_03_370_vqdm_00002.png,1,genimage_fake,genimage,root,unknown_fake,seen,1.0,0,base
/ai_paas_jf/pangqs/AIGC/safepp_pytorch/data/test/genimage/fake/VQDM_1000_200_03_375_vqdm_00145.png,1,genimage_fake,genimage,root,unknown_fake,seen,1.0,0,base
/ai_paas_jf/pangqs/AIGC/safepp_pytorch/data/test/genimage/fake/VQDM_1000_200_03_386_vqdm_00109.png,1,genimage_fake,genimage,root,unknown_fake,seen,1.0,0,base
/ai_paas_jf/pangqs/AIGC/safepp_pytorch/data/test/genimage/fake/VQDM_1000_200_03_389_vqdm_00198.png,1,genimage_fake,genimage,root,unknown_fake,seen,1.0,0,base
/ai_paas_jf/pangqs/AIGC/safepp_pytorch/data/test/genimage/fake/VQDM_1000_200_04_404_vqdm_00180.png,1,genimage_fake,genimage,root,unknown_fake,seen,1.0,0,base
/ai_paas_jf/pangqs/AIGC/safepp_pytorch/data/test/genimage/fake/VQDM_1000_200_04_426_vqdm_00021.png,1,genimage_fake,genimage,root,unknown_fake,seen,1.0,0,base
/ai_paas_jf/pangqs/AIGC/safepp_pytorch/data/test/genimage/fake/VQDM_1000_200_04_456_vqdm_00176.png,1,genimage_fake,genimage,root,unknown_fake,seen,1.0,0,base
/ai_paas_jf/pangqs/AIGC/safepp_pytorch/data/test/genimage/fake/VQDM_1000_200_04_497_vqdm_00178.png,1,genimage_fake,genimage,root,unknown_fake,seen,1.0,0,base
/ai_paas_jf/pangqs/AIGC/safepp_pytorch/data/test/genimage/fake/VQDM_1000_200_04_498_vqdm_00159.png,1,genimage_fake,genimage,root,unknown_fake,seen,1.0,0,base
/ai_paas_jf/pangqs/AIGC/safepp_pytorch/data/test/genimage/fake/VQDM_1000_200_05_502_vqdm_00030.png,1,genimage_fake,genimage,root,unknown_fake,seen,1.0,0,base
/ai_paas_jf/pangqs/AIGC/safepp_pytorch/data/test/genimage/fake/VQDM_1000_200_05_503_vqdm_00001.png,1,genimage_fake,genimage,root,unknown_fake,seen,1.0,0,base
/ai_paas_jf/pangqs/AIGC/safepp_pytorch/data/test/genimage/fake/VQDM_1000_200_05_522_vqdm_00072.png,1,genimage_fake,genimage,root,unknown_fake,seen,1.0,0,base
/ai_paas_jf/pangqs/AIGC/safepp_pytorch/data/test/genimage/fake/VQDM_1000_200_05_527_vqdm_00149.png,1,genimage_fake,genimage,root,unknown_fake,seen,1.0,0,base
/ai_paas_jf/pangqs/AIGC/safepp_pytorch/data/test/genimage/fake/VQDM_1000_200_05_539_vqdm_00157.png,1,genimage_fake,genimage,root,unknown_fake,seen,1.0,0,base
/ai_paas_jf/pangqs/AIGC/safepp_pytorch/data/test/genimage/fake/VQDM_1000_200_05_554_vqdm_00049.png,1,genimage_fake,genimage,root,unknown_fake,seen,1.0,0,base
/ai_paas_jf/pangqs/AIGC/safepp_pytorch/data/test/genimage/fake/VQDM_1000_200_05_556_vqdm_00069.png,1,genimage_fake,genimage,root,unknown_fake,seen,1.0,0,base
/ai_paas_jf/pangqs/AIGC/safepp_pytorch/data/test/genimage/fake/VQDM_1000_200_05_568_vqdm_00130.png,1,genimage_fake,genimage,root,unknown_fake,seen,1.0,0,base
/ai_paas_jf/pangqs/AIGC/safepp_pytorch/data/test/genimage/fake/VQDM_1000_200_05_570_vqdm_00045.png,1,genimage_fake,genimage,root,unknown_fake,seen,1.0,0,base
/ai_paas_jf/pangqs/AIGC/safepp_pytorch/data/test/genimage/fake/VQDM_1000_200_05_578_vqdm_00161.png,1,genimage_fake,genimage,root,unknown_fake,seen,1.0,0,base
/ai_paas_jf/pangqs/AIGC/safepp_pytorch/data/test/genimage/fake/VQDM_1000_200_05_591_vqdm_00004.png,1,genimage_fake,genimage,root,unknown_fake,seen,1.0,0,base
/ai_paas_jf/pangqs/AIGC/safepp_pytorch/data/test/genimage/fake/VQDM_1000_200_05_594_vqdm_00165.png,1,genimage_fake,genimage,root,unknown_fake,seen,1.0,0,base
/ai_paas_jf/pangqs/AIGC/safepp_pytorch/data/test/genimage/fake/VQDM_1000_200_06_603_vqdm_00177.png,1,genimage_fake,genimage,root,unknown_fake,seen,1.0,0,base
/ai_paas_jf/pangqs/AIGC/safepp_pytorch/data/test/genimage/fake/VQDM_1000_200_06_609_vqdm_00056.png,1,genimage_fake,genimage,root,unknown_fake,seen,1.0,0,base
/ai_paas_jf/pangqs/AIGC/safepp_pytorch/data/test/genimage/fake/VQDM_1000_200_06_614_vqdm_00154.png,1,genimage_fake,genimage,root,unknown_fake,seen,1.0,0,base
/ai_paas_jf/pangqs/AIGC/safepp_pytorch/data/test/genimage/fake/VQDM_1000_200_06_631_vqdm_00018.png,1,genimage_fake,genimage,root,unknown_fake,seen,1.0,0,base
/ai_paas_jf/pangqs/AIGC/safepp_pytorch/data/test/genimage/fake/VQDM_1000_200_06_640_vqdm_00096.png,1,genimage_fake,genimage,root,unknown_fake,seen,1.0,0,base
/ai_paas_jf/pangqs/AIGC/safepp_pytorch/data/test/genimage/fake/VQDM_1000_200_06_642_vqdm_00055.png,1,genimage_fake,genimage,root,unknown_fake,seen,1.0,0,base
/ai_paas_jf/pangqs/AIGC/safepp_pytorch/data/test/genimage/fake/VQDM_1000_200_06_647_vqdm_00156.png,1,genimage_fake,genimage,root,unknown_fake,seen,1.0,0,base
/ai_paas_jf/pangqs/AIGC/safepp_pytorch/data/test/genimage/fake/VQDM_1000_200_06_658_vqdm_00075.png,1,genimage_fake,genimage,root,unknown_fake,seen,1.0,0,base
/ai_paas_jf/pangqs/AIGC/safepp_pytorch/data/test/genimage/fake/VQDM_1000_200_06_660_vqdm_00129.png,1,genimage_fake,genimage,root,unknown_fake,seen,1.0,0,base
/ai_paas_jf/pangqs/AIGC/safepp_pytorch/data/test/genimage/fake/VQDM_1000_200_06_674_vqdm_00073.png,1,genimage_fake,genimage,root,unknown_fake,seen,1.0,0,base
/ai_paas_jf/pangqs/AIGC/safepp_pytorch/data/test/genimage/fake/VQDM_1000_200_06_681_vqdm_00113.png,1,genimage_fake,genimage,root,unknown_fake,seen,1.0,0,base
/ai_paas_jf/pangqs/AIGC/safepp_pytorch/data/test/genimage/fake/VQDM_1000_200_06_699_vqdm_00108.png,1,genimage_fake,genimage,root,unknown_fake,seen,1.0,0,base
/ai_paas_jf/pangqs/AIGC/safepp_pytorch/data/test/genimage/fake/VQDM_1000_200_07_701_vqdm_00067.png,1,genimage_fake,genimage,root,unknown_fake,seen,1.0,0,base
/ai_paas_jf/pangqs/AIGC/safepp_pytorch/data/test/genimage/fake/VQDM_1000_200_07_710_vqdm_00043.png,1,genimage_fake,genimage,root,unknown_fake,seen,1.0,0,base
/ai_paas_jf/pangqs/AIGC/safepp_pytorch/data/test/genimage/fake/VQDM_1000_200_07_715_vqdm_00050.png,1,genimage_fake,genimage,root,unknown_fake,seen,1.0,0,base
/ai_paas_jf/pangqs/AIGC/safepp_pytorch/data/test/genimage/fake/VQDM_1000_200_07_716_vqdm_00043.png,1,genimage_fake,genimage,root,unknown_fake,seen,1.0,0,base
/ai_paas_jf/pangqs/AIGC/safepp_pytorch/data/test/genimage/fake/VQDM_1000_200_07_718_vqdm_00047.png,1,genimage_fake,genimage,root,unknown_fake,seen,1.0,0,base
/ai_paas_jf/pangqs/AIGC/safepp_pytorch/data/test/genimage/fake/VQDM_1000_200_07_718_vqdm_00049.png,1,genimage_fake,genimage,root,unknown_fake,seen,1.0,0,base
/ai_paas_jf/pangqs/AIGC/safepp_pytorch/data/test/genimage/fake/VQDM_1000_200_07_728_vqdm_00170.png,1,genimage_fake,genimage,root,unknown_fake,seen,1.0,0,base
/ai_paas_jf/pangqs/AIGC/safepp_pytorch/data/test/genimage/fake/VQDM_1000_200_07_729_vqdm_00196.png,1,genimage_fake,genimage,root,unknown_fake,seen,1.0,0,base
/ai_paas_jf/pangqs/AIGC/safepp_pytorch/data/test/genimage/fake/VQDM_1000_200_07_731_vqdm_00096.png,1,genimage_fake,genimage,root,unknown_fake,seen,1.0,0,base
/ai_paas_jf/pangqs/AIGC/safepp_pytorch/data/test/genimage/fake/VQDM_1000_200_07_735_vqdm_00045.png,1,genimage_fake,genimage,root,unknown_fake,seen,1.0,0,base
/ai_paas_jf/pangqs/AIGC/safepp_pytorch/data/test/genimage/fake/VQDM_1000_200_07_740_vqdm_00137.png,1,genimage_fake,genimage,root,unknown_fake,seen,1.0,0,base
/ai_paas_jf/pangqs/AIGC/safepp_pytorch/data/test/genimage/fake/VQDM_1000_200_07_748_vqdm_00107.png,1,genimage_fake,genimage,root,unknown_fake,seen,1.0,0,base
/ai_paas_jf/pangqs/AIGC/safepp_pytorch/data/test/genimage/fake/VQDM_1000_200_07_748_vqdm_00130.png,1,genimage_fake,genimage,root,unknown_fake,seen,1.0,0,base
/ai_paas_jf/pangqs/AIGC/safepp_pytorch/data/test/genimage/fake/VQDM_1000_200_07_752_vqdm_00012.png,1,genimage_fake,genimage,root,unknown_fake,seen,1.0,0,base
/ai_paas_jf/pangqs/AIGC/safepp_pytorch/data/test/genimage/fake/VQDM_1000_200_07_754_vqdm_00186.png,1,genimage_fake,genimage,root,unknown_fake,seen,1.0,0,base
/ai_paas_jf/pangqs/AIGC/safepp_pytorch/data/test/genimage/fake/VQDM_1000_200_07_755_vqdm_00022.png,1,genimage_fake,genimage,root,unknown_fake,seen,1.0,0,base
/ai_paas_jf/pangqs/AIGC/safepp_pytorch/data/test/genimage/fake/VQDM_1000_200_07_772_vqdm_00064.png,1,genimage_fake,genimage,root,unknown_fake,seen,1.0,0,base
/ai_paas_jf/pangqs/AIGC/safepp_pytorch/data/test/genimage/fake/VQDM_1000_200_07_783_vqdm_00079.png,1,genimage_fake,genimage,root,unknown_fake,seen,1.0,0,base
/ai_paas_jf/pangqs/AIGC/safepp_pytorch/data/test/genimage/fake/VQDM_1000_200_07_787_vqdm_00097.png,1,genimage_fake,genimage,root,unknown_fake,seen,1.0,0,base
/ai_paas_jf/pangqs/AIGC/safepp_pytorch/data/test/genimage/fake/VQDM_1000_200_07_794_vqdm_00104.png,1,genimage_fake,genimage,root,unknown_fake,seen,1.0,0,base
/ai_paas_jf/pangqs/AIGC/safepp_pytorch/data/test/genimage/fake/VQDM_1000_200_07_797_vqdm_00120.png,1,genimage_fake,genimage,root,unknown_fake,seen,1.0,0,base
/ai_paas_jf/pangqs/AIGC/safepp_pytorch/data/test/genimage/fake/VQDM_1000_200_07_798_vqdm_00145.png,1,genimage_fake,genimage,root,unknown_fake,seen,1.0,0,base
/ai_paas_jf/pangqs/AIGC/safepp_pytorch/data/test/genimage/fake/VQDM_1000_200_08_803_vqdm_00081.png,1,genimage_fake,genimage,root,unknown_fake,seen,1.0,0,base
/ai_paas_jf/pangqs/AIGC/safepp_pytorch/data/test/genimage/fake/VQDM_1000_200_08_810_vqdm_00169.png,1,genimage_fake,genimage,root,unknown_fake,seen,1.0,0,base
/ai_paas_jf/pangqs/AIGC/safepp_pytorch/data/test/genimage/fake/VQDM_1000_200_08_829_vqdm_00145.png,1,genimage_fake,genimage,root,unknown_fake,seen,1.0,0,base
/ai_paas_jf/pangqs/AIGC/safepp_pytorch/data/test/genimage/fake/VQDM_1000_200_08_833_vqdm_00032.png,1,genimage_fake,genimage,root,unknown_fake,seen,1.0,0,base
/ai_paas_jf/pangqs/AIGC/safepp_pytorch/data/test/genimage/fake/VQDM_1000_200_08_849_vqdm_00117.png,1,genimage_fake,genimage,root,unknown_fake,seen,1.0,0,base
/ai_paas_jf/pangqs/AIGC/safepp_pytorch/data/test/genimage/fake/VQDM_1000_200_08_849_vqdm_00121.png,1,genimage_fake,genimage,root,unknown_fake,seen,1.0,0,base
/ai_paas_jf/pangqs/AIGC/safepp_pytorch/data/test/genimage/fake/VQDM_1000_200_08_866_vqdm_00094.png,1,genimage_fake,genimage,root,unknown_fake,seen,1.0,0,base
/ai_paas_jf/pangqs/AIGC/safepp_pytorch/data/test/genimage/fake/VQDM_1000_200_08_867_vqdm_00166.png,1,genimage_fake,genimage,root,unknown_fake,seen,1.0,0,base
/ai_paas_jf/pangqs/AIGC/safepp_pytorch/data/test/genimage/fake/VQDM_1000_200_08_872_vqdm_00109.png,1,genimage_fake,genimage,root,unknown_fake,seen,1.0,0,base
/ai_paas_jf/pangqs/AIGC/safepp_pytorch/data/test/genimage/fake/VQDM_1000_200_08_876_vqdm_00161.png,1,genimage_fake,genimage,root,unknown_fake,seen,1.0,0,base
/ai_paas_jf/pangqs/AIGC/safepp_pytorch/data/test/genimage/fake/VQDM_1000_200_08_887_vqdm_00191.png,1,genimage_fake,genimage,root,unknown_fake,seen,1.0,0,base
/ai_paas_jf/pangqs/AIGC/safepp_pytorch/data/test/genimage/fake/VQDM_1000_200_09_908_vqdm_00167.png,1,genimage_fake,genimage,root,unknown_fake,seen,1.0,0,base
/ai_paas_jf/pangqs/AIGC/safepp_pytorch/data/test/genimage/fake/VQDM_1000_200_09_915_vqdm_00104.png,1,genimage_fake,genimage,root,unknown_fake,seen,1.0,0,base
/ai_paas_jf/pangqs/AIGC/safepp_pytorch/data/test/genimage/fake/VQDM_1000_200_09_925_vqdm_00031.png,1,genimage_fake,genimage,root,unknown_fake,seen,1.0,0,base
/ai_paas_jf/pangqs/AIGC/safepp_pytorch/data/test/genimage/fake/VQDM_1000_200_09_929_vqdm_00176.png,1,genimage_fake,genimage,root,unknown_fake,seen,1.0,0,base
/ai_paas_jf/pangqs/AIGC/safepp_pytorch/data/test/genimage/fake/VQDM_1000_200_09_939_vqdm_00014.png,1,genimage_fake,genimage,root,unknown_fake,seen,1.0,0,base
/ai_paas_jf/pangqs/AIGC/safepp_pytorch/data/test/genimage/fake/VQDM_1000_200_09_950_vqdm_00172.png,1,genimage_fake,genimage,root,unknown_fake,seen,1.0,0,base
/ai_paas_jf/pangqs/AIGC/safepp_pytorch/data/test/genimage/fake/VQDM_1000_200_09_953_vqdm_00172.png,1,genimage_fake,genimage,root,unknown_fake,seen,1.0,0,base
/ai_paas_jf/pangqs/AIGC/safepp_pytorch/data/test/genimage/fake/VQDM_1000_200_09_967_vqdm_00123.png,1,genimage_fake,genimage,root,unknown_fake,seen,1.0,0,base
/ai_paas_jf/pangqs/AIGC/safepp_pytorch/data/test/genimage/fake/VQDM_1000_200_09_971_vqdm_00180.png,1,genimage_fake,genimage,root,unknown_fake,seen,1.0,0,base
/ai_paas_jf/pangqs/AIGC/safepp_pytorch/data/test/genimage/fake/VQDM_1000_200_09_977_vqdm_00196.png,1,genimage_fake,genimage,root,unknown_fake,seen,1.0,0,base
/ai_paas_jf/pangqs/AIGC/safepp_pytorch/data/test/genimage/fake/VQDM_1000_200_09_991_vqdm_00166.png,1,genimage_fake,genimage,root,unknown_fake,seen,1.0,0,base
/ai_paas_jf/pangqs/AIGC/safepp_pytorch/data/test/satellite/real/-u3pzD9oWioHKX8EwthgWA_satView_polish.jpg,0,satellite_real,satellite,root,real,seen,1.0,0,base
/ai_paas_jf/pangqs/AIGC/safepp_pytorch/data/test/satellite/real/0000140.jpg,0,satellite_real,satellite,root,real,seen,1.0,0,base
/ai_paas_jf/pangqs/AIGC/safepp_pytorch/data/test/satellite/real/0000188.jpg,0,satellite_real,satellite,root,real,seen,1.0,0,base
/ai_paas_jf/pangqs/AIGC/safepp_pytorch/data/test/satellite/real/0000319.jpg,0,satellite_real,satellite,root,real,seen,1.0,0,base
/ai_paas_jf/pangqs/AIGC/safepp_pytorch/data/test/satellite/real/0000680.jpg,0,satellite_real,satellite,root,real,seen,1.0,0,base
/ai_paas_jf/pangqs/AIGC/safepp_pytorch/data/test/satellite/real/0001067.jpg,0,satellite_real,satellite,root,real,seen,1.0,0,base
/ai_paas_jf/pangqs/AIGC/safepp_pytorch/data/test/satellite/real/0001522.jpg,0,satellite_real,satellite,root,real,seen,1.0,0,base
/ai_paas_jf/pangqs/AIGC/safepp_pytorch/data/test/satellite/real/0002275.jpg,0,satellite_real,satellite,root,real,seen,1.0,0,base
/ai_paas_jf/pangqs/AIGC/safepp_pytorch/data/test/satellite/real/0002304.jpg,0,satellite_real,satellite,root,real,seen,1.0,0,base
/ai_paas_jf/pangqs/AIGC/safepp_pytorch/data/test/satellite/real/0002570.jpg,0,satellite_real,satellite,root,real,seen,1.0,0,base
/ai_paas_jf/pangqs/AIGC/safepp_pytorch/data/test/satellite/real/0002824.jpg,0,satellite_real,satellite,root,real,seen,1.0,0,base
/ai_paas_jf/pangqs/AIGC/safepp_pytorch/data/test/satellite/real/0002944.jpg,0,satellite_real,satellite,root,real,seen,1.0,0,base
/ai_paas_jf/pangqs/AIGC/safepp_pytorch/data/test/satellite/real/0003222.jpg,0,satellite_real,satellite,root,real,seen,1.0,0,base
/ai_paas_jf/pangqs/AIGC/safepp_pytorch/data/test/satellite/real/0003862.jpg,0,satellite_real,satellite,root,real,seen,1.0,0,base
/ai_paas_jf/pangqs/AIGC/safepp_pytorch/data/test/satellite/real/0004042.jpg,0,satellite_real,satellite,root,real,seen,1.0,0,base
/ai_paas_jf/pangqs/AIGC/safepp_pytorch/data/test/satellite/real/0004370.jpg,0,satellite_real,satellite,root,real,seen,1.0,0,base
/ai_paas_jf/pangqs/AIGC/safepp_pytorch/data/test/satellite/real/0004793.jpg,0,satellite_real,satellite,root,real,seen,1.0,0,base
/ai_paas_jf/pangqs/AIGC/safepp_pytorch/data/test/satellite/real/0004999.jpg,0,satellite_real,satellite,root,real,seen,1.0,0,base
/ai_paas_jf/pangqs/AIGC/safepp_pytorch/data/test/satellite/real/0005470.jpg,0,satellite_real,satellite,root,real,seen,1.0,0,base
/ai_paas_jf/pangqs/AIGC/safepp_pytorch/data/test/satellite/real/0006046.jpg,0,satellite_real,satellite,root,real,seen,1.0,0,base
/ai_paas_jf/pangqs/AIGC/safepp_pytorch/data/test/satellite/real/0006593.jpg,0,satellite_real,satellite,root,real,seen,1.0,0,base
/ai_paas_jf/pangqs/AIGC/safepp_pytorch/data/test/satellite/real/0006926.jpg,0,satellite_real,satellite,root,real,seen,1.0,0,base
/ai_paas_jf/pangqs/AIGC/safepp_pytorch/data/test/satellite/real/0007002.jpg,0,satellite_real,satellite,root,real,seen,1.0,0,base
/ai_paas_jf/pangqs/AIGC/safepp_pytorch/data/test/satellite/real/0007125.jpg,0,satellite_real,satellite,root,real,seen,1.0,0,base
/ai_paas_jf/pangqs/AIGC/safepp_pytorch/data/test/satellite/real/0007205.jpg,0,satellite_real,satellite,root,real,seen,1.0,0,base
/ai_paas_jf/pangqs/AIGC/safepp_pytorch/data/test/satellite/real/0007412.jpg,0,satellite_real,satellite,root,real,seen,1.0,0,base
/ai_paas_jf/pangqs/AIGC/safepp_pytorch/data/test/satellite/real/0007499.jpg,0,satellite_real,satellite,root,real,seen,1.0,0,base
/ai_paas_jf/pangqs/AIGC/safepp_pytorch/data/test/satellite/real/0007507.jpg,0,satellite_real,satellite,root,real,seen,1.0,0,base
/ai_paas_jf/pangqs/AIGC/safepp_pytorch/data/test/satellite/real/0008161.jpg,0,satellite_real,satellite,root,real,seen,1.0,0,base
/ai_paas_jf/pangqs/AIGC/safepp_pytorch/data/test/satellite/real/0008173.jpg,0,satellite_real,satellite,root,real,seen,1.0,0,base
/ai_paas_jf/pangqs/AIGC/safepp_pytorch/data/test/satellite/real/0008537.jpg,0,satellite_real,satellite,root,real,seen,1.0,0,base
/ai_paas_jf/pangqs/AIGC/safepp_pytorch/data/test/satellite/real/0008743.jpg,0,satellite_real,satellite,root,real,seen,1.0,0,base
/ai_paas_jf/pangqs/AIGC/safepp_pytorch/data/test/satellite/real/0009301.jpg,0,satellite_real,satellite,root,real,seen,1.0,0,base
/ai_paas_jf/pangqs/AIGC/safepp_pytorch/data/test/satellite/real/0009434.jpg,0,satellite_real,satellite,root,real,seen,1.0,0,base
/ai_paas_jf/pangqs/AIGC/safepp_pytorch/data/test/satellite/real/0009905.jpg,0,satellite_real,satellite,root,real,seen,1.0,0,base
/ai_paas_jf/pangqs/AIGC/safepp_pytorch/data/test/satellite/real/0009918.jpg,0,satellite_real,satellite,root,real,seen,1.0,0,base
/ai_paas_jf/pangqs/AIGC/safepp_pytorch/data/test/satellite/real/0009967.jpg,0,satellite_real,satellite,root,real,seen,1.0,0,base
/ai_paas_jf/pangqs/AIGC/safepp_pytorch/data/test/satellite/real/0010167.jpg,0,satellite_real,satellite,root,real,seen,1.0,0,base
/ai_paas_jf/pangqs/AIGC/safepp_pytorch/data/test/satellite/real/0010986.jpg,0,satellite_real,satellite,root,real,seen,1.0,0,base
/ai_paas_jf/pangqs/AIGC/safepp_pytorch/data/test/satellite/real/0011237.jpg,0,satellite_real,satellite,root,real,seen,1.0,0,base
/ai_paas_jf/pangqs/AIGC/safepp_pytorch/data/test/satellite/real/0011459.jpg,0,satellite_real,satellite,root,real,seen,1.0,0,base
/ai_paas_jf/pangqs/AIGC/safepp_pytorch/data/test/satellite/real/0011926.jpg,0,satellite_real,satellite,root,real,seen,1.0,0,base
/ai_paas_jf/pangqs/AIGC/safepp_pytorch/data/test/satellite/real/0011930.jpg,0,satellite_real,satellite,root,real,seen,1.0,0,base
/ai_paas_jf/pangqs/AIGC/safepp_pytorch/data/test/satellite/real/0012706.jpg,0,satellite_real,satellite,root,real,seen,1.0,0,base
/ai_paas_jf/pangqs/AIGC/safepp_pytorch/data/test/satellite/real/0013192.jpg,0,satellite_real,satellite,root,real,seen,1.0,0,base
/ai_paas_jf/pangqs/AIGC/safepp_pytorch/data/test/satellite/real/0013204.jpg,0,satellite_real,satellite,root,real,seen,1.0,0,base
/ai_paas_jf/pangqs/AIGC/safepp_pytorch/data/test/satellite/real/0013900.jpg,0,satellite_real,satellite,root,real,seen,1.0,0,base
/ai_paas_jf/pangqs/AIGC/safepp_pytorch/data/test/satellite/real/0014043.jpg,0,satellite_real,satellite,root,real,seen,1.0,0,base
/ai_paas_jf/pangqs/AIGC/safepp_pytorch/data/test/satellite/real/0014357.jpg,0,satellite_real,satellite,root,real,seen,1.0,0,base
/ai_paas_jf/pangqs/AIGC/safepp_pytorch/data/test/satellite/real/0014729.jpg,0,satellite_real,satellite,root,real,seen,1.0,0,base
/ai_paas_jf/pangqs/AIGC/safepp_pytorch/data/test/satellite/real/0014771.jpg,0,satellite_real,satellite,root,real,seen,1.0,0,base
/ai_paas_jf/pangqs/AIGC/safepp_pytorch/data/test/satellite/real/0015008.jpg,0,satellite_real,satellite,root,real,seen,1.0,0,base
/ai_paas_jf/pangqs/AIGC/safepp_pytorch/data/test/satellite/real/0015604.jpg,0,satellite_real,satellite,root,real,seen,1.0,0,base
/ai_paas_jf/pangqs/AIGC/safepp_pytorch/data/test/satellite/real/0015653.jpg,0,satellite_real,satellite,root,real,seen,1.0,0,base
/ai_paas_jf/pangqs/AIGC/safepp_pytorch/data/test/satellite/real/0016228.jpg,0,satellite_real,satellite,root,real,seen,1.0,0,base
/ai_paas_jf/pangqs/AIGC/safepp_pytorch/data/test/satellite/real/0016530.jpg,0,satellite_real,satellite,root,real,seen,1.0,0,base
/ai_paas_jf/pangqs/AIGC/safepp_pytorch/data/test/satellite/real/0016609.jpg,0,satellite_real,satellite,root,real,seen,1.0,0,base
/ai_paas_jf/pangqs/AIGC/safepp_pytorch/data/test/satellite/real/0017267.jpg,0,satellite_real,satellite,root,real,seen,1.0,0,base
/ai_paas_jf/pangqs/AIGC/safepp_pytorch/data/test/satellite/real/0017407.jpg,0,satellite_real,satellite,root,real,seen,1.0,0,base
/ai_paas_jf/pangqs/AIGC/safepp_pytorch/data/test/satellite/real/0017429.jpg,0,satellite_real,satellite,root,real,seen,1.0,0,base
/ai_paas_jf/pangqs/AIGC/safepp_pytorch/data/test/satellite/real/0017494.jpg,0,satellite_real,satellite,root,real,seen,1.0,0,base
/ai_paas_jf/pangqs/AIGC/safepp_pytorch/data/test/satellite/real/0017685.jpg,0,satellite_real,satellite,root,real,seen,1.0,0,base
/ai_paas_jf/pangqs/AIGC/safepp_pytorch/data/test/satellite/real/0018190.jpg,0,satellite_real,satellite,root,real,seen,1.0,0,base
/ai_paas_jf/pangqs/AIGC/safepp_pytorch/data/test/satellite/real/0018692.jpg,0,satellite_real,satellite,root,real,seen,1.0,0,base
/ai_paas_jf/pangqs/AIGC/safepp_pytorch/data/test/satellite/real/0018981.jpg,0,satellite_real,satellite,root,real,seen,1.0,0,base
/ai_paas_jf/pangqs/AIGC/safepp_pytorch/data/test/satellite/real/0019087.jpg,0,satellite_real,satellite,root,real,seen,1.0,0,base
/ai_paas_jf/pangqs/AIGC/safepp_pytorch/data/test/satellite/real/0019247.jpg,0,satellite_real,satellite,root,real,seen,1.0,0,base
/ai_paas_jf/pangqs/AIGC/safepp_pytorch/data/test/satellite/real/0019502.jpg,0,satellite_real,satellite,root,real,seen,1.0,0,base
/ai_paas_jf/pangqs/AIGC/safepp_pytorch/data/test/satellite/real/0019825.jpg,0,satellite_real,satellite,root,real,seen,1.0,0,base
/ai_paas_jf/pangqs/AIGC/safepp_pytorch/data/test/satellite/real/0019831.jpg,0,satellite_real,satellite,root,real,seen,1.0,0,base
/ai_paas_jf/pangqs/AIGC/safepp_pytorch/data/test/satellite/real/0020144.jpg,0,satellite_real,satellite,root,real,seen,1.0,0,base
/ai_paas_jf/pangqs/AIGC/safepp_pytorch/data/test/satellite/real/0020251.jpg,0,satellite_real,satellite,root,real,seen,1.0,0,base
/ai_paas_jf/pangqs/AIGC/safepp_pytorch/data/test/satellite/real/0020253.jpg,0,satellite_real,satellite,root,real,seen,1.0,0,base
/ai_paas_jf/pangqs/AIGC/safepp_pytorch/data/test/satellite/real/0020439.jpg,0,satellite_real,satellite,root,real,seen,1.0,0,base
/ai_paas_jf/pangqs/AIGC/safepp_pytorch/data/test/satellite/real/0020504.jpg,0,satellite_real,satellite,root,real,seen,1.0,0,base
/ai_paas_jf/pangqs/AIGC/safepp_pytorch/data/test/satellite/real/0020519.jpg,0,satellite_real,satellite,root,real,seen,1.0,0,base
/ai_paas_jf/pangqs/AIGC/safepp_pytorch/data/test/satellite/real/0020671.jpg,0,satellite_real,satellite,root,real,seen,1.0,0,base
/ai_paas_jf/pangqs/AIGC/safepp_pytorch/data/test/satellite/real/0020977.jpg,0,satellite_real,satellite,root,real,seen,1.0,0,base
/ai_paas_jf/pangqs/AIGC/safepp_pytorch/data/test/satellite/real/0021125.jpg,0,satellite_real,satellite,root,real,seen,1.0,0,base
/ai_paas_jf/pangqs/AIGC/safepp_pytorch/data/test/satellite/real/0021255.jpg,0,satellite_real,satellite,root,real,seen,1.0,0,base
/ai_paas_jf/pangqs/AIGC/safepp_pytorch/data/test/satellite/real/0021260.jpg,0,satellite_real,satellite,root,real,seen,1.0,0,base
/ai_paas_jf/pangqs/AIGC/safepp_pytorch/data/test/satellite/real/0021294.jpg,0,satellite_real,satellite,root,real,seen,1.0,0,base
/ai_paas_jf/pangqs/AIGC/safepp_pytorch/data/test/satellite/real/0021388.jpg,0,satellite_real,satellite,root,real,seen,1.0,0,base
/ai_paas_jf/pangqs/AIGC/safepp_pytorch/data/test/satellite/real/0021529.jpg,0,satellite_real,satellite,root,real,seen,1.0,0,base
/ai_paas_jf/pangqs/AIGC/safepp_pytorch/data/test/satellite/real/0021844.jpg,0,satellite_real,satellite,root,real,seen,1.0,0,base
/ai_paas_jf/pangqs/AIGC/safepp_pytorch/data/test/satellite/real/0022012.jpg,0,satellite_real,satellite,root,real,seen,1.0,0,base
/ai_paas_jf/pangqs/AIGC/safepp_pytorch/data/test/satellite/real/0022017.jpg,0,satellite_real,satellite,root,real,seen,1.0,0,base
/ai_paas_jf/pangqs/AIGC/safepp_pytorch/data/test/satellite/real/0022453.jpg,0,satellite_real,satellite,root,real,seen,1.0,0,base
/ai_paas_jf/pangqs/AIGC/safepp_pytorch/data/test/satellite/real/0022466.jpg,0,satellite_real,satellite,root,real,seen,1.0,0,base
/ai_paas_jf/pangqs/AIGC/safepp_pytorch/data/test/satellite/real/0022781.jpg,0,satellite_real,satellite,root,real,seen,1.0,0,base
/ai_paas_jf/pangqs/AIGC/safepp_pytorch/data/test/satellite/real/0023573.jpg,0,satellite_real,satellite,root,real,seen,1.0,0,base
/ai_paas_jf/pangqs/AIGC/safepp_pytorch/data/test/satellite/real/0023921.jpg,0,satellite_real,satellite,root,real,seen,1.0,0,base
/ai_paas_jf/pangqs/AIGC/safepp_pytorch/data/test/satellite/real/0023987.jpg,0,satellite_real,satellite,root,real,seen,1.0,0,base
/ai_paas_jf/pangqs/AIGC/safepp_pytorch/data/test/satellite/real/0025011.jpg,0,satellite_real,satellite,root,real,seen,1.0,0,base
/ai_paas_jf/pangqs/AIGC/safepp_pytorch/data/test/satellite/real/0025228.jpg,0,satellite_real,satellite,root,real,seen,1.0,0,base
/ai_paas_jf/pangqs/AIGC/safepp_pytorch/data/test/satellite/real/0025780.jpg,0,satellite_real,satellite,root,real,seen,1.0,0,base
/ai_paas_jf/pangqs/AIGC/safepp_pytorch/data/test/satellite/real/0026044.jpg,0,satellite_real,satellite,root,real,seen,1.0,0,base
/ai_paas_jf/pangqs/AIGC/safepp_pytorch/data/test/satellite/real/0026184.jpg,0,satellite_real,satellite,root,real,seen,1.0,0,base
/ai_paas_jf/pangqs/AIGC/safepp_pytorch/data/test/satellite/real/0026196.jpg,0,satellite_real,satellite,root,real,seen,1.0,0,base
/ai_paas_jf/pangqs/AIGC/safepp_pytorch/data/test/satellite/real/0026657.jpg,0,satellite_real,satellite,root,real,seen,1.0,0,base
/ai_paas_jf/pangqs/AIGC/safepp_pytorch/data/test/satellite/real/0027049.jpg,0,satellite_real,satellite,root,real,seen,1.0,0,base
/ai_paas_jf/pangqs/AIGC/safepp_pytorch/data/test/satellite/real/0027105.jpg,0,satellite_real,satellite,root,real,seen,1.0,0,base
/ai_paas_jf/pangqs/AIGC/safepp_pytorch/data/test/satellite/real/0027349.jpg,0,satellite_real,satellite,root,real,seen,1.0,0,base
/ai_paas_jf/pangqs/AIGC/safepp_pytorch/data/test/satellite/real/0027853.jpg,0,satellite_real,satellite,root,real,seen,1.0,0,base
/ai_paas_jf/pangqs/AIGC/safepp_pytorch/data/test/satellite/real/0027992.jpg,0,satellite_real,satellite,root,real,seen,1.0,0,base
/ai_paas_jf/pangqs/AIGC/safepp_pytorch/data/test/satellite/real/0028388.jpg,0,satellite_real,satellite,root,real,seen,1.0,0,base
/ai_paas_jf/pangqs/AIGC/safepp_pytorch/data/test/satellite/real/0029168.jpg,0,satellite_real,satellite,root,real,seen,1.0,0,base
/ai_paas_jf/pangqs/AIGC/safepp_pytorch/data/test/satellite/real/0029191.jpg,0,satellite_real,satellite,root,real,seen,1.0,0,base
/ai_paas_jf/pangqs/AIGC/safepp_pytorch/data/test/satellite/real/0029264.jpg,0,satellite_real,satellite,root,real,seen,1.0,0,base
/ai_paas_jf/pangqs/AIGC/safepp_pytorch/data/test/satellite/real/0029539.jpg,0,satellite_real,satellite,root,real,seen,1.0,0,base
/ai_paas_jf/pangqs/AIGC/safepp_pytorch/data/test/satellite/real/0029667.jpg,0,satellite_real,satellite,root,real,seen,1.0,0,base
/ai_paas_jf/pangqs/AIGC/safepp_pytorch/data/test/satellite/real/0030032.jpg,0,satellite_real,satellite,root,real,seen,1.0,0,base
/ai_paas_jf/pangqs/AIGC/safepp_pytorch/data/test/satellite/real/0030471.jpg,0,satellite_real,satellite,root,real,seen,1.0,0,base
/ai_paas_jf/pangqs/AIGC/safepp_pytorch/data/test/satellite/real/0030988.jpg,0,satellite_real,satellite,root,real,seen,1.0,0,base
/ai_paas_jf/pangqs/AIGC/safepp_pytorch/data/test/satellite/real/0030997.jpg,0,satellite_real,satellite,root,real,seen,1.0,0,base
/ai_paas_jf/pangqs/AIGC/safepp_pytorch/data/test/satellite/real/0031073.jpg,0,satellite_real,satellite,root,real,seen,1.0,0,base
/ai_paas_jf/pangqs/AIGC/safepp_pytorch/data/test/satellite/real/0031665.jpg,0,satellite_real,satellite,root,real,seen,1.0,0,base
/ai_paas_jf/pangqs/AIGC/safepp_pytorch/data/test/satellite/real/0032259.jpg,0,satellite_real,satellite,root,real,seen,1.0,0,base
/ai_paas_jf/pangqs/AIGC/safepp_pytorch/data/test/satellite/real/0032481.jpg,0,satellite_real,satellite,root,real,seen,1.0,0,base
/ai_paas_jf/pangqs/AIGC/safepp_pytorch/data/test/satellite/real/0032520.jpg,0,satellite_real,satellite,root,real,seen,1.0,0,base
/ai_paas_jf/pangqs/AIGC/safepp_pytorch/data/test/satellite/real/0033250.jpg,0,satellite_real,satellite,root,real,seen,1.0,0,base
/ai_paas_jf/pangqs/AIGC/safepp_pytorch/data/test/satellite/real/0033586.jpg,0,satellite_real,satellite,root,real,seen,1.0,0,base
/ai_paas_jf/pangqs/AIGC/safepp_pytorch/data/test/satellite/real/0034283.jpg,0,satellite_real,satellite,root,real,seen,1.0,0,base
/ai_paas_jf/pangqs/AIGC/safepp_pytorch/data/test/satellite/real/0034428.jpg,0,satellite_real,satellite,root,real,seen,1.0,0,base
/ai_paas_jf/pangqs/AIGC/safepp_pytorch/data/test/satellite/real/0034464.jpg,0,satellite_real,satellite,root,real,seen,1.0,0,base
/ai_paas_jf/pangqs/AIGC/safepp_pytorch/data/test/satellite/real/0034531.jpg,0,satellite_real,satellite,root,real,seen,1.0,0,base
/ai_paas_jf/pangqs/AIGC/safepp_pytorch/data/test/satellite/real/0034615.jpg,0,satellite_real,satellite,root,real,seen,1.0,0,base
/ai_paas_jf/pangqs/AIGC/safepp_pytorch/data/test/satellite/real/0034664.jpg,0,satellite_real,satellite,root,real,seen,1.0,0,base
/ai_paas_jf/pangqs/AIGC/safepp_pytorch/data/test/satellite/real/0034852.jpg,0,satellite_real,satellite,root,real,seen,1.0,0,base
/ai_paas_jf/pangqs/AIGC/safepp_pytorch/data/test/satellite/real/0034918.jpg,0,satellite_real,satellite,root,real,seen,1.0,0,base
/ai_paas_jf/pangqs/AIGC/safepp_pytorch/data/test/satellite/real/0034985.jpg,0,satellite_real,satellite,root,real,seen,1.0,0,base
/ai_paas_jf/pangqs/AIGC/safepp_pytorch/data/test/satellite/real/0034999.jpg,0,satellite_real,satellite,root,real,seen,1.0,0,base
/ai_paas_jf/pangqs/AIGC/safepp_pytorch/data/test/satellite/real/0035285.jpg,0,satellite_real,satellite,root,real,seen,1.0,0,base
/ai_paas_jf/pangqs/AIGC/safepp_pytorch/data/test/satellite/real/0035806.jpg,0,satellite_real,satellite,root,real,seen,1.0,0,base
/ai_paas_jf/pangqs/AIGC/safepp_pytorch/data/test/satellite/real/0036379.jpg,0,satellite_real,satellite,root,real,seen,1.0,0,base
/ai_paas_jf/pangqs/AIGC/safepp_pytorch/data/test/satellite/real/0037489.jpg,0,satellite_real,satellite,root,real,seen,1.0,0,base
/ai_paas_jf/pangqs/AIGC/safepp_pytorch/data/test/satellite/real/0038062.jpg,0,satellite_real,satellite,root,real,seen,1.0,0,base
/ai_paas_jf/pangqs/AIGC/safepp_pytorch/data/test/satellite/real/0038071.jpg,0,satellite_real,satellite,root,real,seen,1.0,0,base
/ai_paas_jf/pangqs/AIGC/safepp_pytorch/data/test/satellite/real/0038123.jpg,0,satellite_real,satellite,root,real,seen,1.0,0,base
/ai_paas_jf/pangqs/AIGC/safepp_pytorch/data/test/satellite/real/0038346.jpg,0,satellite_real,satellite,root,real,seen,1.0,0,base
/ai_paas_jf/pangqs/AIGC/safepp_pytorch/data/test/satellite/real/0038355.jpg,0,satellite_real,satellite,root,real,seen,1.0,0,base
/ai_paas_jf/pangqs/AIGC/safepp_pytorch/data/test/satellite/real/0038518.jpg,0,satellite_real,satellite,root,real,seen,1.0,0,base
/ai_paas_jf/pangqs/AIGC/safepp_pytorch/data/test/satellite/real/0039088.jpg,0,satellite_real,satellite,root,real,seen,1.0,0,base
/ai_paas_jf/pangqs/AIGC/safepp_pytorch/data/test/satellite/real/0039157.jpg,0,satellite_real,satellite,root,real,seen,1.0,0,base
/ai_paas_jf/pangqs/AIGC/safepp_pytorch/data/test/satellite/real/0039240.jpg,0,satellite_real,satellite,root,real,seen,1.0,0,base
/ai_paas_jf/pangqs/AIGC/safepp_pytorch/data/test/satellite/real/0039757.jpg,0,satellite_real,satellite,root,real,seen,1.0,0,base
/ai_paas_jf/pangqs/AIGC/safepp_pytorch/data/test/satellite/real/0039764.jpg,0,satellite_real,satellite,root,real,seen,1.0,0,base
/ai_paas_jf/pangqs/AIGC/safepp_pytorch/data/test/satellite/real/0039866.jpg,0,satellite_real,satellite,root,real,seen,1.0,0,base
/ai_paas_jf/pangqs/AIGC/safepp_pytorch/data/test/satellite/real/0040303.jpg,0,satellite_real,satellite,root,real,seen,1.0,0,base
/ai_paas_jf/pangqs/AIGC/safepp_pytorch/data/test/satellite/real/0040728.jpg,0,satellite_real,satellite,root,real,seen,1.0,0,base
/ai_paas_jf/pangqs/AIGC/safepp_pytorch/data/test/satellite/real/0040783.jpg,0,satellite_real,satellite,root,real,seen,1.0,0,base
/ai_paas_jf/pangqs/AIGC/safepp_pytorch/data/test/satellite/real/0041927.jpg,0,satellite_real,satellite,root,real,seen,1.0,0,base
/ai_paas_jf/pangqs/AIGC/safepp_pytorch/data/test/satellite/real/0042085.jpg,0,satellite_real,satellite,root,real,seen,1.0,0,base
/ai_paas_jf/pangqs/AIGC/safepp_pytorch/data/test/satellite/real/0042098.jpg,0,satellite_real,satellite,root,real,seen,1.0,0,base
/ai_paas_jf/pangqs/AIGC/safepp_pytorch/data/test/satellite/real/0042391.jpg,0,satellite_real,satellite,root,real,seen,1.0,0,base
/ai_paas_jf/pangqs/AIGC/safepp_pytorch/data/test/satellite/real/0042647.jpg,0,satellite_real,satellite,root,real,seen,1.0,0,base
/ai_paas_jf/pangqs/AIGC/safepp_pytorch/data/test/satellite/real/0042823.jpg,0,satellite_real,satellite,root,real,seen,1.0,0,base
/ai_paas_jf/pangqs/AIGC/safepp_pytorch/data/test/satellite/real/0043102.jpg,0,satellite_real,satellite,root,real,seen,1.0,0,base
/ai_paas_jf/pangqs/AIGC/safepp_pytorch/data/test/satellite/real/0043850.jpg,0,satellite_real,satellite,root,real,seen,1.0,0,base
/ai_paas_jf/pangqs/AIGC/safepp_pytorch/data/test/satellite/real/0043892.jpg,0,satellite_real,satellite,root,real,seen,1.0,0,base
/ai_paas_jf/pangqs/AIGC/safepp_pytorch/data/test/satellite/real/0044299.jpg,0,satellite_real,satellite,root,real,seen,1.0,0,base
/ai_paas_jf/pangqs/AIGC/safepp_pytorch/data/test/satellite/real/0g-WmNApQkI5XtOn0Yvxrw_satView_polish.jpg,0,satellite_real,satellite,root,real,seen,1.0,0,base
/ai_paas_jf/pangqs/AIGC/safepp_pytorch/data/test/satellite/real/1AdUVZJ6kFfAqa3g4FYP_A_satView_polish.jpg,0,satellite_real,satellite,root,real,seen,1.0,0,base
/ai_paas_jf/pangqs/AIGC/safepp_pytorch/data/test/satellite/real/1aZ3sULegl5XElOxFxfLdA_satView_polish.jpg,0,satellite_real,satellite,root,real,seen,1.0,0,base
/ai_paas_jf/pangqs/AIGC/safepp_pytorch/data/test/satellite/real/2vmJKXrUOWnpEETgOQVoMw_satView_polish.jpg,0,satellite_real,satellite,root,real,seen,1.0,0,base
/ai_paas_jf/pangqs/AIGC/safepp_pytorch/data/test/satellite/real/3FOoPlFSqAPopM7PapwLdA_satView_polish.jpg,0,satellite_real,satellite,root,real,seen,1.0,0,base
/ai_paas_jf/pangqs/AIGC/safepp_pytorch/data/test/satellite/real/3F_sok6DQfj7dHsq-z4PwQ_satView_polish.jpg,0,satellite_real,satellite,root,real,seen,1.0,0,base
/ai_paas_jf/pangqs/AIGC/safepp_pytorch/data/test/satellite/real/3HnIJDFePHP2vcutFxIiZg_satView_polish.jpg,0,satellite_real,satellite,root,real,seen,1.0,0,base
/ai_paas_jf/pangqs/AIGC/safepp_pytorch/data/test/satellite/real/3VqCQzEkIQnWcDfG7PkeqQ_satView_polish.jpg,0,satellite_real,satellite,root,real,seen,1.0,0,base
"/ai_paas_jf/pangqs/AIGC/safepp_pytorch/data/test/satellite/real/41.85216724,-87.64669427_2019-07_J_RZEBwFLO3yuj8pQVpBsQ_d276_z3.jpg",0,satellite_real,satellite,root,real,seen,1.0,0,base
"/ai_paas_jf/pangqs/AIGC/safepp_pytorch/data/test/satellite/real/41.85245685,-87.65746408_2019-08_fzq8MVrTPe3f0EnBxwzNLA_d92_z3.jpg",0,satellite_real,satellite,root,real,seen,1.0,0,base
"/ai_paas_jf/pangqs/AIGC/safepp_pytorch/data/test/satellite/real/41.85273731,-87.65570233_2019-07_E7TAjRDUqvSu9u4-lXmzBw_d1_z3.jpg",0,satellite_real,satellite,root,real,seen,1.0,0,base
"/ai_paas_jf/pangqs/AIGC/safepp_pytorch/data/test/satellite/real/41.85275686,-87.66789523_2019-07_Ku7Q2QoGIF_17kbAUOrOuA_d91_z3.jpg",0,satellite_real,satellite,root,real,seen,1.0,0,base
"/ai_paas_jf/pangqs/AIGC/safepp_pytorch/data/test/satellite/real/41.85278423,-87.63419081_2019-08_Va2Dr7PltfvcwmPPt5IbQQ_d84_z3.jpg",0,satellite_real,satellite,root,real,seen,1.0,0,base
"/ai_paas_jf/pangqs/AIGC/safepp_pytorch/data/test/satellite/real/41.85294692,-87.65141952_2007-08_fp_T7b-ffkHFj2uvFZ7YMw_d304_z3.jpg",0,satellite_real,satellite,root,real,seen,1.0,0,base
"/ai_paas_jf/pangqs/AIGC/safepp_pytorch/data/test/satellite/real/41.85309889,-87.67672570_2019-07_fs4wHAv98ygismx1cuqgaQ_d272_z3.jpg",0,satellite_real,satellite,root,real,seen,1.0,0,base
"/ai_paas_jf/pangqs/AIGC/safepp_pytorch/data/test/satellite/real/41.85352939,-87.64468887_2019-08_j9AJM72dASd9Uac7NeqV7g_d170_z3.jpg",0,satellite_real,satellite,root,real,seen,1.0,0,base
"/ai_paas_jf/pangqs/AIGC/safepp_pytorch/data/test/satellite/real/41.85523725,-87.65502909_2019-07_OFU9NjtNLG6YT-aCq7woxg_d273_z3.jpg",0,satellite_real,satellite,root,real,seen,1.0,0,base
"/ai_paas_jf/pangqs/AIGC/safepp_pytorch/data/test/satellite/real/41.85524580,-87.65442929_2019-07_xtWSUks2xa71GGGNeSqfgQ_d270_z3.jpg",0,satellite_real,satellite,root,real,seen,1.0,0,base
"/ai_paas_jf/pangqs/AIGC/safepp_pytorch/data/test/satellite/real/41.85525180,-87.64180079_2019-07_RledeeF_N-asJrTp883HKA_d3_z3.jpg",0,satellite_real,satellite,root,real,seen,1.0,0,base
"/ai_paas_jf/pangqs/AIGC/safepp_pytorch/data/test/satellite/real/41.85575005,-87.68250860_2019-07_xYgOqP7y-U7fNMxz8dbx4A_d92_z3.jpg",0,satellite_real,satellite,root,real,seen,1.0,0,base
"/ai_paas_jf/pangqs/AIGC/safepp_pytorch/data/test/satellite/real/41.85650832,-87.65368882_2019-07_yeyQGbsbz-WbUo5MAWdNOQ_d3_z3.jpg",0,satellite_real,satellite,root,real,seen,1.0,0,base
"/ai_paas_jf/pangqs/AIGC/safepp_pytorch/data/test/satellite/real/41.85709494,-87.64890140_2019-07_JEFQtRz3o_6TQJGWW-mFsQ_d270_z3.jpg",0,satellite_real,satellite,root,real,seen,1.0,0,base
"/ai_paas_jf/pangqs/AIGC/safepp_pytorch/data/test/satellite/real/41.85713119,-87.61984081_2019-07_2licQsse1QO3U5d0fB8M-A_d90_z3.jpg",0,satellite_real,satellite,root,real,seen,1.0,0,base
"/ai_paas_jf/pangqs/AIGC/safepp_pytorch/data/test/satellite/real/41.85715156,-87.68167124_2019-07_oFgm-QM0M4LH-UzrxWjp8A_d88_z3.jpg",0,satellite_real,satellite,root,real,seen,1.0,0,base
"/ai_paas_jf/pangqs/AIGC/safepp_pytorch/data/test/satellite/real/41.85734094,-87.67107794_2019-07_4v7rQGqER5UE5bkRNhaGeQ_d182_z3.jpg",0,satellite_real,satellite,root,real,seen,1.0,0,base
"/ai_paas_jf/pangqs/AIGC/safepp_pytorch/data/test/satellite/real/41.85752111,-87.65153438_2019-07_PM--9VuNTNHbJZ2BDw08cg_d180_z3.jpg",0,satellite_real,satellite,root,real,seen,1.0,0,base
"/ai_paas_jf/pangqs/AIGC/safepp_pytorch/data/test/satellite/real/41.85912750,-87.63462078_2014-10_hltRhVaU62eTtUH72lMnVw_d65_z3.jpg",0,satellite_real,satellite,root,real,seen,1.0,0,base
"/ai_paas_jf/pangqs/AIGC/safepp_pytorch/data/test/satellite/real/41.85947572,-87.63455713_2014-10_aRS-7Ldkz7qLxHf-drHutg_d74_z3.jpg",0,satellite_real,satellite,root,real,seen,1.0,0,base
"/ai_paas_jf/pangqs/AIGC/safepp_pytorch/data/test/satellite/real/41.85966131,-87.61717986_2019-07_s523uxusI837hTLgYE2OhQ_d202_z3.jpg",0,satellite_real,satellite,root,real,seen,1.0,0,base
"/ai_paas_jf/pangqs/AIGC/safepp_pytorch/data/test/satellite/real/41.86015493,-87.62934028_2019-07_KxAC2aZrwr6cBi9ZghRLxQ_d271_z3.jpg",0,satellite_real,satellite,root,real,seen,1.0,0,base
"/ai_paas_jf/pangqs/AIGC/safepp_pytorch/data/test/satellite/real/41.86083518,-87.62406490_2019-07_lJDa3sEHxSd1rcCc60V5Kw_d1_z3.jpg",0,satellite_real,satellite,root,real,seen,1.0,0,base
"/ai_paas_jf/pangqs/AIGC/safepp_pytorch/data/test/satellite/real/41.86117498,-87.68747871_2019-07_2BFZm7O1-OhXSOm__W4jgA_d270_z3.jpg",0,satellite_real,satellite,root,real,seen,1.0,0,base
"/ai_paas_jf/pangqs/AIGC/safepp_pytorch/data/test/satellite/real/41.86146390,-87.66702397_2019-07_yoH73jXHNPkFToEi6Ihmow_d271_z3.jpg",0,satellite_real,satellite,root,real,seen,1.0,0,base
"/ai_paas_jf/pangqs/AIGC/safepp_pytorch/data/test/satellite/real/41.86251276,-87.65420146_2019-07_r9CXYxP404JfTo-CC1mXNw_d220_z3.jpg",0,satellite_real,satellite,root,real,seen,1.0,0,base
"/ai_paas_jf/pangqs/AIGC/safepp_pytorch/data/test/satellite/real/41.86341423,-87.65825055_2019-08_eyppbwtjycw06YW1fZbyEQ_d271_z3.jpg",0,satellite_real,satellite,root,real,seen,1.0,0,base
"/ai_paas_jf/pangqs/AIGC/safepp_pytorch/data/test/satellite/real/41.86357445,-87.66664421_2018-06_-VrCoSbKh9Y83qJeKldFRQ_d360_z3.jpg",0,satellite_real,satellite,root,real,seen,1.0,0,base
"/ai_paas_jf/pangqs/AIGC/safepp_pytorch/data/test/satellite/real/41.86361610,-87.64963844_2011-06_2hl7JRgSLkl3FnFQBddXxA_d180_z3.jpg",0,satellite_real,satellite,root,real,seen,1.0,0,base
"/ai_paas_jf/pangqs/AIGC/safepp_pytorch/data/test/satellite/real/41.86395984,-87.67375050_2019-07_OdveGQlDpe4OCPcH00I3SA_d1_z3.jpg",0,satellite_real,satellite,root,real,seen,1.0,0,base
"/ai_paas_jf/pangqs/AIGC/safepp_pytorch/data/test/satellite/real/41.86403483,-87.62490866_2019-07_4KjGhvsZpDOYg9z1xTXbMw_d172_z3.jpg",0,satellite_real,satellite,root,real,seen,1.0,0,base
"/ai_paas_jf/pangqs/AIGC/safepp_pytorch/data/test/satellite/real/41.86451922,-87.68634149_2019-08_vZbvC1sq2GuWjJ8uviDkoA_d116_z3.jpg",0,satellite_real,satellite,root,real,seen,1.0,0,base
"/ai_paas_jf/pangqs/AIGC/safepp_pytorch/data/test/satellite/real/41.86481640,-87.68431136_2019-08_VlBvRGa0vVDxOGxafIQYlg_d90_z3.jpg",0,satellite_real,satellite,root,real,seen,1.0,0,base
"/ai_paas_jf/pangqs/AIGC/safepp_pytorch/data/test/satellite/real/41.86519203,-87.62581755_2019-07_H1-vImHO6U95lcetBVKcTw_d1_z3.jpg",0,satellite_real,satellite,root,real,seen,1.0,0,base
"/ai_paas_jf/pangqs/AIGC/safepp_pytorch/data/test/satellite/real/41.86522453,-87.65652752_2019-07_F2WTjLNpqrjIcwA_jMNfZg_d121_z3.jpg",0,satellite_real,satellite,root,real,seen,1.0,0,base
"/ai_paas_jf/pangqs/AIGC/safepp_pytorch/data/test/satellite/real/41.86626362,-87.66921183_2019-07__p9_glLwcvOAvbd-y71_Uw_d182_z3.jpg",0,satellite_real,satellite,root,real,seen,1.0,0,base
"/ai_paas_jf/pangqs/AIGC/safepp_pytorch/data/test/satellite/real/41.86645569,-87.66518621_2019-07_ya-EYStm3anKXD7JXeTciA_d271_z3.jpg",0,satellite_real,satellite,root,real,seen,1.0,0,base
"/ai_paas_jf/pangqs/AIGC/safepp_pytorch/data/test/satellite/real/41.86664691,-87.64373669_2019-07_CmAn0kiV23m7k7KSpI61_Q_d272_z3.jpg",0,satellite_real,satellite,root,real,seen,1.0,0,base
"/ai_paas_jf/pangqs/AIGC/safepp_pytorch/data/test/satellite/real/41.86741703,-87.61961808_2019-07_JydRYE6mppdnKbUytpiXSA_d91_z3.jpg",0,satellite_real,satellite,root,real,seen,1.0,0,base
"/ai_paas_jf/pangqs/AIGC/safepp_pytorch/data/test/satellite/real/41.86749217,-87.68878767_2019-07_3HLl2ch--U_VZc7ss85zdw_d273_z3.jpg",0,satellite_real,satellite,root,real,seen,1.0,0,base
"/ai_paas_jf/pangqs/AIGC/safepp_pytorch/data/test/satellite/real/41.86782111,-87.61988079_2011-05_JjUmunf649EHlnTnOjQUBA_d76_z3.jpg",0,satellite_real,satellite,root,real,seen,1.0,0,base
"/ai_paas_jf/pangqs/AIGC/safepp_pytorch/data/test/satellite/real/41.86793861,-87.67739223_2019-07_1YpCSR5ynubSSpddOXl1mA_d271_z3.jpg",0,satellite_real,satellite,root,real,seen,1.0,0,base
"/ai_paas_jf/pangqs/AIGC/safepp_pytorch/data/test/satellite/real/41.86819906,-87.62753361_2019-07_RYo6bxioRxqs9BXWknJvxw_d2_z3.jpg",0,satellite_real,satellite,root,real,seen,1.0,0,base
"/ai_paas_jf/pangqs/AIGC/safepp_pytorch/data/test/satellite/real/41.86902066,-87.65116149_2019-08_D1VrqjK4byrIHA9I1sVFxg_d0_z3.jpg",0,satellite_real,satellite,root,real,seen,1.0,0,base
"/ai_paas_jf/pangqs/AIGC/safepp_pytorch/data/test/satellite/real/41.86931609,-87.62535369_2019-07_tyneV7KZ7T5aejkwN6Gbxw_d265_z3.jpg",0,satellite_real,satellite,root,real,seen,1.0,0,base
"/ai_paas_jf/pangqs/AIGC/safepp_pytorch/data/test/satellite/real/41.86933856,-87.65913771_2019-07_ANwJ-BCxLj334aVH_dz2FA_d137_z3.jpg",0,satellite_real,satellite,root,real,seen,1.0,0,base
"/ai_paas_jf/pangqs/AIGC/safepp_pytorch/data/test/satellite/real/41.86936710,-87.66115836_2019-07_b1IU9l3vepdMWMfEW9Qu8A_d269_z3.jpg",0,satellite_real,satellite,root,real,seen,1.0,0,base
"/ai_paas_jf/pangqs/AIGC/safepp_pytorch/data/test/satellite/real/41.86946229,-87.64065946_2019-07_mzsAK_N7oHtU_RaYoLJNvA_d1_z3.jpg",0,satellite_real,satellite,root,real,seen,1.0,0,base
"/ai_paas_jf/pangqs/AIGC/safepp_pytorch/data/test/satellite/real/41.86975197,-87.67167663_2011-06_7rnTp8V0fhZwo9pFE2IJmg_d91_z3.jpg",0,satellite_real,satellite,root,real,seen,1.0,0,base
"/ai_paas_jf/pangqs/AIGC/safepp_pytorch/data/test/satellite/real/41.87022891,-87.68769058_2019-07_h3tZJ0biBBKx-rocYOzhFQ_d272_z3.jpg",0,satellite_real,satellite,root,real,seen,1.0,0,base
"/ai_paas_jf/pangqs/AIGC/safepp_pytorch/data/test/satellite/real/41.87031263,-87.66021736_2018-06_x7YeUV9n0C4KP2wdG--Dsg_d110_z3.jpg",0,satellite_real,satellite,root,real,seen,1.0,0,base
"/ai_paas_jf/pangqs/AIGC/safepp_pytorch/data/test/satellite/real/41.87079659,-87.64978148_2011-06_fdQYC4XtUT7Zj99XIt4WCw_d111_z3.jpg",0,satellite_real,satellite,root,real,seen,1.0,0,base
"/ai_paas_jf/pangqs/AIGC/safepp_pytorch/data/test/satellite/real/41.87139481,-87.68145536_2018-06_Rfd87vVCyVIVRNhSAjgG-w_d90_z3.jpg",0,satellite_real,satellite,root,real,seen,1.0,0,base
"/ai_paas_jf/pangqs/AIGC/safepp_pytorch/data/test/satellite/real/41.87194902,-87.64931704_2011-06_Q8aZ4oU8uZLL4YqWLs7VAw_d227_z3.jpg",0,satellite_real,satellite,root,real,seen,1.0,0,base
"/ai_paas_jf/pangqs/AIGC/safepp_pytorch/data/test/satellite/real/41.87218278,-87.63130840_2019-08_fStiH6ZDCndHN-okTOGD8g_d91_z3.jpg",0,satellite_real,satellite,root,real,seen,1.0,0,base
"/ai_paas_jf/pangqs/AIGC/safepp_pytorch/data/test/satellite/real/41.87254870,-87.68168207_2019-07_0E3pq9np_GHEUhyhjIhbCw_d91_z3.jpg",0,satellite_real,satellite,root,real,seen,1.0,0,base
"/ai_paas_jf/pangqs/AIGC/safepp_pytorch/data/test/satellite/real/41.87291242,-87.62373936_2011-05_nqQRCo8WSyzTV30uukh7fQ_d359_z3.jpg",0,satellite_real,satellite,root,real,seen,1.0,0,base
"/ai_paas_jf/pangqs/AIGC/safepp_pytorch/data/test/satellite/real/41.87314676,-87.63588959_2014-10_UvJ56DIFiJBdat75DY4JIg_d94_z3.jpg",0,satellite_real,satellite,root,real,seen,1.0,0,base
"/ai_paas_jf/pangqs/AIGC/safepp_pytorch/data/test/satellite/real/41.87438276,-87.64075474_2019-08_wN2w5HFAZlOBzDtHC_TsFw_d78_z3.jpg",0,satellite_real,satellite,root,real,seen,1.0,0,base
"/ai_paas_jf/pangqs/AIGC/safepp_pytorch/data/test/satellite/real/41.87442377,-87.63166542_2019-07_Qqub3zLC_nd3aQsGONeulQ_d161_z3.jpg",0,satellite_real,satellite,root,real,seen,1.0,0,base
"/ai_paas_jf/pangqs/AIGC/safepp_pytorch/data/test/satellite/real/41.87447721,-87.69062012_2019-07_bnXnqm5vsSOWHOxWJqUbrA_d181_z3.jpg",0,satellite_real,satellite,root,real,seen,1.0,0,base
"/ai_paas_jf/pangqs/AIGC/safepp_pytorch/data/test/satellite/real/41.87450835,-87.62969159_2019-08_pqewYCC8q6vdjN6KDSg7jQ_d91_z3.jpg",0,satellite_real,satellite,root,real,seen,1.0,0,base
"/ai_paas_jf/pangqs/AIGC/safepp_pytorch/data/test/satellite/real/41.87458440,-87.62127781_2011-05_r9HqlBqJmiQr9ru2hx5lLw_d269_z3.jpg",0,satellite_real,satellite,root,real,seen,1.0,0,base
"/ai_paas_jf/pangqs/AIGC/safepp_pytorch/data/test/satellite/real/41.87479597,-87.68256486_2018-07_38C6s--buqHF1_9LN53TIg_d271_z3.jpg",0,satellite_real,satellite,root,real,seen,1.0,0,base
"/ai_paas_jf/pangqs/AIGC/safepp_pytorch/data/test/satellite/real/41.87517224,-87.61967543_2011-05_7X6xEFwrHxQFiwXgVbgpQg_d198_z3.jpg",0,satellite_real,satellite,root,real,seen,1.0,0,base
"/ai_paas_jf/pangqs/AIGC/safepp_pytorch/data/test/satellite/real/41.87528619,-87.63957887_2019-08_EIukUMQxew6AEAIsccNnbA_d182_z3.jpg",0,satellite_real,satellite,root,real,seen,1.0,0,base
"/ai_paas_jf/pangqs/AIGC/safepp_pytorch/data/test/satellite/real/41.87542096,-87.68140917_2019-08_TbTK51Bh_O8dbR-_RUNJ5g_d2_z3.jpg",0,satellite_real,satellite,root,real,seen,1.0,0,base
"/ai_paas_jf/pangqs/AIGC/safepp_pytorch/data/test/satellite/real/41.87593241,-87.65690556_2019-08_NPyYtFR2RRe13PffDmsvnA_d182_z3.jpg",0,satellite_real,satellite,root,real,seen,1.0,0,base
"/ai_paas_jf/pangqs/AIGC/safepp_pytorch/data/test/satellite/real/41.87597465,-87.67180181_2019-08_IG_VrVlKHACQMHeUT_6pEw_d272_z3.jpg",0,satellite_real,satellite,root,real,seen,1.0,0,base
"/ai_paas_jf/pangqs/AIGC/safepp_pytorch/data/test/satellite/real/41.87691415,-87.68039329_2018-08_FyGT7GcB7lH2sxbwvLbTmA_d92_z3.jpg",0,satellite_real,satellite,root,real,seen,1.0,0,base
"/ai_paas_jf/pangqs/AIGC/safepp_pytorch/data/test/satellite/real/41.87694887,-87.62161756_2011-05_W0hCIrMgw4oXFwgLBJfhTw_d114_z3.jpg",0,satellite_real,satellite,root,real,seen,1.0,0,base
"/ai_paas_jf/pangqs/AIGC/safepp_pytorch/data/test/satellite/real/41.87746543,-87.67519716_2018-10_G03UgW9B2jvOA5o8tSAoxw_d91_z3.jpg",0,satellite_real,satellite,root,real,seen,1.0,0,base
"/ai_paas_jf/pangqs/AIGC/safepp_pytorch/data/test/satellite/real/41.87795955,-87.61962047_2011-05_Q1VQ5nJ_2YcBiz9pR-2ZYw_d145_z3.jpg",0,satellite_real,satellite,root,real,seen,1.0,0,base
"/ai_paas_jf/pangqs/AIGC/safepp_pytorch/data/test/satellite/real/41.87810797,-87.63424947_2018-10_vjoVZfDNqTZYc8Br7oyKsA_d91_z3.jpg",0,satellite_real,satellite,root,real,seen,1.0,0,base
"/ai_paas_jf/pangqs/AIGC/safepp_pytorch/data/test/satellite/real/41.87829882,-87.64652580_2019-08_lJw_xA_KccpYcg0K1oRKTA_d306_z3.jpg",0,satellite_real,satellite,root,real,seen,1.0,0,base
"/ai_paas_jf/pangqs/AIGC/safepp_pytorch/data/test/satellite/real/41.87879036,-87.67463359_2009-04_kQkFNzyuVxXw4nhylCHRpA_d272_z3.jpg",0,satellite_real,satellite,root,real,seen,1.0,0,base
"/ai_paas_jf/pangqs/AIGC/safepp_pytorch/data/test/satellite/real/41.88066675,-87.65085001_2019-08_kv11gE-937-lkp2Oh0falg_d2_z3.jpg",0,satellite_real,satellite,root,real,seen,1.0,0,base
"/ai_paas_jf/pangqs/AIGC/safepp_pytorch/data/test/satellite/real/41.88103931,-87.66069418_2019-08_cNrHdfnvnsanYpfXUx0YIg_d272_z3.jpg",0,satellite_real,satellite,root,real,seen,1.0,0,base
"/ai_paas_jf/pangqs/AIGC/safepp_pytorch/data/test/satellite/real/41.88151904,-87.68640475_2018-10_1_lnkIYzcGtI3tBXfvMBPQ_d182_z3.jpg",0,satellite_real,satellite,root,real,seen,1.0,0,base
"/ai_paas_jf/pangqs/AIGC/safepp_pytorch/data/test/satellite/real/41.88153460,-87.64851682_2019-08_TxYYUgzU56W_bOLiz16_ig_d182_z3.jpg",0,satellite_real,satellite,root,real,seen,1.0,0,base
"/ai_paas_jf/pangqs/AIGC/safepp_pytorch/data/test/satellite/real/41.88181423,-87.63819640_2014-10_-5D6tCxWeo4fWKttyX__KQ_d86_z3.jpg",0,satellite_real,satellite,root,real,seen,1.0,0,base
"/ai_paas_jf/pangqs/AIGC/safepp_pytorch/data/test/satellite/real/41.88206713,-87.68855272_2019-08_dady0la-dVGWKQwlwKjMXA_d91_z3.jpg",0,satellite_real,satellite,root,real,seen,1.0,0,base
"/ai_paas_jf/pangqs/AIGC/safepp_pytorch/data/test/satellite/real/41.88212550,-87.62057106_2018-06_2TTr9AH5hbb4QX4WgrWDoA_d174_z3.jpg",0,satellite_real,satellite,root,real,seen,1.0,0,base
"/ai_paas_jf/pangqs/AIGC/safepp_pytorch/data/test/satellite/real/41.88277229,-87.61824419_2011-06_vJFyxdtKBOriuj4ra3vHHw_d179_z3.jpg",0,satellite_real,satellite,root,real,seen,1.0,0,base
"/ai_paas_jf/pangqs/AIGC/safepp_pytorch/data/test/satellite/real/41.88353038,-87.64600463_2019-10_mw7M4soSacm71oXrHTAYIA_d2_z3.jpg",0,satellite_real,satellite,root,real,seen,1.0,0,base
"/ai_paas_jf/pangqs/AIGC/safepp_pytorch/data/test/satellite/real/41.88416625,-87.67350990_2019-08_7LR2eT1WySzDlVE2bFjrzw_d271_z3.jpg",0,satellite_real,satellite,root,real,seen,1.0,0,base
"/ai_paas_jf/pangqs/AIGC/safepp_pytorch/data/test/satellite/real/41.88458337,-87.67888910_2019-08_hl6j5iZSj1lxo7OcivcnSA_d93_z3.jpg",0,satellite_real,satellite,root,real,seen,1.0,0,base
"/ai_paas_jf/pangqs/AIGC/safepp_pytorch/data/test/satellite/real/41.88503697,-87.66481930_2019-08_DfQhSl4SBKwY3rLpihfaLg_d231_z3.jpg",0,satellite_real,satellite,root,real,seen,1.0,0,base
"/ai_paas_jf/pangqs/AIGC/safepp_pytorch/data/test/satellite/real/41.88526252,-87.66879717_2019-08_DrCPI7Cd-roibYMoZZRWQw_d93_z3.jpg",0,satellite_real,satellite,root,real,seen,1.0,0,base
"/ai_paas_jf/pangqs/AIGC/safepp_pytorch/data/test/satellite/real/41.88550355,-87.65791354_2019-08_Hwf9UR4btDTyuAZZKNpcNQ_d271_z3.jpg",0,satellite_real,satellite,root,real,seen,1.0,0,base
"/ai_paas_jf/pangqs/AIGC/safepp_pytorch/data/test/satellite/real/41.88554329,-87.64978927_2019-08_vMfCBFsyRDRa12CqCcXyFg_d182_z3.jpg",0,satellite_real,satellite,root,real,seen,1.0,0,base
"/ai_paas_jf/pangqs/AIGC/safepp_pytorch/data/test/satellite/real/41.88573355,-87.68505314_2019-08_bYaA9o5qLmyfO3dcIphB7Q_d272_z3.jpg",0,satellite_real,satellite,root,real,seen,1.0,0,base
"/ai_paas_jf/pangqs/AIGC/safepp_pytorch/data/test/satellite/real/41.88622533,-87.68739530_2018-05_mu0qH_rA3NLQAY4I4ZT_sw_d92_z3.jpg",0,satellite_real,satellite,root,real,seen,1.0,0,base
"/ai_paas_jf/pangqs/AIGC/safepp_pytorch/data/test/satellite/real/41.88642293,-87.62951665_2019-08_WvUrbkTo8dIMd76bG2HqwQ_d180_z3.jpg",0,satellite_real,satellite,root,real,seen,1.0,0,base
"/ai_paas_jf/pangqs/AIGC/safepp_pytorch/data/test/satellite/real/41.88643971,-87.67309656_2019-08_m9O3rNnavwdm8a5mMa7Q8w_d91_z3.jpg",0,satellite_real,satellite,root,real,seen,1.0,0,base
"/ai_paas_jf/pangqs/AIGC/safepp_pytorch/data/test/satellite/real/41.88664710,-87.68448767_2019-08_PMSO6zI13RW9OxKhNOoG-Q_d91_z3.jpg",0,satellite_real,satellite,root,real,seen,1.0,0,base
"/ai_paas_jf/pangqs/AIGC/safepp_pytorch/data/test/satellite/real/41.88675651,-87.67850213_2019-08_jQWgMDa7Czw7lQQ5hmJurg_d271_z3.jpg",0,satellite_real,satellite,root,real,seen,1.0,0,base
"/ai_paas_jf/pangqs/AIGC/safepp_pytorch/data/test/satellite/real/41.88682771,-87.64384924_2019-08_62CFdJiyD4BCn9MfJet-iQ_d271_z3.jpg",0,satellite_real,satellite,root,real,seen,1.0,0,base
"/ai_paas_jf/pangqs/AIGC/safepp_pytorch/data/test/satellite/real/41.88743732,-87.66332754_2019-08__1a0cr-JOhBL1LvVXSDBBg_d92_z3.jpg",0,satellite_real,satellite,root,real,seen,1.0,0,base
"/ai_paas_jf/pangqs/AIGC/safepp_pytorch/data/test/satellite/real/41.88761953,-87.68017747_2018-08_oCXBkRLyP4kKZUi89ivq1A_d92_z3.jpg",0,satellite_real,satellite,root,real,seen,1.0,0,base
"/ai_paas_jf/pangqs/AIGC/safepp_pytorch/data/test/satellite/real/41.88779186,-87.66909009_2019-08_q0sggjFlmSnk8wTFNLUQCA_d91_z3.jpg",0,satellite_real,satellite,root,real,seen,1.0,0,base
"/ai_paas_jf/pangqs/AIGC/safepp_pytorch/data/test/satellite/real/41.88789528,-87.61836211_2019-08_EMkiNBCzp2bRCMgH6LHfdg_d268_z3.jpg",0,satellite_real,satellite,root,real,seen,1.0,0,base
"/ai_paas_jf/pangqs/AIGC/safepp_pytorch/data/test/satellite/real/41.88792645,-87.61972383_2019-08_eQt2Cs2b3_8gsTvzM9lxpw_d268_z3.jpg",0,satellite_real,satellite,root,real,seen,1.0,0,base
"/ai_paas_jf/pangqs/AIGC/safepp_pytorch/data/test/satellite/real/41.88800168,-87.65456861_2019-08_AbXhpMHauyy4iYhE1iTzKw_d1_z3.jpg",0,satellite_real,satellite,root,real,seen,1.0,0,base
"/ai_paas_jf/pangqs/AIGC/safepp_pytorch/data/test/satellite/real/41.88886323,-87.66882072_2019-08_rjW8OdP3KI8jP3g0h19uGQ_d91_z3.jpg",0,satellite_real,satellite,root,real,seen,1.0,0,base
"/ai_paas_jf/pangqs/AIGC/safepp_pytorch/data/test/satellite/real/41.88900420,-87.65737730_2018-06_vr1H2qXoM-6PO0rxlpDaNA_d349_z3.jpg",0,satellite_real,satellite,root,real,seen,1.0,0,base
"/ai_paas_jf/pangqs/AIGC/safepp_pytorch/data/test/satellite/real/41.88911434,-87.63753415_2019-08_6VDzBd7ndE6qtTRHMzZvCw_d91_z3.jpg",0,satellite_real,satellite,root,real,seen,1.0,0,base
"/ai_paas_jf/pangqs/AIGC/safepp_pytorch/data/test/satellite/real/41.88936183,-87.62640655_2015-09_shOtaVGZGZC62BFnqzedwg_d124_z3.jpg",0,satellite_real,satellite,root,real,seen,1.0,0,base
"/ai_paas_jf/pangqs/AIGC/safepp_pytorch/data/test/satellite/real/41.88937898,-87.68544479_2019-08_VsWv0XNKpBuUICGC5bo4PQ_d360_z3.jpg",0,satellite_real,satellite,root,real,seen,1.0,0,base
"/ai_paas_jf/pangqs/AIGC/safepp_pytorch/data/test/satellite/real/41.88943703,-87.67930953_2019-08_aD6ty2S_1P0i93dCenqIQw_d6_z3.jpg",0,satellite_real,satellite,root,real,seen,1.0,0,base
"/ai_paas_jf/pangqs/AIGC/safepp_pytorch/data/test/satellite/real/41.88958258,-87.68512557_2019-08_TSd68lenmEUs25W55kKILA_d92_z3.jpg",0,satellite_real,satellite,root,real,seen,1.0,0,base
"/ai_paas_jf/pangqs/AIGC/safepp_pytorch/data/test/satellite/real/41.89049851,-87.66119613_2018-05_dh6ANNWjsFEPvBDcBo4Fxw_d90_z3.jpg",0,satellite_real,satellite,root,real,seen,1.0,0,base
"/ai_paas_jf/pangqs/AIGC/safepp_pytorch/data/test/satellite/real/41.89057810,-87.65897982_2019-08_v_nsX9OB0yO6ZZA4F1ipDA_d185_z3.jpg",0,satellite_real,satellite,root,real,seen,1.0,0,base
"/ai_paas_jf/pangqs/AIGC/safepp_pytorch/data/test/satellite/real/41.89147071,-87.66647844_2018-06_WNPbnb4PW6joY02OWfX_uQ_d87_z3.jpg",0,satellite_real,satellite,root,real,seen,1.0,0,base
"/ai_paas_jf/pangqs/AIGC/safepp_pytorch/data/test/satellite/real/41.89172350,-87.64587139_2019-08_BAKnsoSd29CiITfQWIBS5A_d356_z3.jpg",0,satellite_real,satellite,root,real,seen,1.0,0,base
"/ai_paas_jf/pangqs/AIGC/safepp_pytorch/data/test/satellite/real/41.89199247,-87.64026521_2019-08_nMS18myGHasrm0WXEUJDIQ_d32_z3.jpg",0,satellite_real,satellite,root,real,seen,1.0,0,base
"/ai_paas_jf/pangqs/AIGC/safepp_pytorch/data/test/satellite/real/41.89245722,-87.65322193_2019-10_hEWGcdnkXi9_zHyrjaRmRw_d51_z3.jpg",0,satellite_real,satellite,root,real,seen,1.0,0,base
"/ai_paas_jf/pangqs/AIGC/safepp_pytorch/data/test/satellite/real/41.89258489,-87.62540476_2019-08_6mXF-Rkov_iloGy_dt4peQ_d180_z3.jpg",0,satellite_real,satellite,root,real,seen,1.0,0,base
"/ai_paas_jf/pangqs/AIGC/safepp_pytorch/data/test/satellite/real/41.89261486,-87.61989851_2019-08_SOAoHNRmihNw_wTBp0AN7A_d91_z3.jpg",0,satellite_real,satellite,root,real,seen,1.0,0,base
"/ai_paas_jf/pangqs/AIGC/safepp_pytorch/data/test/satellite/real/41.89273342,-87.67625536_2018-06_aaJDL85zCQymZK3RRH50dw_d92_z3.jpg",0,satellite_real,satellite,root,real,seen,1.0,0,base
"/ai_paas_jf/pangqs/AIGC/safepp_pytorch/data/test/satellite/real/41.89293529,-87.65522621_2019-08_q6SbLyjVVUbWwBEUfBZXZQ_d17_z3.jpg",0,satellite_real,satellite,root,real,seen,1.0,0,base
"/ai_paas_jf/pangqs/AIGC/safepp_pytorch/data/test/satellite/real/41.89300959,-87.68776865_2009-04_7h9Zks4PJxokIvh09R9lOA_d91_z3.jpg",0,satellite_real,satellite,root,real,seen,1.0,0,base
"/ai_paas_jf/pangqs/AIGC/safepp_pytorch/data/test/satellite/real/41.89372464,-87.65139829_2019-08_JhnKKcpA4q1qkOhwZNwW5w_d185_z3.jpg",0,satellite_real,satellite,root,real,seen,1.0,0,base
"/ai_paas_jf/pangqs/AIGC/safepp_pytorch/data/test/satellite/real/41.89382653,-87.66539826_2018-05_SExmAyS6oGnRd3eG7f_WhA_d89_z3.jpg",0,satellite_real,satellite,root,real,seen,1.0,0,base
"/ai_paas_jf/pangqs/AIGC/safepp_pytorch/data/test/satellite/real/41.89409156,-87.62810153_2019-08_8Wq2ZWpuP52kGhjUrZ9tcQ_d91_z3.jpg",0,satellite_real,satellite,root,real,seen,1.0,0,base
"/ai_paas_jf/pangqs/AIGC/safepp_pytorch/data/test/satellite/real/41.89480068,-87.63352546_2019-08_NtpOouVGN6lEn6VuwIXSgw_d270_z3.jpg",0,satellite_real,satellite,root,real,seen,1.0,0,base
/ai_paas_jf/pangqs/AIGC/safepp_pytorch/data/test/satellite/real/46pMEt-67Wiq-nJpvdVNhg_satView_polish.jpg,0,satellite_real,satellite,root,real,seen,1.0,0,base
/ai_paas_jf/pangqs/AIGC/safepp_pytorch/data/test/satellite/real/4CkuC2QV65hz4_NFi5lZZw_satView_polish.jpg,0,satellite_real,satellite,root,real,seen,1.0,0,base
/ai_paas_jf/pangqs/AIGC/safepp_pytorch/data/test/satellite/real/5KrP1VSKhv1fpV2pXLkkyQ_satView_polish.jpg,0,satellite_real,satellite,root,real,seen,1.0,0,base
/ai_paas_jf/pangqs/AIGC/safepp_pytorch/data/test/satellite/real/5vGM4VyEin7OfeSzYU_eBg_satView_polish.jpg,0,satellite_real,satellite,root,real,seen,1.0,0,base
/ai_paas_jf/pangqs/AIGC/safepp_pytorch/data/test/satellite/real/6y21pSmtJUVAnF4n36OVZg_satView_polish.jpg,0,satellite_real,satellite,root,real,seen,1.0,0,base
/ai_paas_jf/pangqs/AIGC/safepp_pytorch/data/test/satellite/real/70FeyEMCK--PSEKN86H7Gg_satView_polish.jpg,0,satellite_real,satellite,root,real,seen,1.0,0,base
/ai_paas_jf/pangqs/AIGC/safepp_pytorch/data/test/satellite/real/7T-jdCoYqqhNSFeGYdtkag_satView_polish.jpg,0,satellite_real,satellite,root,real,seen,1.0,0,base
/ai_paas_jf/pangqs/AIGC/safepp_pytorch/data/test/satellite/real/7yX5TXqd2k9dji3X-P92Cw_satView_polish.jpg,0,satellite_real,satellite,root,real,seen,1.0,0,base
/ai_paas_jf/pangqs/AIGC/safepp_pytorch/data/test/satellite/real/7zzBva8DzFYWJePszcoO9g_satView_polish.jpg,0,satellite_real,satellite,root,real,seen,1.0,0,base
/ai_paas_jf/pangqs/AIGC/safepp_pytorch/data/test/satellite/real/8Bmhd3UpY6BycvOlK2mCtw_satView_polish.jpg,0,satellite_real,satellite,root,real,seen,1.0,0,base
/ai_paas_jf/pangqs/AIGC/safepp_pytorch/data/test/satellite/real/8H_-AWU1woG0Z5GoovIh9A_satView_polish.jpg,0,satellite_real,satellite,root,real,seen,1.0,0,base
/ai_paas_jf/pangqs/AIGC/safepp_pytorch/data/test/satellite/real/8siXUExLtCpiR4H0-tnfQw_satView_polish.jpg,0,satellite_real,satellite,root,real,seen,1.0,0,base
/ai_paas_jf/pangqs/AIGC/safepp_pytorch/data/test/satellite/real/9IhAbaC-fVEQQqg7A8hM4A_satView_polish.jpg,0,satellite_real,satellite,root,real,seen,1.0,0,base
/ai_paas_jf/pangqs/AIGC/safepp_pytorch/data/test/satellite/real/9JdnxdUa86UKtjgDM04cAg_satView_polish.jpg,0,satellite_real,satellite,root,real,seen,1.0,0,base
/ai_paas_jf/pangqs/AIGC/safepp_pytorch/data/test/satellite/real/9LSWjj5CvovZ4vlqIiRuHw_satView_polish.jpg,0,satellite_real,satellite,root,real,seen,1.0,0,base
/ai_paas_jf/pangqs/AIGC/safepp_pytorch/data/test/satellite/real/9OAwwtlCscfFZTz6hK51hg_satView_polish.jpg,0,satellite_real,satellite,root,real,seen,1.0,0,base
/ai_paas_jf/pangqs/AIGC/safepp_pytorch/data/test/satellite/real/9z6xEpuNnUKMqzohkvxBPw_satView_polish.jpg,0,satellite_real,satellite,root,real,seen,1.0,0,base
/ai_paas_jf/pangqs/AIGC/safepp_pytorch/data/test/satellite/real/A8A9eow0m5F_tjrSJFcIsw_satView_polish.jpg,0,satellite_real,satellite,root,real,seen,1.0,0,base
/ai_paas_jf/pangqs/AIGC/safepp_pytorch/data/test/satellite/real/A8DofJaIwHeZhen9FaJ8mw_satView_polish.jpg,0,satellite_real,satellite,root,real,seen,1.0,0,base
/ai_paas_jf/pangqs/AIGC/safepp_pytorch/data/test/satellite/real/A_E7Z7wQgAVNmgv-3jytug_satView_polish.jpg,0,satellite_real,satellite,root,real,seen,1.0,0,base
/ai_paas_jf/pangqs/AIGC/safepp_pytorch/data/test/satellite/real/AlLQ0jL-2CCbo-_fTh_UpA_satView_polish.jpg,0,satellite_real,satellite,root,real,seen,1.0,0,base
/ai_paas_jf/pangqs/AIGC/safepp_pytorch/data/test/satellite/real/BpCBJtoH2lIx3Turl3rfVg_satView_polish.jpg,0,satellite_real,satellite,root,real,seen,1.0,0,base
/ai_paas_jf/pangqs/AIGC/safepp_pytorch/data/test/satellite/real/BzpBJoFCh1pJKVq67exSBA_satView_polish.jpg,0,satellite_real,satellite,root,real,seen,1.0,0,base
/ai_paas_jf/pangqs/AIGC/safepp_pytorch/data/test/satellite/real/CDdY0B-JsJS5Jb-HmXTLgA_satView_polish.jpg,0,satellite_real,satellite,root,real,seen,1.0,0,base
/ai_paas_jf/pangqs/AIGC/safepp_pytorch/data/test/satellite/real/CK8qpFKamKMNt6yUzRXzqw_satView_polish.jpg,0,satellite_real,satellite,root,real,seen,1.0,0,base
/ai_paas_jf/pangqs/AIGC/safepp_pytorch/data/test/satellite/real/E8P5EBeFuzmPPmBTqlXbEw_satView_polish.jpg,0,satellite_real,satellite,root,real,seen,1.0,0,base
/ai_paas_jf/pangqs/AIGC/safepp_pytorch/data/test/satellite/real/ENl3yAi3TsCa67UGcBPO4Q_satView_polish.jpg,0,satellite_real,satellite,root,real,seen,1.0,0,base
/ai_paas_jf/pangqs/AIGC/safepp_pytorch/data/test/satellite/real/Ee_6Qayvnx7cl2ECLxVi1Q_satView_polish.jpg,0,satellite_real,satellite,root,real,seen,1.0,0,base
/ai_paas_jf/pangqs/AIGC/safepp_pytorch/data/test/satellite/real/Emylqz0bbl2uSmds372SFQ_satView_polish.jpg,0,satellite_real,satellite,root,real,seen,1.0,0,base
/ai_paas_jf/pangqs/AIGC/safepp_pytorch/data/test/satellite/real/EvR3oK5tL6gagohVy2RKPg_satView_polish.jpg,0,satellite_real,satellite,root,real,seen,1.0,0,base
/ai_paas_jf/pangqs/AIGC/safepp_pytorch/data/test/satellite/real/F9YosO5DFwjB7lph1w0nxw_satView_polish.jpg,0,satellite_real,satellite,root,real,seen,1.0,0,base
/ai_paas_jf/pangqs/AIGC/safepp_pytorch/data/test/satellite/real/FBV8DaTsuVP62nfVWTPvVg_satView_polish.jpg,0,satellite_real,satellite,root,real,seen,1.0,0,base
/ai_paas_jf/pangqs/AIGC/safepp_pytorch/data/test/satellite/real/FGugOU2hvPhRKPwSh2qMhA_satView_polish.jpg,0,satellite_real,satellite,root,real,seen,1.0,0,base
/ai_paas_jf/pangqs/AIGC/safepp_pytorch/data/test/satellite/real/FVrvCtDwz2ZvBJFkEFRb0Q_satView_polish.jpg,0,satellite_real,satellite,root,real,seen,1.0,0,base
/ai_paas_jf/pangqs/AIGC/safepp_pytorch/data/test/satellite/real/G0_2N9fKfZYFT0F3uHz-yA_satView_polish.jpg,0,satellite_real,satellite,root,real,seen,1.0,0,base
/ai_paas_jf/pangqs/AIGC/safepp_pytorch/data/test/satellite/real/G2LUaWqLpdtKIMbekdz3pQ_satView_polish.jpg,0,satellite_real,satellite,root,real,seen,1.0,0,base
/ai_paas_jf/pangqs/AIGC/safepp_pytorch/data/test/satellite/real/G792OyXDhM6ALKJ3gfaJGQ_satView_polish.jpg,0,satellite_real,satellite,root,real,seen,1.0,0,base
/ai_paas_jf/pangqs/AIGC/safepp_pytorch/data/test/satellite/real/HHYL6sYjjJFjPz4Bl3Jj5Q_satView_polish.jpg,0,satellite_real,satellite,root,real,seen,1.0,0,base
/ai_paas_jf/pangqs/AIGC/safepp_pytorch/data/test/satellite/real/HRUfExxkgTeaxhxtRguRgg_satView_polish.jpg,0,satellite_real,satellite,root,real,seen,1.0,0,base
/ai_paas_jf/pangqs/AIGC/safepp_pytorch/data/test/satellite/real/I5lFbh3HDMBgFc-Qd3WKjQ_satView_polish.jpg,0,satellite_real,satellite,root,real,seen,1.0,0,base
/ai_paas_jf/pangqs/AIGC/safepp_pytorch/data/test/satellite/real/I7ojSRwzX8wFmrmd8DI9Wg_satView_polish.jpg,0,satellite_real,satellite,root,real,seen,1.0,0,base
/ai_paas_jf/pangqs/AIGC/safepp_pytorch/data/test/satellite/real/JmBSCGv4nb_lsNR8temh0A_satView_polish.jpg,0,satellite_real,satellite,root,real,seen,1.0,0,base
/ai_paas_jf/pangqs/AIGC/safepp_pytorch/data/test/satellite/real/K43N2cr5OQqN6CRCsa17Dg_satView_polish.jpg,0,satellite_real,satellite,root,real,seen,1.0,0,base
/ai_paas_jf/pangqs/AIGC/safepp_pytorch/data/test/satellite/real/K6N_6kVM6sssTmi4fJU2hw_satView_polish.jpg,0,satellite_real,satellite,root,real,seen,1.0,0,base
/ai_paas_jf/pangqs/AIGC/safepp_pytorch/data/test/satellite/real/L0wWgdLlwwQtpGBngFIVqw_satView_polish.jpg,0,satellite_real,satellite,root,real,seen,1.0,0,base
/ai_paas_jf/pangqs/AIGC/safepp_pytorch/data/test/satellite/real/LEm-DsbxAW4teR_T-GPhUw_satView_polish.jpg,0,satellite_real,satellite,root,real,seen,1.0,0,base
/ai_paas_jf/pangqs/AIGC/safepp_pytorch/data/test/satellite/real/LXUAEIiMnHiqoxYbgZYJmg_satView_polish.jpg,0,satellite_real,satellite,root,real,seen,1.0,0,base
/ai_paas_jf/pangqs/AIGC/safepp_pytorch/data/test/satellite/real/L_ongtQupWdM5pgBstUHXg_satView_polish.jpg,0,satellite_real,satellite,root,real,seen,1.0,0,base
/ai_paas_jf/pangqs/AIGC/safepp_pytorch/data/test/satellite/real/MimEGGQrr5koBEzI1alDkw_satView_polish.jpg,0,satellite_real,satellite,root,real,seen,1.0,0,base
/ai_paas_jf/pangqs/AIGC/safepp_pytorch/data/test/satellite/real/NDKcHJbF2k8-UTExCoFzkQ_satView_polish.jpg,0,satellite_real,satellite,root,real,seen,1.0,0,base
/ai_paas_jf/pangqs/AIGC/safepp_pytorch/data/test/satellite/real/NnQDWW_Jkjxf2PPmIaZT0A_satView_polish.jpg,0,satellite_real,satellite,root,real,seen,1.0,0,base
/ai_paas_jf/pangqs/AIGC/safepp_pytorch/data/test/satellite/real/No1UesWhenM7zO6TISwhkQ_satView_polish.jpg,0,satellite_real,satellite,root,real,seen,1.0,0,base
/ai_paas_jf/pangqs/AIGC/safepp_pytorch/data/test/satellite/real/OqGQhrwozz9OUDo8kblSnA_satView_polish.jpg,0,satellite_real,satellite,root,real,seen,1.0,0,base
/ai_paas_jf/pangqs/AIGC/safepp_pytorch/data/test/satellite/real/OwN8iMnhRNpIAfEgsGPizw_satView_polish.jpg,0,satellite_real,satellite,root,real,seen,1.0,0,base
/ai_paas_jf/pangqs/AIGC/safepp_pytorch/data/test/satellite/real/P6T-ciox3-Lv6IXSj0HddQ_satView_polish.jpg,0,satellite_real,satellite,root,real,seen,1.0,0,base
/ai_paas_jf/pangqs/AIGC/safepp_pytorch/data/test/satellite/real/P7Tk6QYWbVXRQwSiL0XOlw_satView_polish.jpg,0,satellite_real,satellite,root,real,seen,1.0,0,base
/ai_paas_jf/pangqs/AIGC/safepp_pytorch/data/test/satellite/real/PJyZiHKW_EsQP02PAqNDRw_satView_polish.jpg,0,satellite_real,satellite,root,real,seen,1.0,0,base
/ai_paas_jf/pangqs/AIGC/safepp_pytorch/data/test/satellite/real/PPEsewDMf6pIcVEAhnvvfw_satView_polish.jpg,0,satellite_real,satellite,root,real,seen,1.0,0,base
/ai_paas_jf/pangqs/AIGC/safepp_pytorch/data/test/satellite/real/PmdYWNP0cOmpXhD9YJaoVA_satView_polish.jpg,0,satellite_real,satellite,root,real,seen,1.0,0,base
/ai_paas_jf/pangqs/AIGC/safepp_pytorch/data/test/satellite/real/PtXGwdAhBjqX8n1kWhwR6g_satView_polish.jpg,0,satellite_real,satellite,root,real,seen,1.0,0,base
/ai_paas_jf/pangqs/AIGC/safepp_pytorch/data/test/satellite/real/Q-586FK6wsveFpdQQ3wsHQ_satView_polish.jpg,0,satellite_real,satellite,root,real,seen,1.0,0,base
/ai_paas_jf/pangqs/AIGC/safepp_pytorch/data/test/satellite/real/Q3U9eBnlzVVtjLWe8Ufgqg_satView_polish.jpg,0,satellite_real,satellite,root,real,seen,1.0,0,base
/ai_paas_jf/pangqs/AIGC/safepp_pytorch/data/test/satellite/real/Qu4kg9IDM_x6EN_JKtTIew_satView_polish.jpg,0,satellite_real,satellite,root,real,seen,1.0,0,base
/ai_paas_jf/pangqs/AIGC/safepp_pytorch/data/test/satellite/real/SU_O9nwYyylXXElLfGm8Rg_satView_polish.jpg,0,satellite_real,satellite,root,real,seen,1.0,0,base
/ai_paas_jf/pangqs/AIGC/safepp_pytorch/data/test/satellite/real/Sdnvntb2QDSZmP_TVpLrOQ_satView_polish.jpg,0,satellite_real,satellite,root,real,seen,1.0,0,base
/ai_paas_jf/pangqs/AIGC/safepp_pytorch/data/test/satellite/real/TkQsYyyZghMpA8NntE_ZOA_satView_polish.jpg,0,satellite_real,satellite,root,real,seen,1.0,0,base
/ai_paas_jf/pangqs/AIGC/safepp_pytorch/data/test/satellite/real/UkQzIA6qYHQJiOwqsnD0Tg_satView_polish.jpg,0,satellite_real,satellite,root,real,seen,1.0,0,base
/ai_paas_jf/pangqs/AIGC/safepp_pytorch/data/test/satellite/real/Uqu9oahxMEvGCNtW7OOKMw_satView_polish.jpg,0,satellite_real,satellite,root,real,seen,1.0,0,base
/ai_paas_jf/pangqs/AIGC/safepp_pytorch/data/test/satellite/real/VDHE4DE9yIBsBa6veA4FEg_satView_polish.jpg,0,satellite_real,satellite,root,real,seen,1.0,0,base
/ai_paas_jf/pangqs/AIGC/safepp_pytorch/data/test/satellite/real/Vb9vjTaHCt5yMgX9hs0vOQ_satView_polish.jpg,0,satellite_real,satellite,root,real,seen,1.0,0,base
/ai_paas_jf/pangqs/AIGC/safepp_pytorch/data/test/satellite/real/VmwUvMzsry_YclbohECnoQ_satView_polish.jpg,0,satellite_real,satellite,root,real,seen,1.0,0,base
/ai_paas_jf/pangqs/AIGC/safepp_pytorch/data/test/satellite/real/VpUOT7LRExobP7Uq-ibJtw_satView_polish.jpg,0,satellite_real,satellite,root,real,seen,1.0,0,base
/ai_paas_jf/pangqs/AIGC/safepp_pytorch/data/test/satellite/real/XP9Fe6_NLuGfI8vycxB3mw_satView_polish.jpg,0,satellite_real,satellite,root,real,seen,1.0,0,base
/ai_paas_jf/pangqs/AIGC/safepp_pytorch/data/test/satellite/real/XQ7o_RWw_qxbp1OyUYUGZw_satView_polish.jpg,0,satellite_real,satellite,root,real,seen,1.0,0,base
/ai_paas_jf/pangqs/AIGC/safepp_pytorch/data/test/satellite/real/XfwOn1DhsOPzGvcOqVTCvg_satView_polish.jpg,0,satellite_real,satellite,root,real,seen,1.0,0,base
/ai_paas_jf/pangqs/AIGC/safepp_pytorch/data/test/satellite/real/ZP2PbwTruerrFYC98VLvkw_satView_polish.jpg,0,satellite_real,satellite,root,real,seen,1.0,0,base
/ai_paas_jf/pangqs/AIGC/safepp_pytorch/data/test/satellite/real/ZPD5D1d0m5TmRQxbvv7p4Q_satView_polish.jpg,0,satellite_real,satellite,root,real,seen,1.0,0,base
/ai_paas_jf/pangqs/AIGC/safepp_pytorch/data/test/satellite/real/Z_X3O1MQpfMZFogrZ5-SMw_satView_polish.jpg,0,satellite_real,satellite,root,real,seen,1.0,0,base
/ai_paas_jf/pangqs/AIGC/safepp_pytorch/data/test/satellite/real/_-tt-93xTYQ1gkOTWK51hg_satView_polish.jpg,0,satellite_real,satellite,root,real,seen,1.0,0,base
/ai_paas_jf/pangqs/AIGC/safepp_pytorch/data/test/satellite/real/_awoVzrpI6moxkAcrCzbhw_satView_polish.jpg,0,satellite_real,satellite,root,real,seen,1.0,0,base
/ai_paas_jf/pangqs/AIGC/safepp_pytorch/data/test/satellite/real/_k6Z_TCLr6C6BEBjE8DtcQ_satView_polish.jpg,0,satellite_real,satellite,root,real,seen,1.0,0,base
/ai_paas_jf/pangqs/AIGC/safepp_pytorch/data/test/satellite/real/ajhSIKa5xU8uiWzterFm6A_satView_polish.jpg,0,satellite_real,satellite,root,real,seen,1.0,0,base
/ai_paas_jf/pangqs/AIGC/safepp_pytorch/data/test/satellite/real/au7FcbLYMoVvP6_IgQB9tw_satView_polish.jpg,0,satellite_real,satellite,root,real,seen,1.0,0,base
/ai_paas_jf/pangqs/AIGC/safepp_pytorch/data/test/satellite/real/bfMKaFAkUypb0CZqAxMhhQ_satView_polish.jpg,0,satellite_real,satellite,root,real,seen,1.0,0,base
/ai_paas_jf/pangqs/AIGC/safepp_pytorch/data/test/satellite/real/c0mU3lXC8HQqjcyeHbtooA_satView_polish.jpg,0,satellite_real,satellite,root,real,seen,1.0,0,base
/ai_paas_jf/pangqs/AIGC/safepp_pytorch/data/test/satellite/real/c2WcoOIWVbm_5FCXJ7TLwQ_satView_polish.jpg,0,satellite_real,satellite,root,real,seen,1.0,0,base
/ai_paas_jf/pangqs/AIGC/safepp_pytorch/data/test/satellite/real/dCklbXK6gmTJrHL6-Fthvg_satView_polish.jpg,0,satellite_real,satellite,root,real,seen,1.0,0,base
/ai_paas_jf/pangqs/AIGC/safepp_pytorch/data/test/satellite/real/dDD9nyIn4O11FtKhuR1CvA_satView_polish.jpg,0,satellite_real,satellite,root,real,seen,1.0,0,base
/ai_paas_jf/pangqs/AIGC/safepp_pytorch/data/test/satellite/real/eUVitrkpEkc3BwqKYrBGfA_satView_polish.jpg,0,satellite_real,satellite,root,real,seen,1.0,0,base
/ai_paas_jf/pangqs/AIGC/safepp_pytorch/data/test/satellite/real/exYlbbPRa-JWu6FmXmvivQ_satView_polish.jpg,0,satellite_real,satellite,root,real,seen,1.0,0,base
/ai_paas_jf/pangqs/AIGC/safepp_pytorch/data/test/satellite/real/fzKTZZhY00pM3NIhNGwmmA_satView_polish.jpg,0,satellite_real,satellite,root,real,seen,1.0,0,base
/ai_paas_jf/pangqs/AIGC/safepp_pytorch/data/test/satellite/real/gZmIY92koVkxcLYbWnLyvA_satView_polish.jpg,0,satellite_real,satellite,root,real,seen,1.0,0,base
/ai_paas_jf/pangqs/AIGC/safepp_pytorch/data/test/satellite/real/gfDdQYIECtn0UADt3E5D4w_satView_polish.jpg,0,satellite_real,satellite,root,real,seen,1.0,0,base
/ai_paas_jf/pangqs/AIGC/safepp_pytorch/data/test/satellite/real/h7lGesCXulnig2ssfK9nMQ_satView_polish.jpg,0,satellite_real,satellite,root,real,seen,1.0,0,base
/ai_paas_jf/pangqs/AIGC/safepp_pytorch/data/test/satellite/real/hX4Cfblc4S2nXYp2wHgU1w_satView_polish.jpg,0,satellite_real,satellite,root,real,seen,1.0,0,base
/ai_paas_jf/pangqs/AIGC/safepp_pytorch/data/test/satellite/real/hcPy0BbOpaq0wT18_EGWzw_satView_polish.jpg,0,satellite_real,satellite,root,real,seen,1.0,0,base
/ai_paas_jf/pangqs/AIGC/safepp_pytorch/data/test/satellite/real/hobuxF4Tjd3SY-tcJJ349A_satView_polish.jpg,0,satellite_real,satellite,root,real,seen,1.0,0,base
/ai_paas_jf/pangqs/AIGC/safepp_pytorch/data/test/satellite/real/hrpnKjHtbu116jbiun5_QQ_satView_polish.jpg,0,satellite_real,satellite,root,real,seen,1.0,0,base
/ai_paas_jf/pangqs/AIGC/safepp_pytorch/data/test/satellite/real/iCvU-5DkJu_8hekpbn5Dvw_satView_polish.jpg,0,satellite_real,satellite,root,real,seen,1.0,0,base
/ai_paas_jf/pangqs/AIGC/safepp_pytorch/data/test/satellite/real/iR3b1s9Yt7vTc23zB4vk1Q_satView_polish.jpg,0,satellite_real,satellite,root,real,seen,1.0,0,base
/ai_paas_jf/pangqs/AIGC/safepp_pytorch/data/test/satellite/real/ij-xxy9IRBaEjYSHXQWcyQ_satView_polish.jpg,0,satellite_real,satellite,root,real,seen,1.0,0,base
/ai_paas_jf/pangqs/AIGC/safepp_pytorch/data/test/satellite/real/iylItOyq-kKJRhARSI55xA_satView_polish.jpg,0,satellite_real,satellite,root,real,seen,1.0,0,base
/ai_paas_jf/pangqs/AIGC/safepp_pytorch/data/test/satellite/real/jPn9QYtTUvMvyNX-28mCdw_satView_polish.jpg,0,satellite_real,satellite,root,real,seen,1.0,0,base
/ai_paas_jf/pangqs/AIGC/safepp_pytorch/data/test/satellite/real/jbSDGRvTHSUhwXEY78m_nA_satView_polish.jpg,0,satellite_real,satellite,root,real,seen,1.0,0,base
/ai_paas_jf/pangqs/AIGC/safepp_pytorch/data/test/satellite/real/k5ctwR5-3abWv1A2VdxI1g_satView_polish.jpg,0,satellite_real,satellite,root,real,seen,1.0,0,base
/ai_paas_jf/pangqs/AIGC/safepp_pytorch/data/test/satellite/real/k8OGv6wvOWMOyLGdcX1sQw_satView_polish.jpg,0,satellite_real,satellite,root,real,seen,1.0,0,base
/ai_paas_jf/pangqs/AIGC/safepp_pytorch/data/test/satellite/real/k8xUjk7k_aOp9z4waE1mww_satView_polish.jpg,0,satellite_real,satellite,root,real,seen,1.0,0,base
/ai_paas_jf/pangqs/AIGC/safepp_pytorch/data/test/satellite/real/kBRbjQ6My8Mzyn-ykhqN-A_satView_polish.jpg,0,satellite_real,satellite,root,real,seen,1.0,0,base
/ai_paas_jf/pangqs/AIGC/safepp_pytorch/data/test/satellite/real/knklJy9U2cISeVDPv-qNvA_satView_polish.jpg,0,satellite_real,satellite,root,real,seen,1.0,0,base
/ai_paas_jf/pangqs/AIGC/safepp_pytorch/data/test/satellite/real/l0JnAM_Xo72PiQy1tK2yTA_satView_polish.jpg,0,satellite_real,satellite,root,real,seen,1.0,0,base
/ai_paas_jf/pangqs/AIGC/safepp_pytorch/data/test/satellite/real/l7lW79HUQhdBrDe99rpshQ_satView_polish.jpg,0,satellite_real,satellite,root,real,seen,1.0,0,base
/ai_paas_jf/pangqs/AIGC/safepp_pytorch/data/test/satellite/real/lE7p9ClCCwia6-BkFZyHsg_satView_polish.jpg,0,satellite_real,satellite,root,real,seen,1.0,0,base
/ai_paas_jf/pangqs/AIGC/safepp_pytorch/data/test/satellite/real/lKatfPWiwht_xQWhBTX5-w_satView_polish.jpg,0,satellite_real,satellite,root,real,seen,1.0,0,base
/ai_paas_jf/pangqs/AIGC/safepp_pytorch/data/test/satellite/real/mNZKv4UTHEmD3I8qUwOJJA_satView_polish.jpg,0,satellite_real,satellite,root,real,seen,1.0,0,base
/ai_paas_jf/pangqs/AIGC/safepp_pytorch/data/test/satellite/real/n0yWexgoPJOmoAitigoSSQ_satView_polish.jpg,0,satellite_real,satellite,root,real,seen,1.0,0,base
/ai_paas_jf/pangqs/AIGC/safepp_pytorch/data/test/satellite/real/n4R2O8lTnH8pphAQyiTDPA_satView_polish.jpg,0,satellite_real,satellite,root,real,seen,1.0,0,base
/ai_paas_jf/pangqs/AIGC/safepp_pytorch/data/test/satellite/real/nTScVH7yd8ZSfWepyXEduw_satView_polish.jpg,0,satellite_real,satellite,root,real,seen,1.0,0,base
/ai_paas_jf/pangqs/AIGC/safepp_pytorch/data/test/satellite/real/ne0n0IMg11kkIuqeuaJiAA_satView_polish.jpg,0,satellite_real,satellite,root,real,seen,1.0,0,base
/ai_paas_jf/pangqs/AIGC/safepp_pytorch/data/test/satellite/real/oplfxn3kOrfeYESp_qzAcg_satView_polish.jpg,0,satellite_real,satellite,root,real,seen,1.0,0,base
/ai_paas_jf/pangqs/AIGC/safepp_pytorch/data/test/satellite/real/p5xJSpGRJCyhO3t_5I3VNg_satView_polish.jpg,0,satellite_real,satellite,root,real,seen,1.0,0,base
/ai_paas_jf/pangqs/AIGC/safepp_pytorch/data/test/satellite/real/pUsu2AjnD28NbVw2cZXBSA_satView_polish.jpg,0,satellite_real,satellite,root,real,seen,1.0,0,base
/ai_paas_jf/pangqs/AIGC/safepp_pytorch/data/test/satellite/real/qJGCbvxecpf9Hagk8xhznQ_satView_polish.jpg,0,satellite_real,satellite,root,real,seen,1.0,0,base
/ai_paas_jf/pangqs/AIGC/safepp_pytorch/data/test/satellite/real/qee5tmPCv7mmaYhNWghekg_satView_polish.jpg,0,satellite_real,satellite,root,real,seen,1.0,0,base
/ai_paas_jf/pangqs/AIGC/safepp_pytorch/data/test/satellite/real/r8bzvmHLjV4ZRIHKQE2GkQ_satView_polish.jpg,0,satellite_real,satellite,root,real,seen,1.0,0,base
/ai_paas_jf/pangqs/AIGC/safepp_pytorch/data/test/satellite/real/rL8kicqZ5GA0A5sTnIGLKg_satView_polish.jpg,0,satellite_real,satellite,root,real,seen,1.0,0,base
/ai_paas_jf/pangqs/AIGC/safepp_pytorch/data/test/satellite/real/rPG-z8KMev-C7fYbR7gL4Q_satView_polish.jpg,0,satellite_real,satellite,root,real,seen,1.0,0,base
/ai_paas_jf/pangqs/AIGC/safepp_pytorch/data/test/satellite/real/rQHhA-wd5HZ5q7rFcGZLow_satView_polish.jpg,0,satellite_real,satellite,root,real,seen,1.0,0,base
/ai_paas_jf/pangqs/AIGC/safepp_pytorch/data/test/satellite/real/rzGKzTseKw88BOmxzPKaAw_satView_polish.jpg,0,satellite_real,satellite,root,real,seen,1.0,0,base
/ai_paas_jf/pangqs/AIGC/safepp_pytorch/data/test/satellite/real/s3MVzs8-XBGCnt2PAZ2eHQ_satView_polish.jpg,0,satellite_real,satellite,root,real,seen,1.0,0,base
/ai_paas_jf/pangqs/AIGC/safepp_pytorch/data/test/satellite/real/sNg1JKDeoRY5Mv7S84ffMA_satView_polish.jpg,0,satellite_real,satellite,root,real,seen,1.0,0,base
/ai_paas_jf/pangqs/AIGC/safepp_pytorch/data/test/satellite/real/tcw1zna9fcTpa66MYZYmKQ_satView_polish.jpg,0,satellite_real,satellite,root,real,seen,1.0,0,base
/ai_paas_jf/pangqs/AIGC/safepp_pytorch/data/test/satellite/real/tebWcQoethVNkUDZs9tUHg_satView_polish.jpg,0,satellite_real,satellite,root,real,seen,1.0,0,base
/ai_paas_jf/pangqs/AIGC/safepp_pytorch/data/test/satellite/real/u7vxoREAYT3o2Mse_sCy4A_satView_polish.jpg,0,satellite_real,satellite,root,real,seen,1.0,0,base
/ai_paas_jf/pangqs/AIGC/safepp_pytorch/data/test/satellite/real/v6DWzleyzoFxfySmNJ7dIw_satView_polish.jpg,0,satellite_real,satellite,root,real,seen,1.0,0,base
/ai_paas_jf/pangqs/AIGC/safepp_pytorch/data/test/satellite/real/vgZSmjCKZwPjDP0bPoALsg_satView_polish.jpg,0,satellite_real,satellite,root,real,seen,1.0,0,base
/ai_paas_jf/pangqs/AIGC/safepp_pytorch/data/test/satellite/real/vtmpWBh72tBFw5fRB7IR4g_satView_polish.jpg,0,satellite_real,satellite,root,real,seen,1.0,0,base
/ai_paas_jf/pangqs/AIGC/safepp_pytorch/data/test/satellite/real/wyTHAi230FZxqzmvaoX3sw_satView_polish.jpg,0,satellite_real,satellite,root,real,seen,1.0,0,base
/ai_paas_jf/pangqs/AIGC/safepp_pytorch/data/test/satellite/fake/-qAKDRZKaYF0ZhtMKrJCkA.jpg,1,satellite_fake,satellite,root,unknown_fake,seen,1.0,0,base
/ai_paas_jf/pangqs/AIGC/safepp_pytorch/data/test/satellite/fake/-uZZ15P0OhLknk-mxXmRNw_grdView_fake_B.png,1,satellite_fake,satellite,root,unknown_fake,seen,1.0,0,base
/ai_paas_jf/pangqs/AIGC/safepp_pytorch/data/test/satellite/fake/0000035_fake_B.png,1,satellite_fake,satellite,root,unknown_fake,seen,1.0,0,base
/ai_paas_jf/pangqs/AIGC/safepp_pytorch/data/test/satellite/fake/0000554_fake_B.png,1,satellite_fake,satellite,root,unknown_fake,seen,1.0,0,base
/ai_paas_jf/pangqs/AIGC/safepp_pytorch/data/test/satellite/fake/0000607.jpg,1,satellite_fake,satellite,root,unknown_fake,seen,1.0,0,base
/ai_paas_jf/pangqs/AIGC/safepp_pytorch/data/test/satellite/fake/0000972.jpg,1,satellite_fake,satellite,root,unknown_fake,seen,1.0,0,base
/ai_paas_jf/pangqs/AIGC/safepp_pytorch/data/test/satellite/fake/0001385_fake_B.png,1,satellite_fake,satellite,root,unknown_fake,seen,1.0,0,base
/ai_paas_jf/pangqs/AIGC/safepp_pytorch/data/test/satellite/fake/0001689_fake_B.png,1,satellite_fake,satellite,root,unknown_fake,seen,1.0,0,base
/ai_paas_jf/pangqs/AIGC/safepp_pytorch/data/test/satellite/fake/0002598.jpg,1,satellite_fake,satellite,root,unknown_fake,seen,1.0,0,base
/ai_paas_jf/pangqs/AIGC/safepp_pytorch/data/test/satellite/fake/0002768_fake_B.png,1,satellite_fake,satellite,root,unknown_fake,seen,1.0,0,base
/ai_paas_jf/pangqs/AIGC/safepp_pytorch/data/test/satellite/fake/0004191.jpg,1,satellite_fake,satellite,root,unknown_fake,seen,1.0,0,base
/ai_paas_jf/pangqs/AIGC/safepp_pytorch/data/test/satellite/fake/0004285_fake_B.png,1,satellite_fake,satellite,root,unknown_fake,seen,1.0,0,base
/ai_paas_jf/pangqs/AIGC/safepp_pytorch/data/test/satellite/fake/0004384_fake_B.png,1,satellite_fake,satellite,root,unknown_fake,seen,1.0,0,base
/ai_paas_jf/pangqs/AIGC/safepp_pytorch/data/test/satellite/fake/0004417_fake_B.png,1,satellite_fake,satellite,root,unknown_fake,seen,1.0,0,base
/ai_paas_jf/pangqs/AIGC/safepp_pytorch/data/test/satellite/fake/0004538.jpg,1,satellite_fake,satellite,root,unknown_fake,seen,1.0,0,base
/ai_paas_jf/pangqs/AIGC/safepp_pytorch/data/test/satellite/fake/0004689_fake_B.png,1,satellite_fake,satellite,root,unknown_fake,seen,1.0,0,base
/ai_paas_jf/pangqs/AIGC/safepp_pytorch/data/test/satellite/fake/0004822_fake_B.png,1,satellite_fake,satellite,root,unknown_fake,seen,1.0,0,base
/ai_paas_jf/pangqs/AIGC/safepp_pytorch/data/test/satellite/fake/0004846.jpg,1,satellite_fake,satellite,root,unknown_fake,seen,1.0,0,base
/ai_paas_jf/pangqs/AIGC/safepp_pytorch/data/test/satellite/fake/0004946.jpg,1,satellite_fake,satellite,root,unknown_fake,seen,1.0,0,base
/ai_paas_jf/pangqs/AIGC/safepp_pytorch/data/test/satellite/fake/0005454_fake_B.png,1,satellite_fake,satellite,root,unknown_fake,seen,1.0,0,base
/ai_paas_jf/pangqs/AIGC/safepp_pytorch/data/test/satellite/fake/0005463_fake_B.png,1,satellite_fake,satellite,root,unknown_fake,seen,1.0,0,base
/ai_paas_jf/pangqs/AIGC/safepp_pytorch/data/test/satellite/fake/0005660_fake_B.png,1,satellite_fake,satellite,root,unknown_fake,seen,1.0,0,base
/ai_paas_jf/pangqs/AIGC/safepp_pytorch/data/test/satellite/fake/0005744.jpg,1,satellite_fake,satellite,root,unknown_fake,seen,1.0,0,base
/ai_paas_jf/pangqs/AIGC/safepp_pytorch/data/test/satellite/fake/0005852_fake_B.png,1,satellite_fake,satellite,root,unknown_fake,seen,1.0,0,base
/ai_paas_jf/pangqs/AIGC/safepp_pytorch/data/test/satellite/fake/0005986_fake_B.png,1,satellite_fake,satellite,root,unknown_fake,seen,1.0,0,base
/ai_paas_jf/pangqs/AIGC/safepp_pytorch/data/test/satellite/fake/0006146.jpg,1,satellite_fake,satellite,root,unknown_fake,seen,1.0,0,base
/ai_paas_jf/pangqs/AIGC/safepp_pytorch/data/test/satellite/fake/0006583_fake_B.png,1,satellite_fake,satellite,root,unknown_fake,seen,1.0,0,base
/ai_paas_jf/pangqs/AIGC/safepp_pytorch/data/test/satellite/fake/0007022_fake_B.png,1,satellite_fake,satellite,root,unknown_fake,seen,1.0,0,base
/ai_paas_jf/pangqs/AIGC/safepp_pytorch/data/test/satellite/fake/0007072_fake_B.png,1,satellite_fake,satellite,root,unknown_fake,seen,1.0,0,base
/ai_paas_jf/pangqs/AIGC/safepp_pytorch/data/test/satellite/fake/0007394.jpg,1,satellite_fake,satellite,root,unknown_fake,seen,1.0,0,base
/ai_paas_jf/pangqs/AIGC/safepp_pytorch/data/test/satellite/fake/0007536_fake_B.png,1,satellite_fake,satellite,root,unknown_fake,seen,1.0,0,base
/ai_paas_jf/pangqs/AIGC/safepp_pytorch/data/test/satellite/fake/0008047_fake_B.png,1,satellite_fake,satellite,root,unknown_fake,seen,1.0,0,base
/ai_paas_jf/pangqs/AIGC/safepp_pytorch/data/test/satellite/fake/0008274_fake_B.png,1,satellite_fake,satellite,root,unknown_fake,seen,1.0,0,base
/ai_paas_jf/pangqs/AIGC/safepp_pytorch/data/test/satellite/fake/0008578_fake_B.png,1,satellite_fake,satellite,root,unknown_fake,seen,1.0,0,base
/ai_paas_jf/pangqs/AIGC/safepp_pytorch/data/test/satellite/fake/0008663.jpg,1,satellite_fake,satellite,root,unknown_fake,seen,1.0,0,base
/ai_paas_jf/pangqs/AIGC/safepp_pytorch/data/test/satellite/fake/0008778.jpg,1,satellite_fake,satellite,root,unknown_fake,seen,1.0,0,base
/ai_paas_jf/pangqs/AIGC/safepp_pytorch/data/test/satellite/fake/0008788_fake_B.png,1,satellite_fake,satellite,root,unknown_fake,seen,1.0,0,base
/ai_paas_jf/pangqs/AIGC/safepp_pytorch/data/test/satellite/fake/0009443_fake_B.png,1,satellite_fake,satellite,root,unknown_fake,seen,1.0,0,base
/ai_paas_jf/pangqs/AIGC/safepp_pytorch/data/test/satellite/fake/0009573.jpg,1,satellite_fake,satellite,root,unknown_fake,seen,1.0,0,base
/ai_paas_jf/pangqs/AIGC/safepp_pytorch/data/test/satellite/fake/0009919_fake_B.png,1,satellite_fake,satellite,root,unknown_fake,seen,1.0,0,base
/ai_paas_jf/pangqs/AIGC/safepp_pytorch/data/test/satellite/fake/0010074_fake_B.png,1,satellite_fake,satellite,root,unknown_fake,seen,1.0,0,base
/ai_paas_jf/pangqs/AIGC/safepp_pytorch/data/test/satellite/fake/0010139_fake_B.png,1,satellite_fake,satellite,root,unknown_fake,seen,1.0,0,base
/ai_paas_jf/pangqs/AIGC/safepp_pytorch/data/test/satellite/fake/0010651_fake_B.png,1,satellite_fake,satellite,root,unknown_fake,seen,1.0,0,base
/ai_paas_jf/pangqs/AIGC/safepp_pytorch/data/test/satellite/fake/0010682.jpg,1,satellite_fake,satellite,root,unknown_fake,seen,1.0,0,base
/ai_paas_jf/pangqs/AIGC/safepp_pytorch/data/test/satellite/fake/0011179.jpg,1,satellite_fake,satellite,root,unknown_fake,seen,1.0,0,base
/ai_paas_jf/pangqs/AIGC/safepp_pytorch/data/test/satellite/fake/0011560_fake_B.png,1,satellite_fake,satellite,root,unknown_fake,seen,1.0,0,base
/ai_paas_jf/pangqs/AIGC/safepp_pytorch/data/test/satellite/fake/0011615_fake_B.png,1,satellite_fake,satellite,root,unknown_fake,seen,1.0,0,base
/ai_paas_jf/pangqs/AIGC/safepp_pytorch/data/test/satellite/fake/0011934_fake_B.png,1,satellite_fake,satellite,root,unknown_fake,seen,1.0,0,base
/ai_paas_jf/pangqs/AIGC/safepp_pytorch/data/test/satellite/fake/0012274.jpg,1,satellite_fake,satellite,root,unknown_fake,seen,1.0,0,base
/ai_paas_jf/pangqs/AIGC/safepp_pytorch/data/test/satellite/fake/0013262.jpg,1,satellite_fake,satellite,root,unknown_fake,seen,1.0,0,base
/ai_paas_jf/pangqs/AIGC/safepp_pytorch/data/test/satellite/fake/0013262_fake_B.png,1,satellite_fake,satellite,root,unknown_fake,seen,1.0,0,base
/ai_paas_jf/pangqs/AIGC/safepp_pytorch/data/test/satellite/fake/0013831_fake_B.png,1,satellite_fake,satellite,root,unknown_fake,seen,1.0,0,base
/ai_paas_jf/pangqs/AIGC/safepp_pytorch/data/test/satellite/fake/0014026.jpg,1,satellite_fake,satellite,root,unknown_fake,seen,1.0,0,base
/ai_paas_jf/pangqs/AIGC/safepp_pytorch/data/test/satellite/fake/0014043.jpg,1,satellite_fake,satellite,root,unknown_fake,seen,1.0,0,base
/ai_paas_jf/pangqs/AIGC/safepp_pytorch/data/test/satellite/fake/0014100_fake_B.png,1,satellite_fake,satellite,root,unknown_fake,seen,1.0,0,base
/ai_paas_jf/pangqs/AIGC/safepp_pytorch/data/test/satellite/fake/0014454_fake_B.png,1,satellite_fake,satellite,root,unknown_fake,seen,1.0,0,base
/ai_paas_jf/pangqs/AIGC/safepp_pytorch/data/test/satellite/fake/0014846_fake_B.png,1,satellite_fake,satellite,root,unknown_fake,seen,1.0,0,base
/ai_paas_jf/pangqs/AIGC/safepp_pytorch/data/test/satellite/fake/0014962.jpg,1,satellite_fake,satellite,root,unknown_fake,seen,1.0,0,base
/ai_paas_jf/pangqs/AIGC/safepp_pytorch/data/test/satellite/fake/0015050_fake_B.png,1,satellite_fake,satellite,root,unknown_fake,seen,1.0,0,base
/ai_paas_jf/pangqs/AIGC/safepp_pytorch/data/test/satellite/fake/0015202_fake_B.png,1,satellite_fake,satellite,root,unknown_fake,seen,1.0,0,base
/ai_paas_jf/pangqs/AIGC/safepp_pytorch/data/test/satellite/fake/0015305.jpg,1,satellite_fake,satellite,root,unknown_fake,seen,1.0,0,base
/ai_paas_jf/pangqs/AIGC/safepp_pytorch/data/test/satellite/fake/0015614.jpg,1,satellite_fake,satellite,root,unknown_fake,seen,1.0,0,base
/ai_paas_jf/pangqs/AIGC/safepp_pytorch/data/test/satellite/fake/0015626_fake_B.png,1,satellite_fake,satellite,root,unknown_fake,seen,1.0,0,base
/ai_paas_jf/pangqs/AIGC/safepp_pytorch/data/test/satellite/fake/0015711.jpg,1,satellite_fake,satellite,root,unknown_fake,seen,1.0,0,base
/ai_paas_jf/pangqs/AIGC/safepp_pytorch/data/test/satellite/fake/0015798.jpg,1,satellite_fake,satellite,root,unknown_fake,seen,1.0,0,base
/ai_paas_jf/pangqs/AIGC/safepp_pytorch/data/test/satellite/fake/0016074_fake_B.png,1,satellite_fake,satellite,root,unknown_fake,seen,1.0,0,base
/ai_paas_jf/pangqs/AIGC/safepp_pytorch/data/test/satellite/fake/0016389_fake_B.png,1,satellite_fake,satellite,root,unknown_fake,seen,1.0,0,base
/ai_paas_jf/pangqs/AIGC/safepp_pytorch/data/test/satellite/fake/0017190_fake_B.png,1,satellite_fake,satellite,root,unknown_fake,seen,1.0,0,base
/ai_paas_jf/pangqs/AIGC/safepp_pytorch/data/test/satellite/fake/0017804_fake_B.png,1,satellite_fake,satellite,root,unknown_fake,seen,1.0,0,base
/ai_paas_jf/pangqs/AIGC/safepp_pytorch/data/test/satellite/fake/0018109_fake_B.png,1,satellite_fake,satellite,root,unknown_fake,seen,1.0,0,base
/ai_paas_jf/pangqs/AIGC/safepp_pytorch/data/test/satellite/fake/0018221.jpg,1,satellite_fake,satellite,root,unknown_fake,seen,1.0,0,base
/ai_paas_jf/pangqs/AIGC/safepp_pytorch/data/test/satellite/fake/0018316.jpg,1,satellite_fake,satellite,root,unknown_fake,seen,1.0,0,base
/ai_paas_jf/pangqs/AIGC/safepp_pytorch/data/test/satellite/fake/0018503.jpg,1,satellite_fake,satellite,root,unknown_fake,seen,1.0,0,base
/ai_paas_jf/pangqs/AIGC/safepp_pytorch/data/test/satellite/fake/0018758.jpg,1,satellite_fake,satellite,root,unknown_fake,seen,1.0,0,base
/ai_paas_jf/pangqs/AIGC/safepp_pytorch/data/test/satellite/fake/0018824_fake_B.png,1,satellite_fake,satellite,root,unknown_fake,seen,1.0,0,base
/ai_paas_jf/pangqs/AIGC/safepp_pytorch/data/test/satellite/fake/0018912_fake_B.png,1,satellite_fake,satellite,root,unknown_fake,seen,1.0,0,base
/ai_paas_jf/pangqs/AIGC/safepp_pytorch/data/test/satellite/fake/0019370_fake_B.png,1,satellite_fake,satellite,root,unknown_fake,seen,1.0,0,base
/ai_paas_jf/pangqs/AIGC/safepp_pytorch/data/test/satellite/fake/0020069.jpg,1,satellite_fake,satellite,root,unknown_fake,seen,1.0,0,base
/ai_paas_jf/pangqs/AIGC/safepp_pytorch/data/test/satellite/fake/0020370.jpg,1,satellite_fake,satellite,root,unknown_fake,seen,1.0,0,base
/ai_paas_jf/pangqs/AIGC/safepp_pytorch/data/test/satellite/fake/0020411_fake_B.png,1,satellite_fake,satellite,root,unknown_fake,seen,1.0,0,base
/ai_paas_jf/pangqs/AIGC/safepp_pytorch/data/test/satellite/fake/0021109.jpg,1,satellite_fake,satellite,root,unknown_fake,seen,1.0,0,base
/ai_paas_jf/pangqs/AIGC/safepp_pytorch/data/test/satellite/fake/0021390_fake_B.png,1,satellite_fake,satellite,root,unknown_fake,seen,1.0,0,base
/ai_paas_jf/pangqs/AIGC/safepp_pytorch/data/test/satellite/fake/0023784_fake_B.png,1,satellite_fake,satellite,root,unknown_fake,seen,1.0,0,base
/ai_paas_jf/pangqs/AIGC/safepp_pytorch/data/test/satellite/fake/0023907_fake_B.png,1,satellite_fake,satellite,root,unknown_fake,seen,1.0,0,base
/ai_paas_jf/pangqs/AIGC/safepp_pytorch/data/test/satellite/fake/0025819.jpg,1,satellite_fake,satellite,root,unknown_fake,seen,1.0,0,base
/ai_paas_jf/pangqs/AIGC/safepp_pytorch/data/test/satellite/fake/0025939_fake_B.png,1,satellite_fake,satellite,root,unknown_fake,seen,1.0,0,base
/ai_paas_jf/pangqs/AIGC/safepp_pytorch/data/test/satellite/fake/0025981_fake_B.png,1,satellite_fake,satellite,root,unknown_fake,seen,1.0,0,base
/ai_paas_jf/pangqs/AIGC/safepp_pytorch/data/test/satellite/fake/0025995_fake_B.png,1,satellite_fake,satellite,root,unknown_fake,seen,1.0,0,base
/ai_paas_jf/pangqs/AIGC/safepp_pytorch/data/test/satellite/fake/0026415.jpg,1,satellite_fake,satellite,root,unknown_fake,seen,1.0,0,base
/ai_paas_jf/pangqs/AIGC/safepp_pytorch/data/test/satellite/fake/0026785.jpg,1,satellite_fake,satellite,root,unknown_fake,seen,1.0,0,base
/ai_paas_jf/pangqs/AIGC/safepp_pytorch/data/test/satellite/fake/0027381_fake_B.png,1,satellite_fake,satellite,root,unknown_fake,seen,1.0,0,base
/ai_paas_jf/pangqs/AIGC/safepp_pytorch/data/test/satellite/fake/0027527.jpg,1,satellite_fake,satellite,root,unknown_fake,seen,1.0,0,base
/ai_paas_jf/pangqs/AIGC/safepp_pytorch/data/test/satellite/fake/0027537_fake_B.png,1,satellite_fake,satellite,root,unknown_fake,seen,1.0,0,base
/ai_paas_jf/pangqs/AIGC/safepp_pytorch/data/test/satellite/fake/0027872_fake_B.png,1,satellite_fake,satellite,root,unknown_fake,seen,1.0,0,base
/ai_paas_jf/pangqs/AIGC/safepp_pytorch/data/test/satellite/fake/0028190.jpg,1,satellite_fake,satellite,root,unknown_fake,seen,1.0,0,base
/ai_paas_jf/pangqs/AIGC/safepp_pytorch/data/test/satellite/fake/0028331_fake_B.png,1,satellite_fake,satellite,root,unknown_fake,seen,1.0,0,base
/ai_paas_jf/pangqs/AIGC/safepp_pytorch/data/test/satellite/fake/0028520_fake_B.png,1,satellite_fake,satellite,root,unknown_fake,seen,1.0,0,base
/ai_paas_jf/pangqs/AIGC/safepp_pytorch/data/test/satellite/fake/0029547.jpg,1,satellite_fake,satellite,root,unknown_fake,seen,1.0,0,base
/ai_paas_jf/pangqs/AIGC/safepp_pytorch/data/test/satellite/fake/0029553_fake_B.png,1,satellite_fake,satellite,root,unknown_fake,seen,1.0,0,base
/ai_paas_jf/pangqs/AIGC/safepp_pytorch/data/test/satellite/fake/0029735.jpg,1,satellite_fake,satellite,root,unknown_fake,seen,1.0,0,base
/ai_paas_jf/pangqs/AIGC/safepp_pytorch/data/test/satellite/fake/0029933_fake_B.png,1,satellite_fake,satellite,root,unknown_fake,seen,1.0,0,base
/ai_paas_jf/pangqs/AIGC/safepp_pytorch/data/test/satellite/fake/0030010_fake_B.png,1,satellite_fake,satellite,root,unknown_fake,seen,1.0,0,base
/ai_paas_jf/pangqs/AIGC/safepp_pytorch/data/test/satellite/fake/0030620.jpg,1,satellite_fake,satellite,root,unknown_fake,seen,1.0,0,base
/ai_paas_jf/pangqs/AIGC/safepp_pytorch/data/test/satellite/fake/0031064_fake_B.png,1,satellite_fake,satellite,root,unknown_fake,seen,1.0,0,base
/ai_paas_jf/pangqs/AIGC/safepp_pytorch/data/test/satellite/fake/0031343.jpg,1,satellite_fake,satellite,root,unknown_fake,seen,1.0,0,base
/ai_paas_jf/pangqs/AIGC/safepp_pytorch/data/test/satellite/fake/0031758_fake_B.png,1,satellite_fake,satellite,root,unknown_fake,seen,1.0,0,base
/ai_paas_jf/pangqs/AIGC/safepp_pytorch/data/test/satellite/fake/0031847.jpg,1,satellite_fake,satellite,root,unknown_fake,seen,1.0,0,base
/ai_paas_jf/pangqs/AIGC/safepp_pytorch/data/test/satellite/fake/0031929.jpg,1,satellite_fake,satellite,root,unknown_fake,seen,1.0,0,base
/ai_paas_jf/pangqs/AIGC/safepp_pytorch/data/test/satellite/fake/0031976_fake_B.png,1,satellite_fake,satellite,root,unknown_fake,seen,1.0,0,base
/ai_paas_jf/pangqs/AIGC/safepp_pytorch/data/test/satellite/fake/0032041_fake_B.png,1,satellite_fake,satellite,root,unknown_fake,seen,1.0,0,base
/ai_paas_jf/pangqs/AIGC/safepp_pytorch/data/test/satellite/fake/0032125.jpg,1,satellite_fake,satellite,root,unknown_fake,seen,1.0,0,base
/ai_paas_jf/pangqs/AIGC/safepp_pytorch/data/test/satellite/fake/0032337_fake_B.png,1,satellite_fake,satellite,root,unknown_fake,seen,1.0,0,base
/ai_paas_jf/pangqs/AIGC/safepp_pytorch/data/test/satellite/fake/0032638.jpg,1,satellite_fake,satellite,root,unknown_fake,seen,1.0,0,base
/ai_paas_jf/pangqs/AIGC/safepp_pytorch/data/test/satellite/fake/0032982.jpg,1,satellite_fake,satellite,root,unknown_fake,seen,1.0,0,base
/ai_paas_jf/pangqs/AIGC/safepp_pytorch/data/test/satellite/fake/0033135_fake_B.png,1,satellite_fake,satellite,root,unknown_fake,seen,1.0,0,base
/ai_paas_jf/pangqs/AIGC/safepp_pytorch/data/test/satellite/fake/0033866_fake_B.png,1,satellite_fake,satellite,root,unknown_fake,seen,1.0,0,base
/ai_paas_jf/pangqs/AIGC/safepp_pytorch/data/test/satellite/fake/0034184_fake_B.png,1,satellite_fake,satellite,root,unknown_fake,seen,1.0,0,base
/ai_paas_jf/pangqs/AIGC/safepp_pytorch/data/test/satellite/fake/0035024_fake_B.png,1,satellite_fake,satellite,root,unknown_fake,seen,1.0,0,base
/ai_paas_jf/pangqs/AIGC/safepp_pytorch/data/test/satellite/fake/0035594_fake_B.png,1,satellite_fake,satellite,root,unknown_fake,seen,1.0,0,base
/ai_paas_jf/pangqs/AIGC/safepp_pytorch/data/test/satellite/fake/0035833_fake_B.png,1,satellite_fake,satellite,root,unknown_fake,seen,1.0,0,base
/ai_paas_jf/pangqs/AIGC/safepp_pytorch/data/test/satellite/fake/0036103_fake_B.png,1,satellite_fake,satellite,root,unknown_fake,seen,1.0,0,base
/ai_paas_jf/pangqs/AIGC/safepp_pytorch/data/test/satellite/fake/0036781_fake_B.png,1,satellite_fake,satellite,root,unknown_fake,seen,1.0,0,base
/ai_paas_jf/pangqs/AIGC/safepp_pytorch/data/test/satellite/fake/0037349_fake_B.png,1,satellite_fake,satellite,root,unknown_fake,seen,1.0,0,base
/ai_paas_jf/pangqs/AIGC/safepp_pytorch/data/test/satellite/fake/0037360_fake_B.png,1,satellite_fake,satellite,root,unknown_fake,seen,1.0,0,base
/ai_paas_jf/pangqs/AIGC/safepp_pytorch/data/test/satellite/fake/0037521.jpg,1,satellite_fake,satellite,root,unknown_fake,seen,1.0,0,base
/ai_paas_jf/pangqs/AIGC/safepp_pytorch/data/test/satellite/fake/0037532_fake_B.png,1,satellite_fake,satellite,root,unknown_fake,seen,1.0,0,base
/ai_paas_jf/pangqs/AIGC/safepp_pytorch/data/test/satellite/fake/0037664_fake_B.png,1,satellite_fake,satellite,root,unknown_fake,seen,1.0,0,base
/ai_paas_jf/pangqs/AIGC/safepp_pytorch/data/test/satellite/fake/0037672_fake_B.png,1,satellite_fake,satellite,root,unknown_fake,seen,1.0,0,base
/ai_paas_jf/pangqs/AIGC/safepp_pytorch/data/test/satellite/fake/0037685_fake_B.png,1,satellite_fake,satellite,root,unknown_fake,seen,1.0,0,base
/ai_paas_jf/pangqs/AIGC/safepp_pytorch/data/test/satellite/fake/0038047.jpg,1,satellite_fake,satellite,root,unknown_fake,seen,1.0,0,base
/ai_paas_jf/pangqs/AIGC/safepp_pytorch/data/test/satellite/fake/0038297_fake_B.png,1,satellite_fake,satellite,root,unknown_fake,seen,1.0,0,base
/ai_paas_jf/pangqs/AIGC/safepp_pytorch/data/test/satellite/fake/0038665_fake_B.png,1,satellite_fake,satellite,root,unknown_fake,seen,1.0,0,base
/ai_paas_jf/pangqs/AIGC/safepp_pytorch/data/test/satellite/fake/0039126_fake_B.png,1,satellite_fake,satellite,root,unknown_fake,seen,1.0,0,base
/ai_paas_jf/pangqs/AIGC/safepp_pytorch/data/test/satellite/fake/0039297_fake_B.png,1,satellite_fake,satellite,root,unknown_fake,seen,1.0,0,base
/ai_paas_jf/pangqs/AIGC/safepp_pytorch/data/test/satellite/fake/0039392.jpg,1,satellite_fake,satellite,root,unknown_fake,seen,1.0,0,base
/ai_paas_jf/pangqs/AIGC/safepp_pytorch/data/test/satellite/fake/0040066_fake_B.png,1,satellite_fake,satellite,root,unknown_fake,seen,1.0,0,base
/ai_paas_jf/pangqs/AIGC/safepp_pytorch/data/test/satellite/fake/0040219.jpg,1,satellite_fake,satellite,root,unknown_fake,seen,1.0,0,base
/ai_paas_jf/pangqs/AIGC/safepp_pytorch/data/test/satellite/fake/0040250_fake_B.png,1,satellite_fake,satellite,root,unknown_fake,seen,1.0,0,base
/ai_paas_jf/pangqs/AIGC/safepp_pytorch/data/test/satellite/fake/0040294_fake_B.png,1,satellite_fake,satellite,root,unknown_fake,seen,1.0,0,base
/ai_paas_jf/pangqs/AIGC/safepp_pytorch/data/test/satellite/fake/0041147_fake_B.png,1,satellite_fake,satellite,root,unknown_fake,seen,1.0,0,base
/ai_paas_jf/pangqs/AIGC/safepp_pytorch/data/test/satellite/fake/0041726_fake_B.png,1,satellite_fake,satellite,root,unknown_fake,seen,1.0,0,base
/ai_paas_jf/pangqs/AIGC/safepp_pytorch/data/test/satellite/fake/0042260_fake_B.png,1,satellite_fake,satellite,root,unknown_fake,seen,1.0,0,base
/ai_paas_jf/pangqs/AIGC/safepp_pytorch/data/test/satellite/fake/0042470_fake_B.png,1,satellite_fake,satellite,root,unknown_fake,seen,1.0,0,base
/ai_paas_jf/pangqs/AIGC/safepp_pytorch/data/test/satellite/fake/0042940.jpg,1,satellite_fake,satellite,root,unknown_fake,seen,1.0,0,base
/ai_paas_jf/pangqs/AIGC/safepp_pytorch/data/test/satellite/fake/0043040.jpg,1,satellite_fake,satellite,root,unknown_fake,seen,1.0,0,base
/ai_paas_jf/pangqs/AIGC/safepp_pytorch/data/test/satellite/fake/0043113.jpg,1,satellite_fake,satellite,root,unknown_fake,seen,1.0,0,base
/ai_paas_jf/pangqs/AIGC/safepp_pytorch/data/test/satellite/fake/0044028.jpg,1,satellite_fake,satellite,root,unknown_fake,seen,1.0,0,base
/ai_paas_jf/pangqs/AIGC/safepp_pytorch/data/test/satellite/fake/0044188_fake_B.png,1,satellite_fake,satellite,root,unknown_fake,seen,1.0,0,base
/ai_paas_jf/pangqs/AIGC/safepp_pytorch/data/test/satellite/fake/0044429_fake_B.png,1,satellite_fake,satellite,root,unknown_fake,seen,1.0,0,base
/ai_paas_jf/pangqs/AIGC/safepp_pytorch/data/test/satellite/fake/05Mguoj05rtWibOPSG0WOA.jpg,1,satellite_fake,satellite,root,unknown_fake,seen,1.0,0,base
/ai_paas_jf/pangqs/AIGC/safepp_pytorch/data/test/satellite/fake/0DxSVUFYi5a1BeM1hl8ZSQ_grdView_fake_B.png,1,satellite_fake,satellite,root,unknown_fake,seen,1.0,0,base
/ai_paas_jf/pangqs/AIGC/safepp_pytorch/data/test/satellite/fake/0EnuzIUgIgt3Tic1Pfo1zA_grdView_fake_B.png,1,satellite_fake,satellite,root,unknown_fake,seen,1.0,0,base
/ai_paas_jf/pangqs/AIGC/safepp_pytorch/data/test/satellite/fake/0Vrr15UxHgKhaaQXSpyvCA_grdView_fake_B.png,1,satellite_fake,satellite,root,unknown_fake,seen,1.0,0,base
/ai_paas_jf/pangqs/AIGC/safepp_pytorch/data/test/satellite/fake/2UKyKGoDeZIIzF7VPAJC1g_grdView_fake_B.png,1,satellite_fake,satellite,root,unknown_fake,seen,1.0,0,base
/ai_paas_jf/pangqs/AIGC/safepp_pytorch/data/test/satellite/fake/2pDN4-H1S25YuI1nCRtH6A_grdView_fake_B.png,1,satellite_fake,satellite,root,unknown_fake,seen,1.0,0,base
/ai_paas_jf/pangqs/AIGC/safepp_pytorch/data/test/satellite/fake/3MV81XeBoLm1wKWgEElFpg_grdView_fake_B.png,1,satellite_fake,satellite,root,unknown_fake,seen,1.0,0,base
/ai_paas_jf/pangqs/AIGC/safepp_pytorch/data/test/satellite/fake/3Rn-fdGGUAu3c9CGlBcLgw.jpg,1,satellite_fake,satellite,root,unknown_fake,seen,1.0,0,base
"/ai_paas_jf/pangqs/AIGC/safepp_pytorch/data/test/satellite/fake/41.85224125,-87.66994807_mbev.jpg",1,satellite_fake,satellite,root,unknown_fake,seen,1.0,0,base
"/ai_paas_jf/pangqs/AIGC/safepp_pytorch/data/test/satellite/fake/41.85242333,-87.65990820_2019-08_tqb8ps3fl8iZk-3cyaD8NQ_d92_z3_fake_B.png",1,satellite_fake,satellite,root,unknown_fake,seen,1.0,0,base
"/ai_paas_jf/pangqs/AIGC/safepp_pytorch/data/test/satellite/fake/41.85274054,-87.66904660_2019-07_s6V95w59sS3Loh2F8i-F-w_d270_z3_fake_B.png",1,satellite_fake,satellite,root,unknown_fake,seen,1.0,0,base
"/ai_paas_jf/pangqs/AIGC/safepp_pytorch/data/test/satellite/fake/41.85301036,-87.68186539_mbev.jpg",1,satellite_fake,satellite,root,unknown_fake,seen,1.0,0,base
"/ai_paas_jf/pangqs/AIGC/safepp_pytorch/data/test/satellite/fake/41.85385945,-87.68858100_2019-08_B3h7Vv-rfv6MSY7XJV-ugA_d303_z3_fake_B.png",1,satellite_fake,satellite,root,unknown_fake,seen,1.0,0,base
"/ai_paas_jf/pangqs/AIGC/safepp_pytorch/data/test/satellite/fake/41.85495022,-87.67423019_mbev.jpg",1,satellite_fake,satellite,root,unknown_fake,seen,1.0,0,base
"/ai_paas_jf/pangqs/AIGC/safepp_pytorch/data/test/satellite/fake/41.85525180,-87.64180079_mbev.jpg",1,satellite_fake,satellite,root,unknown_fake,seen,1.0,0,base
"/ai_paas_jf/pangqs/AIGC/safepp_pytorch/data/test/satellite/fake/41.85541960,-87.62072351_mbev.jpg",1,satellite_fake,satellite,root,unknown_fake,seen,1.0,0,base
"/ai_paas_jf/pangqs/AIGC/safepp_pytorch/data/test/satellite/fake/41.85571848,-87.63696784_2014-10_ptb-FL6fOx6IfG2ZkQIWPQ_d27_z3_fake_B.png",1,satellite_fake,satellite,root,unknown_fake,seen,1.0,0,base
"/ai_paas_jf/pangqs/AIGC/safepp_pytorch/data/test/satellite/fake/41.85597602,-87.66606217_mbev.jpg",1,satellite_fake,satellite,root,unknown_fake,seen,1.0,0,base
"/ai_paas_jf/pangqs/AIGC/safepp_pytorch/data/test/satellite/fake/41.85642204,-87.66679011_mbev.jpg",1,satellite_fake,satellite,root,unknown_fake,seen,1.0,0,base
"/ai_paas_jf/pangqs/AIGC/safepp_pytorch/data/test/satellite/fake/41.85657390,-87.68086035_mbev.jpg",1,satellite_fake,satellite,root,unknown_fake,seen,1.0,0,base
"/ai_paas_jf/pangqs/AIGC/safepp_pytorch/data/test/satellite/fake/41.85660216,-87.65822670_2019-07_jPzS8Ja8cBxMZ1B-TSd4hg_d0_z3_fake_B.png",1,satellite_fake,satellite,root,unknown_fake,seen,1.0,0,base
"/ai_paas_jf/pangqs/AIGC/safepp_pytorch/data/test/satellite/fake/41.85698622,-87.65974730_mbev.jpg",1,satellite_fake,satellite,root,unknown_fake,seen,1.0,0,base
"/ai_paas_jf/pangqs/AIGC/safepp_pytorch/data/test/satellite/fake/41.85716497,-87.68334707_2019-07_8LuF6fGlQzC8YKH_shjZbQ_d2_z3_fake_B.png",1,satellite_fake,satellite,root,unknown_fake,seen,1.0,0,base
"/ai_paas_jf/pangqs/AIGC/safepp_pytorch/data/test/satellite/fake/41.85768649,-87.67381385_mbev.jpg",1,satellite_fake,satellite,root,unknown_fake,seen,1.0,0,base
"/ai_paas_jf/pangqs/AIGC/safepp_pytorch/data/test/satellite/fake/41.85778985,-87.63130946_mbev.jpg",1,satellite_fake,satellite,root,unknown_fake,seen,1.0,0,base
"/ai_paas_jf/pangqs/AIGC/safepp_pytorch/data/test/satellite/fake/41.85826361,-87.66517154_mbev.jpg",1,satellite_fake,satellite,root,unknown_fake,seen,1.0,0,base
"/ai_paas_jf/pangqs/AIGC/safepp_pytorch/data/test/satellite/fake/41.85861058,-87.66613005_mbev.jpg",1,satellite_fake,satellite,root,unknown_fake,seen,1.0,0,base
"/ai_paas_jf/pangqs/AIGC/safepp_pytorch/data/test/satellite/fake/41.85882835,-87.66869635_mbev.jpg",1,satellite_fake,satellite,root,unknown_fake,seen,1.0,0,base
"/ai_paas_jf/pangqs/AIGC/safepp_pytorch/data/test/satellite/fake/41.85981720,-87.61758648_mbev.jpg",1,satellite_fake,satellite,root,unknown_fake,seen,1.0,0,base
"/ai_paas_jf/pangqs/AIGC/safepp_pytorch/data/test/satellite/fake/41.86028468,-87.62101584_mbev.jpg",1,satellite_fake,satellite,root,unknown_fake,seen,1.0,0,base
"/ai_paas_jf/pangqs/AIGC/safepp_pytorch/data/test/satellite/fake/41.86070055,-87.64593214_mbev.jpg",1,satellite_fake,satellite,root,unknown_fake,seen,1.0,0,base
"/ai_paas_jf/pangqs/AIGC/safepp_pytorch/data/test/satellite/fake/41.86099908,-87.64807652_2019-07_pyw157cBYROvcpqfRI-LsQ_d272_z3_fake_B.png",1,satellite_fake,satellite,root,unknown_fake,seen,1.0,0,base
"/ai_paas_jf/pangqs/AIGC/safepp_pytorch/data/test/satellite/fake/41.86230950,-87.65003308_mbev.jpg",1,satellite_fake,satellite,root,unknown_fake,seen,1.0,0,base
"/ai_paas_jf/pangqs/AIGC/safepp_pytorch/data/test/satellite/fake/41.86320743,-87.63905725_mbev.jpg",1,satellite_fake,satellite,root,unknown_fake,seen,1.0,0,base
"/ai_paas_jf/pangqs/AIGC/safepp_pytorch/data/test/satellite/fake/41.86357204,-87.69110700_mbev.jpg",1,satellite_fake,satellite,root,unknown_fake,seen,1.0,0,base
"/ai_paas_jf/pangqs/AIGC/safepp_pytorch/data/test/satellite/fake/41.86433851,-87.68109369_mbev.jpg",1,satellite_fake,satellite,root,unknown_fake,seen,1.0,0,base
"/ai_paas_jf/pangqs/AIGC/safepp_pytorch/data/test/satellite/fake/41.86455556,-87.67777897_mbev.jpg",1,satellite_fake,satellite,root,unknown_fake,seen,1.0,0,base
"/ai_paas_jf/pangqs/AIGC/safepp_pytorch/data/test/satellite/fake/41.86475420,-87.64884939_2011-06_NA6efV_k211_qlaZqI6oIw_d271_z3_fake_B.png",1,satellite_fake,satellite,root,unknown_fake,seen,1.0,0,base
"/ai_paas_jf/pangqs/AIGC/safepp_pytorch/data/test/satellite/fake/41.86515140,-87.64209931_2019-07_WuC4L2Fz4EgApfeUnFkmag_d182_z3_fake_B.png",1,satellite_fake,satellite,root,unknown_fake,seen,1.0,0,base
"/ai_paas_jf/pangqs/AIGC/safepp_pytorch/data/test/satellite/fake/41.86520450,-87.65942113_mbev.jpg",1,satellite_fake,satellite,root,unknown_fake,seen,1.0,0,base
"/ai_paas_jf/pangqs/AIGC/safepp_pytorch/data/test/satellite/fake/41.86547439,-87.68502418_2018-06_BRnZ9yQwzPUiiMSTb2I1iw_d149_z3_fake_B.png",1,satellite_fake,satellite,root,unknown_fake,seen,1.0,0,base
"/ai_paas_jf/pangqs/AIGC/safepp_pytorch/data/test/satellite/fake/41.86551091,-87.64211263_mbev.jpg",1,satellite_fake,satellite,root,unknown_fake,seen,1.0,0,base
"/ai_paas_jf/pangqs/AIGC/safepp_pytorch/data/test/satellite/fake/41.86600074,-87.64567494_mbev.jpg",1,satellite_fake,satellite,root,unknown_fake,seen,1.0,0,base
"/ai_paas_jf/pangqs/AIGC/safepp_pytorch/data/test/satellite/fake/41.86612196,-87.65032471_mbev.jpg",1,satellite_fake,satellite,root,unknown_fake,seen,1.0,0,base
"/ai_paas_jf/pangqs/AIGC/safepp_pytorch/data/test/satellite/fake/41.86671848,-87.65910813_2019-07_kgBO7mSSDjbVOqIoo0f3lg_d178_z3_fake_B.png",1,satellite_fake,satellite,root,unknown_fake,seen,1.0,0,base
"/ai_paas_jf/pangqs/AIGC/safepp_pytorch/data/test/satellite/fake/41.86698180,-87.66184829_mbev.jpg",1,satellite_fake,satellite,root,unknown_fake,seen,1.0,0,base
"/ai_paas_jf/pangqs/AIGC/safepp_pytorch/data/test/satellite/fake/41.86734454,-87.62479215_mbev.jpg",1,satellite_fake,satellite,root,unknown_fake,seen,1.0,0,base
"/ai_paas_jf/pangqs/AIGC/safepp_pytorch/data/test/satellite/fake/41.86741286,-87.66014842_mbev.jpg",1,satellite_fake,satellite,root,unknown_fake,seen,1.0,0,base
"/ai_paas_jf/pangqs/AIGC/safepp_pytorch/data/test/satellite/fake/41.86764775,-87.67616268_2019-08_KDNcxWpbxPif1-SXyDitsA_d179_z3_fake_B.png",1,satellite_fake,satellite,root,unknown_fake,seen,1.0,0,base
"/ai_paas_jf/pangqs/AIGC/safepp_pytorch/data/test/satellite/fake/41.86808248,-87.63275731_mbev.jpg",1,satellite_fake,satellite,root,unknown_fake,seen,1.0,0,base
"/ai_paas_jf/pangqs/AIGC/safepp_pytorch/data/test/satellite/fake/41.86840540,-87.66846054_mbev.jpg",1,satellite_fake,satellite,root,unknown_fake,seen,1.0,0,base
"/ai_paas_jf/pangqs/AIGC/safepp_pytorch/data/test/satellite/fake/41.86887947,-87.68667003_mbev.jpg",1,satellite_fake,satellite,root,unknown_fake,seen,1.0,0,base
"/ai_paas_jf/pangqs/AIGC/safepp_pytorch/data/test/satellite/fake/41.86909316,-87.67873744_mbev.jpg",1,satellite_fake,satellite,root,unknown_fake,seen,1.0,0,base
"/ai_paas_jf/pangqs/AIGC/safepp_pytorch/data/test/satellite/fake/41.86965051,-87.63945059_mbev.jpg",1,satellite_fake,satellite,root,unknown_fake,seen,1.0,0,base
"/ai_paas_jf/pangqs/AIGC/safepp_pytorch/data/test/satellite/fake/41.86975261,-87.67281383_mbev.jpg",1,satellite_fake,satellite,root,unknown_fake,seen,1.0,0,base
"/ai_paas_jf/pangqs/AIGC/safepp_pytorch/data/test/satellite/fake/41.87049474,-87.65324466_2019-08_OTWK7tIlN-3ZxgfPXhOoMA_d2_z3_fake_B.png",1,satellite_fake,satellite,root,unknown_fake,seen,1.0,0,base
"/ai_paas_jf/pangqs/AIGC/safepp_pytorch/data/test/satellite/fake/41.87061093,-87.64454252_mbev.jpg",1,satellite_fake,satellite,root,unknown_fake,seen,1.0,0,base
"/ai_paas_jf/pangqs/AIGC/safepp_pytorch/data/test/satellite/fake/41.87186699,-87.62541846_2019-07_tbUBW-9OxkMet92TT6WWmA_d272_z3_fake_B.png",1,satellite_fake,satellite,root,unknown_fake,seen,1.0,0,base
"/ai_paas_jf/pangqs/AIGC/safepp_pytorch/data/test/satellite/fake/41.87268061,-87.62750138_2019-08_W_kvfpdGnbeFjs8obP4XxA_d181_z3_fake_B.png",1,satellite_fake,satellite,root,unknown_fake,seen,1.0,0,base
"/ai_paas_jf/pangqs/AIGC/safepp_pytorch/data/test/satellite/fake/41.87268352,-87.64737163_mbev.jpg",1,satellite_fake,satellite,root,unknown_fake,seen,1.0,0,base
"/ai_paas_jf/pangqs/AIGC/safepp_pytorch/data/test/satellite/fake/41.87378517,-87.65020617_mbev.jpg",1,satellite_fake,satellite,root,unknown_fake,seen,1.0,0,base
"/ai_paas_jf/pangqs/AIGC/safepp_pytorch/data/test/satellite/fake/41.87452274,-87.62941897_mbev.jpg",1,satellite_fake,satellite,root,unknown_fake,seen,1.0,0,base
"/ai_paas_jf/pangqs/AIGC/safepp_pytorch/data/test/satellite/fake/41.87530855,-87.64881988_2019-08_csD6b2aRlkSZMu8xg9SqEg_d93_z3_fake_B.png",1,satellite_fake,satellite,root,unknown_fake,seen,1.0,0,base
"/ai_paas_jf/pangqs/AIGC/safepp_pytorch/data/test/satellite/fake/41.87537968,-87.67339231_2019-10_GXLmVnNr6G19hIlDM4zxKA_d92_z3_fake_B.png",1,satellite_fake,satellite,root,unknown_fake,seen,1.0,0,base
"/ai_paas_jf/pangqs/AIGC/safepp_pytorch/data/test/satellite/fake/41.87545210,-87.66544582_mbev.jpg",1,satellite_fake,satellite,root,unknown_fake,seen,1.0,0,base
"/ai_paas_jf/pangqs/AIGC/safepp_pytorch/data/test/satellite/fake/41.87553400,-87.61834442_2011-05_OcYY0tBmjjobD6uCigL6tQ_d148_z3_fake_B.png",1,satellite_fake,satellite,root,unknown_fake,seen,1.0,0,base
"/ai_paas_jf/pangqs/AIGC/safepp_pytorch/data/test/satellite/fake/41.87566142,-87.63174117_mbev.jpg",1,satellite_fake,satellite,root,unknown_fake,seen,1.0,0,base
"/ai_paas_jf/pangqs/AIGC/safepp_pytorch/data/test/satellite/fake/41.87576546,-87.64681570_mbev.jpg",1,satellite_fake,satellite,root,unknown_fake,seen,1.0,0,base
"/ai_paas_jf/pangqs/AIGC/safepp_pytorch/data/test/satellite/fake/41.87606520,-87.68978705_mbev.jpg",1,satellite_fake,satellite,root,unknown_fake,seen,1.0,0,base
"/ai_paas_jf/pangqs/AIGC/safepp_pytorch/data/test/satellite/fake/41.87610686,-87.62873789_mbev.jpg",1,satellite_fake,satellite,root,unknown_fake,seen,1.0,0,base
"/ai_paas_jf/pangqs/AIGC/safepp_pytorch/data/test/satellite/fake/41.87625310,-87.67408153_mbev.jpg",1,satellite_fake,satellite,root,unknown_fake,seen,1.0,0,base
"/ai_paas_jf/pangqs/AIGC/safepp_pytorch/data/test/satellite/fake/41.87636860,-87.63175119_mbev.jpg",1,satellite_fake,satellite,root,unknown_fake,seen,1.0,0,base
"/ai_paas_jf/pangqs/AIGC/safepp_pytorch/data/test/satellite/fake/41.87654268,-87.62117214_mbev.jpg",1,satellite_fake,satellite,root,unknown_fake,seen,1.0,0,base
"/ai_paas_jf/pangqs/AIGC/safepp_pytorch/data/test/satellite/fake/41.87687918,-87.62433084_mbev.jpg",1,satellite_fake,satellite,root,unknown_fake,seen,1.0,0,base
"/ai_paas_jf/pangqs/AIGC/safepp_pytorch/data/test/satellite/fake/41.87700136,-87.64550989_2019-10_8cVODrHqM6DriQvzB2YVDQ_d182_z3_fake_B.png",1,satellite_fake,satellite,root,unknown_fake,seen,1.0,0,base
"/ai_paas_jf/pangqs/AIGC/safepp_pytorch/data/test/satellite/fake/41.87829534,-87.66543694_2019-08_OGqtcUnzfseXOFpD5uX6_A_d271_z3_fake_B.png",1,satellite_fake,satellite,root,unknown_fake,seen,1.0,0,base
"/ai_paas_jf/pangqs/AIGC/safepp_pytorch/data/test/satellite/fake/41.87864518,-87.66663292_mbev.jpg",1,satellite_fake,satellite,root,unknown_fake,seen,1.0,0,base
"/ai_paas_jf/pangqs/AIGC/safepp_pytorch/data/test/satellite/fake/41.87877048,-87.67586634_mbev.jpg",1,satellite_fake,satellite,root,unknown_fake,seen,1.0,0,base
"/ai_paas_jf/pangqs/AIGC/safepp_pytorch/data/test/satellite/fake/41.87933301,-87.63862387_mbev.jpg",1,satellite_fake,satellite,root,unknown_fake,seen,1.0,0,base
"/ai_paas_jf/pangqs/AIGC/safepp_pytorch/data/test/satellite/fake/41.87941272,-87.63271153_mbev.jpg",1,satellite_fake,satellite,root,unknown_fake,seen,1.0,0,base
"/ai_paas_jf/pangqs/AIGC/safepp_pytorch/data/test/satellite/fake/41.87953896,-87.66685106_2019-08_DDNN5XrMSMwZTbgkPcfv5g_d1_z3_fake_B.png",1,satellite_fake,satellite,root,unknown_fake,seen,1.0,0,base
"/ai_paas_jf/pangqs/AIGC/safepp_pytorch/data/test/satellite/fake/41.87989327,-87.68625605_mbev.jpg",1,satellite_fake,satellite,root,unknown_fake,seen,1.0,0,base
"/ai_paas_jf/pangqs/AIGC/safepp_pytorch/data/test/satellite/fake/41.87991050,-87.62934171_2019-08_HL2hEy2VDYj43MKkpUPHrw_d182_z3_fake_B.png",1,satellite_fake,satellite,root,unknown_fake,seen,1.0,0,base
"/ai_paas_jf/pangqs/AIGC/safepp_pytorch/data/test/satellite/fake/41.88047413,-87.68609758_mbev.jpg",1,satellite_fake,satellite,root,unknown_fake,seen,1.0,0,base
"/ai_paas_jf/pangqs/AIGC/safepp_pytorch/data/test/satellite/fake/41.88049105,-87.64614481_mbev.jpg",1,satellite_fake,satellite,root,unknown_fake,seen,1.0,0,base
"/ai_paas_jf/pangqs/AIGC/safepp_pytorch/data/test/satellite/fake/41.88151293,-87.61886757_mbev.jpg",1,satellite_fake,satellite,root,unknown_fake,seen,1.0,0,base
"/ai_paas_jf/pangqs/AIGC/safepp_pytorch/data/test/satellite/fake/41.88174613,-87.65099491_mbev.jpg",1,satellite_fake,satellite,root,unknown_fake,seen,1.0,0,base
"/ai_paas_jf/pangqs/AIGC/safepp_pytorch/data/test/satellite/fake/41.88192962,-87.66773790_mbev.jpg",1,satellite_fake,satellite,root,unknown_fake,seen,1.0,0,base
"/ai_paas_jf/pangqs/AIGC/safepp_pytorch/data/test/satellite/fake/41.88210670,-87.68457311_2019-08_lmCAR-DeXXh0axvl1-nIBA_d91_z3_fake_B.png",1,satellite_fake,satellite,root,unknown_fake,seen,1.0,0,base
"/ai_paas_jf/pangqs/AIGC/safepp_pytorch/data/test/satellite/fake/41.88283445,-87.62618719_mbev.jpg",1,satellite_fake,satellite,root,unknown_fake,seen,1.0,0,base
"/ai_paas_jf/pangqs/AIGC/safepp_pytorch/data/test/satellite/fake/41.88347579,-87.64418199_2019-07_BIsy-LVLtcUulVYqypz6Xw_d2_z3_fake_B.png",1,satellite_fake,satellite,root,unknown_fake,seen,1.0,0,base
"/ai_paas_jf/pangqs/AIGC/safepp_pytorch/data/test/satellite/fake/41.88351557,-87.68239178_2018-10_jOIuVrNxe--7osE3PWM7Vg_d272_z3_fake_B.png",1,satellite_fake,satellite,root,unknown_fake,seen,1.0,0,base
"/ai_paas_jf/pangqs/AIGC/safepp_pytorch/data/test/satellite/fake/41.88351834,-87.68226977_2018-10_DGJlaM8CbBqDKLZUrso7OA_d273_z3_fake_B.png",1,satellite_fake,satellite,root,unknown_fake,seen,1.0,0,base
"/ai_paas_jf/pangqs/AIGC/safepp_pytorch/data/test/satellite/fake/41.88353158,-87.68165198_mbev.jpg",1,satellite_fake,satellite,root,unknown_fake,seen,1.0,0,base
"/ai_paas_jf/pangqs/AIGC/safepp_pytorch/data/test/satellite/fake/41.88391951,-87.62621965_mbev.jpg",1,satellite_fake,satellite,root,unknown_fake,seen,1.0,0,base
"/ai_paas_jf/pangqs/AIGC/safepp_pytorch/data/test/satellite/fake/41.88397478,-87.68218801_mbev.jpg",1,satellite_fake,satellite,root,unknown_fake,seen,1.0,0,base
"/ai_paas_jf/pangqs/AIGC/safepp_pytorch/data/test/satellite/fake/41.88408431,-87.63797708_mbev.jpg",1,satellite_fake,satellite,root,unknown_fake,seen,1.0,0,base
"/ai_paas_jf/pangqs/AIGC/safepp_pytorch/data/test/satellite/fake/41.88430463,-87.62119262_mbev.jpg",1,satellite_fake,satellite,root,unknown_fake,seen,1.0,0,base
"/ai_paas_jf/pangqs/AIGC/safepp_pytorch/data/test/satellite/fake/41.88434995,-87.64630583_mbev.jpg",1,satellite_fake,satellite,root,unknown_fake,seen,1.0,0,base
"/ai_paas_jf/pangqs/AIGC/safepp_pytorch/data/test/satellite/fake/41.88571722,-87.64961583_mbev.jpg",1,satellite_fake,satellite,root,unknown_fake,seen,1.0,0,base
"/ai_paas_jf/pangqs/AIGC/safepp_pytorch/data/test/satellite/fake/41.88625941,-87.66139902_2019-08_r1aG0M1icsyqLAnaZd6SSQ_d182_z3_fake_B.png",1,satellite_fake,satellite,root,unknown_fake,seen,1.0,0,base
"/ai_paas_jf/pangqs/AIGC/safepp_pytorch/data/test/satellite/fake/41.88641901,-87.67391632_mbev.jpg",1,satellite_fake,satellite,root,unknown_fake,seen,1.0,0,base
"/ai_paas_jf/pangqs/AIGC/safepp_pytorch/data/test/satellite/fake/41.88677180,-87.65028682_mbev.jpg",1,satellite_fake,satellite,root,unknown_fake,seen,1.0,0,base
"/ai_paas_jf/pangqs/AIGC/safepp_pytorch/data/test/satellite/fake/41.88679678,-87.64103165_mbev.jpg",1,satellite_fake,satellite,root,unknown_fake,seen,1.0,0,base
"/ai_paas_jf/pangqs/AIGC/safepp_pytorch/data/test/satellite/fake/41.88681382,-87.63238095_mbev.jpg",1,satellite_fake,satellite,root,unknown_fake,seen,1.0,0,base
"/ai_paas_jf/pangqs/AIGC/safepp_pytorch/data/test/satellite/fake/41.88690856,-87.67192565_2019-08_EGlpQGKgaudik4nH8aE8WA_d2_z3_fake_B.png",1,satellite_fake,satellite,root,unknown_fake,seen,1.0,0,base
"/ai_paas_jf/pangqs/AIGC/safepp_pytorch/data/test/satellite/fake/41.88772827,-87.65591081_2019-08_k369AuJi4ISWObjv-Eo-EQ_d272_z3_fake_B.png",1,satellite_fake,satellite,root,unknown_fake,seen,1.0,0,base
"/ai_paas_jf/pangqs/AIGC/safepp_pytorch/data/test/satellite/fake/41.88787341,-87.66474270_mbev.jpg",1,satellite_fake,satellite,root,unknown_fake,seen,1.0,0,base
"/ai_paas_jf/pangqs/AIGC/safepp_pytorch/data/test/satellite/fake/41.88794431,-87.62165893_mbev.jpg",1,satellite_fake,satellite,root,unknown_fake,seen,1.0,0,base
"/ai_paas_jf/pangqs/AIGC/safepp_pytorch/data/test/satellite/fake/41.88796394,-87.64542550_2019-08_0ym9laavb5VpXqvVvmTnZA_d71_z3_fake_B.png",1,satellite_fake,satellite,root,unknown_fake,seen,1.0,0,base
"/ai_paas_jf/pangqs/AIGC/safepp_pytorch/data/test/satellite/fake/41.88830658,-87.62302371_mbev.jpg",1,satellite_fake,satellite,root,unknown_fake,seen,1.0,0,base
"/ai_paas_jf/pangqs/AIGC/safepp_pytorch/data/test/satellite/fake/41.88861090,-87.63918663_2014-10_owFLIbvYMzj5MtPN9E_pFw_d283_z3_fake_B.png",1,satellite_fake,satellite,root,unknown_fake,seen,1.0,0,base
"/ai_paas_jf/pangqs/AIGC/safepp_pytorch/data/test/satellite/fake/41.89000384,-87.65440408_mbev.jpg",1,satellite_fake,satellite,root,unknown_fake,seen,1.0,0,base
"/ai_paas_jf/pangqs/AIGC/safepp_pytorch/data/test/satellite/fake/41.89035630,-87.68021644_2019-08_LD_Z4aI_3Gkm3-XmiqZS_A_d271_z3_fake_B.png",1,satellite_fake,satellite,root,unknown_fake,seen,1.0,0,base
"/ai_paas_jf/pangqs/AIGC/safepp_pytorch/data/test/satellite/fake/41.89055844,-87.66557705_mbev.jpg",1,satellite_fake,satellite,root,unknown_fake,seen,1.0,0,base
"/ai_paas_jf/pangqs/AIGC/safepp_pytorch/data/test/satellite/fake/41.89095854,-87.62138243_mbev.jpg",1,satellite_fake,satellite,root,unknown_fake,seen,1.0,0,base
"/ai_paas_jf/pangqs/AIGC/safepp_pytorch/data/test/satellite/fake/41.89104559,-87.66265621_mbev.jpg",1,satellite_fake,satellite,root,unknown_fake,seen,1.0,0,base
"/ai_paas_jf/pangqs/AIGC/safepp_pytorch/data/test/satellite/fake/41.89106787,-87.65785973_mbev.jpg",1,satellite_fake,satellite,root,unknown_fake,seen,1.0,0,base
"/ai_paas_jf/pangqs/AIGC/safepp_pytorch/data/test/satellite/fake/41.89230746,-87.63937769_mbev.jpg",1,satellite_fake,satellite,root,unknown_fake,seen,1.0,0,base
"/ai_paas_jf/pangqs/AIGC/safepp_pytorch/data/test/satellite/fake/41.89235226,-87.67280893_mbev.jpg",1,satellite_fake,satellite,root,unknown_fake,seen,1.0,0,base
"/ai_paas_jf/pangqs/AIGC/safepp_pytorch/data/test/satellite/fake/41.89251135,-87.63842208_mbev.jpg",1,satellite_fake,satellite,root,unknown_fake,seen,1.0,0,base
"/ai_paas_jf/pangqs/AIGC/safepp_pytorch/data/test/satellite/fake/41.89299054,-87.66099009_mbev.jpg",1,satellite_fake,satellite,root,unknown_fake,seen,1.0,0,base
"/ai_paas_jf/pangqs/AIGC/safepp_pytorch/data/test/satellite/fake/41.89307404,-87.68322175_mbev.jpg",1,satellite_fake,satellite,root,unknown_fake,seen,1.0,0,base
"/ai_paas_jf/pangqs/AIGC/safepp_pytorch/data/test/satellite/fake/41.89331755,-87.66897452_mbev.jpg",1,satellite_fake,satellite,root,unknown_fake,seen,1.0,0,base
"/ai_paas_jf/pangqs/AIGC/safepp_pytorch/data/test/satellite/fake/41.89347057,-87.68756641_mbev.jpg",1,satellite_fake,satellite,root,unknown_fake,seen,1.0,0,base
"/ai_paas_jf/pangqs/AIGC/safepp_pytorch/data/test/satellite/fake/41.89366015,-87.63061439_2018-10_yRInKbo8zSoDFVng2Bubjw_d176_z3_fake_B.png",1,satellite_fake,satellite,root,unknown_fake,seen,1.0,0,base
"/ai_paas_jf/pangqs/AIGC/safepp_pytorch/data/test/satellite/fake/41.89416375,-87.67343474_mbev.jpg",1,satellite_fake,satellite,root,unknown_fake,seen,1.0,0,base
"/ai_paas_jf/pangqs/AIGC/safepp_pytorch/data/test/satellite/fake/41.89446057,-87.67753516_2018-06_nowyekCx9lYgmK4uTh6X9A_d271_z3_fake_B.png",1,satellite_fake,satellite,root,unknown_fake,seen,1.0,0,base
"/ai_paas_jf/pangqs/AIGC/safepp_pytorch/data/test/satellite/fake/41.89473864,-87.65943573_mbev.jpg",1,satellite_fake,satellite,root,unknown_fake,seen,1.0,0,base
"/ai_paas_jf/pangqs/AIGC/safepp_pytorch/data/test/satellite/fake/41.89483480,-87.63051190_mbev.jpg",1,satellite_fake,satellite,root,unknown_fake,seen,1.0,0,base
/ai_paas_jf/pangqs/AIGC/safepp_pytorch/data/test/satellite/fake/4RMVs05eN-Ey0gei.jpg,1,satellite_fake,satellite,root,unknown_fake,seen,1.0,0,base
/ai_paas_jf/pangqs/AIGC/safepp_pytorch/data/test/satellite/fake/4gwvMrhdnA4g3v5SvPeIIQ.jpg,1,satellite_fake,satellite,root,unknown_fake,seen,1.0,0,base
/ai_paas_jf/pangqs/AIGC/safepp_pytorch/data/test/satellite/fake/4iVqkGY8Sdsld3fFb-dmxw.jpg,1,satellite_fake,satellite,root,unknown_fake,seen,1.0,0,base
/ai_paas_jf/pangqs/AIGC/safepp_pytorch/data/test/satellite/fake/6v5jiZIrze-2sEErv5qqiA_grdView_fake_B.png,1,satellite_fake,satellite,root,unknown_fake,seen,1.0,0,base
/ai_paas_jf/pangqs/AIGC/safepp_pytorch/data/test/satellite/fake/72JV2WGrdGq7KXxl-rUbSg_grdView_fake_B.png,1,satellite_fake,satellite,root,unknown_fake,seen,1.0,0,base
/ai_paas_jf/pangqs/AIGC/safepp_pytorch/data/test/satellite/fake/7RMbBvvtQFecoZqjKtpqlQ_grdView_fake_B.png,1,satellite_fake,satellite,root,unknown_fake,seen,1.0,0,base
/ai_paas_jf/pangqs/AIGC/safepp_pytorch/data/test/satellite/fake/7f4z9CU8NqExfyhK6Jsa2Q.jpg,1,satellite_fake,satellite,root,unknown_fake,seen,1.0,0,base
/ai_paas_jf/pangqs/AIGC/safepp_pytorch/data/test/satellite/fake/8fanKJ-bkgN00WwnlKJ42Q_grdView_fake_B.png,1,satellite_fake,satellite,root,unknown_fake,seen,1.0,0,base
/ai_paas_jf/pangqs/AIGC/safepp_pytorch/data/test/satellite/fake/8rfsNF8RDV8ELd0XTyI1AA.jpg,1,satellite_fake,satellite,root,unknown_fake,seen,1.0,0,base
/ai_paas_jf/pangqs/AIGC/safepp_pytorch/data/test/satellite/fake/8u9WGmD-pDdaDU-p-nQN5Q.jpg,1,satellite_fake,satellite,root,unknown_fake,seen,1.0,0,base
/ai_paas_jf/pangqs/AIGC/safepp_pytorch/data/test/satellite/fake/8x5vzshiYBgzINTZzrPsRg.jpg,1,satellite_fake,satellite,root,unknown_fake,seen,1.0,0,base
/ai_paas_jf/pangqs/AIGC/safepp_pytorch/data/test/satellite/fake/9Cav9z33efVP3-4vNSjRJQ_grdView_fake_B.png,1,satellite_fake,satellite,root,unknown_fake,seen,1.0,0,base
/ai_paas_jf/pangqs/AIGC/safepp_pytorch/data/test/satellite/fake/9I-q4qwi3B5xvdWhm8iEfA.jpg,1,satellite_fake,satellite,root,unknown_fake,seen,1.0,0,base
/ai_paas_jf/pangqs/AIGC/safepp_pytorch/data/test/satellite/fake/9Lb28kHI5bVEv5rHxr7naw.jpg,1,satellite_fake,satellite,root,unknown_fake,seen,1.0,0,base
/ai_paas_jf/pangqs/AIGC/safepp_pytorch/data/test/satellite/fake/9b.jpg,1,satellite_fake,satellite,root,unknown_fake,seen,1.0,0,base
/ai_paas_jf/pangqs/AIGC/safepp_pytorch/data/test/satellite/fake/A.jpg,1,satellite_fake,satellite,root,unknown_fake,seen,1.0,0,base
/ai_paas_jf/pangqs/AIGC/safepp_pytorch/data/test/satellite/fake/A4bRgmWSEdLjBsXbBKqtAw_grdView_fake_B.png,1,satellite_fake,satellite,root,unknown_fake,seen,1.0,0,base
/ai_paas_jf/pangqs/AIGC/safepp_pytorch/data/test/satellite/fake/B14J8JomtYx0EFVe8ofkag_grdView_fake_B.png,1,satellite_fake,satellite,root,unknown_fake,seen,1.0,0,base
/ai_paas_jf/pangqs/AIGC/safepp_pytorch/data/test/satellite/fake/BGbOVZOxmIEe9TKEfmn0uA.jpg,1,satellite_fake,satellite,root,unknown_fake,seen,1.0,0,base
/ai_paas_jf/pangqs/AIGC/safepp_pytorch/data/test/satellite/fake/BRIaTUKklLo.jpg,1,satellite_fake,satellite,root,unknown_fake,seen,1.0,0,base
/ai_paas_jf/pangqs/AIGC/safepp_pytorch/data/test/satellite/fake/BXGsNHjyHOt-LWN10AHfmg.jpg,1,satellite_fake,satellite,root,unknown_fake,seen,1.0,0,base
/ai_paas_jf/pangqs/AIGC/safepp_pytorch/data/test/satellite/fake/CosSeFeKRgN5jfMqzx8Ckw.jpg,1,satellite_fake,satellite,root,unknown_fake,seen,1.0,0,base
/ai_paas_jf/pangqs/AIGC/safepp_pytorch/data/test/satellite/fake/CtzMSZA4g9dTtlopD4w1DA.jpg,1,satellite_fake,satellite,root,unknown_fake,seen,1.0,0,base
/ai_paas_jf/pangqs/AIGC/safepp_pytorch/data/test/satellite/fake/DZ17AfjR6XL1zIXz6zUV1Q_grdView_fake_B.png,1,satellite_fake,satellite,root,unknown_fake,seen,1.0,0,base
/ai_paas_jf/pangqs/AIGC/safepp_pytorch/data/test/satellite/fake/EhUYrtAAt4KBGHiTPDQQTQ.jpg,1,satellite_fake,satellite,root,unknown_fake,seen,1.0,0,base
/ai_paas_jf/pangqs/AIGC/safepp_pytorch/data/test/satellite/fake/Fptl2aIFd684AG6RnitAwA_grdView_fake_B.png,1,satellite_fake,satellite,root,unknown_fake,seen,1.0,0,base
/ai_paas_jf/pangqs/AIGC/safepp_pytorch/data/test/satellite/fake/FxzqR7.jpg,1,satellite_fake,satellite,root,unknown_fake,seen,1.0,0,base
/ai_paas_jf/pangqs/AIGC/safepp_pytorch/data/test/satellite/fake/G2sgfWwMAYaz9V9ULOOEUg_grdView_fake_B.png,1,satellite_fake,satellite,root,unknown_fake,seen,1.0,0,base
/ai_paas_jf/pangqs/AIGC/safepp_pytorch/data/test/satellite/fake/GJOr6y4C5GQE4jPKWXFkIA.jpg,1,satellite_fake,satellite,root,unknown_fake,seen,1.0,0,base
/ai_paas_jf/pangqs/AIGC/safepp_pytorch/data/test/satellite/fake/Giwn0zXY1ad-Q7RzjOuduw.jpg,1,satellite_fake,satellite,root,unknown_fake,seen,1.0,0,base
/ai_paas_jf/pangqs/AIGC/safepp_pytorch/data/test/satellite/fake/GmL4o3gytkXn.jpg,1,satellite_fake,satellite,root,unknown_fake,seen,1.0,0,base
/ai_paas_jf/pangqs/AIGC/safepp_pytorch/data/test/satellite/fake/GoFol.jpg,1,satellite_fake,satellite,root,unknown_fake,seen,1.0,0,base
/ai_paas_jf/pangqs/AIGC/safepp_pytorch/data/test/satellite/fake/H56MI2Ld6CdbA3VbXdQGEw_grdView_fake_B.png,1,satellite_fake,satellite,root,unknown_fake,seen,1.0,0,base
/ai_paas_jf/pangqs/AIGC/safepp_pytorch/data/test/satellite/fake/HHYL6sYjjJFjPz4Bl3Jj5Q.jpg,1,satellite_fake,satellite,root,unknown_fake,seen,1.0,0,base
/ai_paas_jf/pangqs/AIGC/safepp_pytorch/data/test/satellite/fake/HIrYQiTZo5J90bckhQf-bA.jpg,1,satellite_fake,satellite,root,unknown_fake,seen,1.0,0,base
/ai_paas_jf/pangqs/AIGC/safepp_pytorch/data/test/satellite/fake/IOj0M9t2LFvEjPaX2FWyxQ.jpg,1,satellite_fake,satellite,root,unknown_fake,seen,1.0,0,base
/ai_paas_jf/pangqs/AIGC/safepp_pytorch/data/test/satellite/fake/JRap4LeqQQjIey8x-bXRaQ_grdView_fake_B.png,1,satellite_fake,satellite,root,unknown_fake,seen,1.0,0,base
/ai_paas_jf/pangqs/AIGC/safepp_pytorch/data/test/satellite/fake/Jm2FqSAP1JOb.jpg,1,satellite_fake,satellite,root,unknown_fake,seen,1.0,0,base
/ai_paas_jf/pangqs/AIGC/safepp_pytorch/data/test/satellite/fake/Jqx8RQNGsx1KKcVV5n94Ww_grdView_fake_B.png,1,satellite_fake,satellite,root,unknown_fake,seen,1.0,0,base
/ai_paas_jf/pangqs/AIGC/safepp_pytorch/data/test/satellite/fake/Jvaa7fjuqOI9eygzH9GkUw.jpg,1,satellite_fake,satellite,root,unknown_fake,seen,1.0,0,base
/ai_paas_jf/pangqs/AIGC/safepp_pytorch/data/test/satellite/fake/KQeerj9fYJa.jpg,1,satellite_fake,satellite,root,unknown_fake,seen,1.0,0,base
/ai_paas_jf/pangqs/AIGC/safepp_pytorch/data/test/satellite/fake/KXea.jpg,1,satellite_fake,satellite,root,unknown_fake,seen,1.0,0,base
/ai_paas_jf/pangqs/AIGC/safepp_pytorch/data/test/satellite/fake/KgOUORURi1MevDZvMGwyVg_grdView_fake_B.png,1,satellite_fake,satellite,root,unknown_fake,seen,1.0,0,base
/ai_paas_jf/pangqs/AIGC/safepp_pytorch/data/test/satellite/fake/LIs.jpg,1,satellite_fake,satellite,root,unknown_fake,seen,1.0,0,base
/ai_paas_jf/pangqs/AIGC/safepp_pytorch/data/test/satellite/fake/MKeUn2OvjW409epbeKzb-w_grdView_fake_B.png,1,satellite_fake,satellite,root,unknown_fake,seen,1.0,0,base
/ai_paas_jf/pangqs/AIGC/safepp_pytorch/data/test/satellite/fake/MKt7khP2PSRPfSqhR9xm1g.jpg,1,satellite_fake,satellite,root,unknown_fake,seen,1.0,0,base
/ai_paas_jf/pangqs/AIGC/safepp_pytorch/data/test/satellite/fake/MN1oF6Ktpu7UjwftkeBBMA.jpg,1,satellite_fake,satellite,root,unknown_fake,seen,1.0,0,base
/ai_paas_jf/pangqs/AIGC/safepp_pytorch/data/test/satellite/fake/MkUN-tto2jBzJZdgDLuiJA.jpg,1,satellite_fake,satellite,root,unknown_fake,seen,1.0,0,base
/ai_paas_jf/pangqs/AIGC/safepp_pytorch/data/test/satellite/fake/No1UesWhenM7zO6TISwhkQ.jpg,1,satellite_fake,satellite,root,unknown_fake,seen,1.0,0,base
/ai_paas_jf/pangqs/AIGC/safepp_pytorch/data/test/satellite/fake/Ob30LAtSQjyjtRPlx-9ckw_grdView_fake_B.png,1,satellite_fake,satellite,root,unknown_fake,seen,1.0,0,base
/ai_paas_jf/pangqs/AIGC/safepp_pytorch/data/test/satellite/fake/PXZJdjuhHo49RFGJoM70Xw_grdView_fake_B.png,1,satellite_fake,satellite,root,unknown_fake,seen,1.0,0,base
/ai_paas_jf/pangqs/AIGC/safepp_pytorch/data/test/satellite/fake/PygdzBWG10o9NQOv4MWZqQ.jpg,1,satellite_fake,satellite,root,unknown_fake,seen,1.0,0,base
/ai_paas_jf/pangqs/AIGC/safepp_pytorch/data/test/satellite/fake/QaNA0Si.jpg,1,satellite_fake,satellite,root,unknown_fake,seen,1.0,0,base
/ai_paas_jf/pangqs/AIGC/safepp_pytorch/data/test/satellite/fake/QbBoq-EAqcaQ.jpg,1,satellite_fake,satellite,root,unknown_fake,seen,1.0,0,base
/ai_paas_jf/pangqs/AIGC/safepp_pytorch/data/test/satellite/fake/RJllg8rOxZaaWZRyS8MmWw.jpg,1,satellite_fake,satellite,root,unknown_fake,seen,1.0,0,base
/ai_paas_jf/pangqs/AIGC/safepp_pytorch/data/test/satellite/fake/RYghCISo.jpg,1,satellite_fake,satellite,root,unknown_fake,seen,1.0,0,base
/ai_paas_jf/pangqs/AIGC/safepp_pytorch/data/test/satellite/fake/RjfBhqLJRuwAhoKPrGBqbw_grdView_fake_B.png,1,satellite_fake,satellite,root,unknown_fake,seen,1.0,0,base
/ai_paas_jf/pangqs/AIGC/safepp_pytorch/data/test/satellite/fake/SmK5D-Xeez1PlCvWcTFyjA.jpg,1,satellite_fake,satellite,root,unknown_fake,seen,1.0,0,base
/ai_paas_jf/pangqs/AIGC/safepp_pytorch/data/test/satellite/fake/T40ol8D-e3blhAkPovXnIw_grdView_fake_B.png,1,satellite_fake,satellite,root,unknown_fake,seen,1.0,0,base
/ai_paas_jf/pangqs/AIGC/safepp_pytorch/data/test/satellite/fake/TXdSOyeAM9rov0tLuKePoA.jpg,1,satellite_fake,satellite,root,unknown_fake,seen,1.0,0,base
/ai_paas_jf/pangqs/AIGC/safepp_pytorch/data/test/satellite/fake/Ujk3HHJhGKggHgPH5GoiQw_grdView_fake_B.png,1,satellite_fake,satellite,root,unknown_fake,seen,1.0,0,base
/ai_paas_jf/pangqs/AIGC/safepp_pytorch/data/test/satellite/fake/UkQzIA6qYHQJiOwqsnD0Tg.jpg,1,satellite_fake,satellite,root,unknown_fake,seen,1.0,0,base
/ai_paas_jf/pangqs/AIGC/safepp_pytorch/data/test/satellite/fake/UqBpDo.jpg,1,satellite_fake,satellite,root,unknown_fake,seen,1.0,0,base
/ai_paas_jf/pangqs/AIGC/safepp_pytorch/data/test/satellite/fake/VDHE4DE9yIBsBa6veA4FEg.jpg,1,satellite_fake,satellite,root,unknown_fake,seen,1.0,0,base
/ai_paas_jf/pangqs/AIGC/safepp_pytorch/data/test/satellite/fake/VLGAsxYUZ-pM81EQ0wjHWA.jpg,1,satellite_fake,satellite,root,unknown_fake,seen,1.0,0,base
/ai_paas_jf/pangqs/AIGC/safepp_pytorch/data/test/satellite/fake/VWfsOuyfOFYuOvTWxuuklw_grdView_fake_B.png,1,satellite_fake,satellite,root,unknown_fake,seen,1.0,0,base
/ai_paas_jf/pangqs/AIGC/safepp_pytorch/data/test/satellite/fake/VgfHARpkZHtf.jpg,1,satellite_fake,satellite,root,unknown_fake,seen,1.0,0,base
/ai_paas_jf/pangqs/AIGC/safepp_pytorch/data/test/satellite/fake/Vt.jpg,1,satellite_fake,satellite,root,unknown_fake,seen,1.0,0,base
/ai_paas_jf/pangqs/AIGC/safepp_pytorch/data/test/satellite/fake/WG.jpg,1,satellite_fake,satellite,root,unknown_fake,seen,1.0,0,base
/ai_paas_jf/pangqs/AIGC/safepp_pytorch/data/test/satellite/fake/WbS8mKHaBYDQswCfMit1MQ_grdView_fake_B.png,1,satellite_fake,satellite,root,unknown_fake,seen,1.0,0,base
/ai_paas_jf/pangqs/AIGC/safepp_pytorch/data/test/satellite/fake/WjslHXlLpDE3oxZnZ0qBjw_grdView_fake_B.png,1,satellite_fake,satellite,root,unknown_fake,seen,1.0,0,base
/ai_paas_jf/pangqs/AIGC/safepp_pytorch/data/test/satellite/fake/WvN6ow0j9ShNDXQK7qWQCg_grdView_fake_B.png,1,satellite_fake,satellite,root,unknown_fake,seen,1.0,0,base
/ai_paas_jf/pangqs/AIGC/safepp_pytorch/data/test/satellite/fake/X4Px6X3PXmtWPClRHju7Ng_grdView_fake_B.png,1,satellite_fake,satellite,root,unknown_fake,seen,1.0,0,base
/ai_paas_jf/pangqs/AIGC/safepp_pytorch/data/test/satellite/fake/XByjEHe3U4Peu0Xrjpys0g.jpg,1,satellite_fake,satellite,root,unknown_fake,seen,1.0,0,base
/ai_paas_jf/pangqs/AIGC/safepp_pytorch/data/test/satellite/fake/XC-aBz3q7xhV9unklHGrjQ.jpg,1,satellite_fake,satellite,root,unknown_fake,seen,1.0,0,base
/ai_paas_jf/pangqs/AIGC/safepp_pytorch/data/test/satellite/fake/XiqZuLgPqlKiclYWRy1BzA_grdView_fake_B.png,1,satellite_fake,satellite,root,unknown_fake,seen,1.0,0,base
/ai_paas_jf/pangqs/AIGC/safepp_pytorch/data/test/satellite/fake/Y1z609h6FH8Zq09IcSwC4A_grdView_fake_B.png,1,satellite_fake,satellite,root,unknown_fake,seen,1.0,0,base
/ai_paas_jf/pangqs/AIGC/safepp_pytorch/data/test/satellite/fake/Ygp1jTDmPGKmvQX2xZbmLA.jpg,1,satellite_fake,satellite,root,unknown_fake,seen,1.0,0,base
/ai_paas_jf/pangqs/AIGC/safepp_pytorch/data/test/satellite/fake/YrWodvn3PzDv2D-LPjsOkw_grdView_fake_B.png,1,satellite_fake,satellite,root,unknown_fake,seen,1.0,0,base
/ai_paas_jf/pangqs/AIGC/safepp_pytorch/data/test/satellite/fake/YtREA1QQuTcB9SSNuq28hg_grdView_fake_B.png,1,satellite_fake,satellite,root,unknown_fake,seen,1.0,0,base
/ai_paas_jf/pangqs/AIGC/safepp_pytorch/data/test/satellite/fake/Ytct8DC5nqEVx13ZaEq-yA.jpg,1,satellite_fake,satellite,root,unknown_fake,seen,1.0,0,base
/ai_paas_jf/pangqs/AIGC/safepp_pytorch/data/test/satellite/fake/YvjgFaZK3zmWaSiPWyf1iw_grdView_fake_B.png,1,satellite_fake,satellite,root,unknown_fake,seen,1.0,0,base
/ai_paas_jf/pangqs/AIGC/safepp_pytorch/data/test/satellite/fake/ZM7McN5ZOMV-kCm0.jpg,1,satellite_fake,satellite,root,unknown_fake,seen,1.0,0,base
/ai_paas_jf/pangqs/AIGC/safepp_pytorch/data/test/satellite/fake/aJ2k9N5nF.jpg,1,satellite_fake,satellite,root,unknown_fake,seen,1.0,0,base
/ai_paas_jf/pangqs/AIGC/safepp_pytorch/data/test/satellite/fake/aS6bDp5NHzuUQZz8LeCEeQ_grdView_fake_B.png,1,satellite_fake,satellite,root,unknown_fake,seen,1.0,0,base
/ai_paas_jf/pangqs/AIGC/safepp_pytorch/data/test/satellite/fake/acNo7BOAxgmPsfZSccQCjw.jpg,1,satellite_fake,satellite,root,unknown_fake,seen,1.0,0,base
/ai_paas_jf/pangqs/AIGC/safepp_pytorch/data/test/satellite/fake/avt0JrlE47kOO59xME2wzg_grdView_fake_B.png,1,satellite_fake,satellite,root,unknown_fake,seen,1.0,0,base
/ai_paas_jf/pangqs/AIGC/safepp_pytorch/data/test/satellite/fake/c9ct27gWa-3JLWymiihxow_grdView_fake_B.png,1,satellite_fake,satellite,root,unknown_fake,seen,1.0,0,base
/ai_paas_jf/pangqs/AIGC/safepp_pytorch/data/test/satellite/fake/cynIjnI54xGebuNThbRHFA.jpg,1,satellite_fake,satellite,root,unknown_fake,seen,1.0,0,base
/ai_paas_jf/pangqs/AIGC/safepp_pytorch/data/test/satellite/fake/djyktyt-h4TPkMeCPQxp3g_grdView_fake_B.png,1,satellite_fake,satellite,root,unknown_fake,seen,1.0,0,base
/ai_paas_jf/pangqs/AIGC/safepp_pytorch/data/test/satellite/fake/dmAWL80CdPJYU6I83KnOMg_grdView_fake_B.png,1,satellite_fake,satellite,root,unknown_fake,seen,1.0,0,base
/ai_paas_jf/pangqs/AIGC/safepp_pytorch/data/test/satellite/fake/eGUqYfd6eLIzI6vdN74FyA_grdView_fake_B.png,1,satellite_fake,satellite,root,unknown_fake,seen,1.0,0,base
/ai_paas_jf/pangqs/AIGC/safepp_pytorch/data/test/satellite/fake/eTDuivrJC9N4IfF30HOGhw.jpg,1,satellite_fake,satellite,root,unknown_fake,seen,1.0,0,base
/ai_paas_jf/pangqs/AIGC/safepp_pytorch/data/test/satellite/fake/eszPRHTWB8-Uax82DYj37w_grdView_fake_B.png,1,satellite_fake,satellite,root,unknown_fake,seen,1.0,0,base
/ai_paas_jf/pangqs/AIGC/safepp_pytorch/data/test/satellite/fake/ewEwNojPwvP8Zb6k6-CJnA.jpg,1,satellite_fake,satellite,root,unknown_fake,seen,1.0,0,base
/ai_paas_jf/pangqs/AIGC/safepp_pytorch/data/test/satellite/fake/f-RxUM-IOwPIazuGsnR8bA.jpg,1,satellite_fake,satellite,root,unknown_fake,seen,1.0,0,base
/ai_paas_jf/pangqs/AIGC/safepp_pytorch/data/test/satellite/fake/f9nv9sBr7o8SmgyM1vDfNA_grdView_fake_B.png,1,satellite_fake,satellite,root,unknown_fake,seen,1.0,0,base
/ai_paas_jf/pangqs/AIGC/safepp_pytorch/data/test/satellite/fake/fIkeUyuU0jqF-onpSKUQzw.jpg,1,satellite_fake,satellite,root,unknown_fake,seen,1.0,0,base
/ai_paas_jf/pangqs/AIGC/safepp_pytorch/data/test/satellite/fake/fQLM3Q0fdIbFKfD-p3DqfA_grdView_fake_B.png,1,satellite_fake,satellite,root,unknown_fake,seen,1.0,0,base
/ai_paas_jf/pangqs/AIGC/safepp_pytorch/data/test/satellite/fake/fmaVlNprSZVyQ0IatHlv7g_grdView_fake_B.png,1,satellite_fake,satellite,root,unknown_fake,seen,1.0,0,base
/ai_paas_jf/pangqs/AIGC/safepp_pytorch/data/test/satellite/fake/g6g6EivExIawir61bRemwA.jpg,1,satellite_fake,satellite,root,unknown_fake,seen,1.0,0,base
/ai_paas_jf/pangqs/AIGC/safepp_pytorch/data/test/satellite/fake/gedLTEauP3urJd1WW3BhKQ_grdView_fake_B.png,1,satellite_fake,satellite,root,unknown_fake,seen,1.0,0,base
/ai_paas_jf/pangqs/AIGC/safepp_pytorch/data/test/satellite/fake/gkcbDtwdH86ErkqOA2jdhA.jpg,1,satellite_fake,satellite,root,unknown_fake,seen,1.0,0,base
/ai_paas_jf/pangqs/AIGC/safepp_pytorch/data/test/satellite/fake/gkcbDtwdH86ErkqOA2jdhA_grdView_fake_B.png,1,satellite_fake,satellite,root,unknown_fake,seen,1.0,0,base
/ai_paas_jf/pangqs/AIGC/safepp_pytorch/data/test/satellite/fake/hedtjW6Atj.jpg,1,satellite_fake,satellite,root,unknown_fake,seen,1.0,0,base
/ai_paas_jf/pangqs/AIGC/safepp_pytorch/data/test/satellite/fake/i6GC9Nb7ZJqhRu3XrdJD1g.jpg,1,satellite_fake,satellite,root,unknown_fake,seen,1.0,0,base
/ai_paas_jf/pangqs/AIGC/safepp_pytorch/data/test/satellite/fake/iDoq9k88RXlUvKnFqa9LNw.jpg,1,satellite_fake,satellite,root,unknown_fake,seen,1.0,0,base
/ai_paas_jf/pangqs/AIGC/safepp_pytorch/data/test/satellite/fake/j2qCdP31BzZZnP05DKo-wg_grdView_fake_B.png,1,satellite_fake,satellite,root,unknown_fake,seen,1.0,0,base
/ai_paas_jf/pangqs/AIGC/safepp_pytorch/data/test/satellite/fake/jApmbm9G4J8ftnudKHSWPA_grdView_fake_B.png,1,satellite_fake,satellite,root,unknown_fake,seen,1.0,0,base
/ai_paas_jf/pangqs/AIGC/safepp_pytorch/data/test/satellite/fake/jZbY5b4OYiDbDPJw7b8JVA.jpg,1,satellite_fake,satellite,root,unknown_fake,seen,1.0,0,base
/ai_paas_jf/pangqs/AIGC/safepp_pytorch/data/test/satellite/fake/jyyUvejIOdZBvP4BexHDRw.jpg,1,satellite_fake,satellite,root,unknown_fake,seen,1.0,0,base
/ai_paas_jf/pangqs/AIGC/safepp_pytorch/data/test/satellite/fake/kDdjnzcDj0vlJpH4p7hyaw_grdView_fake_B.png,1,satellite_fake,satellite,root,unknown_fake,seen,1.0,0,base
/ai_paas_jf/pangqs/AIGC/safepp_pytorch/data/test/satellite/fake/kMHSQMuMWzoS1A9DnLtXpw_grdView_fake_B.png,1,satellite_fake,satellite,root,unknown_fake,seen,1.0,0,base
/ai_paas_jf/pangqs/AIGC/safepp_pytorch/data/test/satellite/fake/kbQ47d4q5bfTUrsHcJig0Q_grdView_fake_B.png,1,satellite_fake,satellite,root,unknown_fake,seen,1.0,0,base
/ai_paas_jf/pangqs/AIGC/safepp_pytorch/data/test/satellite/fake/kc.jpg,1,satellite_fake,satellite,root,unknown_fake,seen,1.0,0,base
/ai_paas_jf/pangqs/AIGC/safepp_pytorch/data/test/satellite/fake/kcR-ORaxrEFk8jy1VH-QEg.jpg,1,satellite_fake,satellite,root,unknown_fake,seen,1.0,0,base
/ai_paas_jf/pangqs/AIGC/safepp_pytorch/data/test/satellite/fake/lMGycgucSNcRVCMRXyKbOA.jpg,1,satellite_fake,satellite,root,unknown_fake,seen,1.0,0,base
/ai_paas_jf/pangqs/AIGC/safepp_pytorch/data/test/satellite/fake/m1FSEVsNOdk67xlzQIVXOg.jpg,1,satellite_fake,satellite,root,unknown_fake,seen,1.0,0,base
/ai_paas_jf/pangqs/AIGC/safepp_pytorch/data/test/satellite/fake/mZUJdXDmRG9daGufjdZOcg_grdView_fake_B.png,1,satellite_fake,satellite,root,unknown_fake,seen,1.0,0,base
/ai_paas_jf/pangqs/AIGC/safepp_pytorch/data/test/satellite/fake/mriNizH-gw1QwIrPovHePw_grdView_fake_B.png,1,satellite_fake,satellite,root,unknown_fake,seen,1.0,0,base
/ai_paas_jf/pangqs/AIGC/safepp_pytorch/data/test/satellite/fake/muVxKke4qI9txOq19KLaag_grdView_fake_B.png,1,satellite_fake,satellite,root,unknown_fake,seen,1.0,0,base
/ai_paas_jf/pangqs/AIGC/safepp_pytorch/data/test/satellite/fake/mw2HBVonr33majLKnBRUAA.jpg,1,satellite_fake,satellite,root,unknown_fake,seen,1.0,0,base
/ai_paas_jf/pangqs/AIGC/safepp_pytorch/data/test/satellite/fake/o1cx-QrqHShqPb2mtuUCZA.jpg,1,satellite_fake,satellite,root,unknown_fake,seen,1.0,0,base
/ai_paas_jf/pangqs/AIGC/safepp_pytorch/data/test/satellite/fake/o8DVj8gbUwMSIUFj2qHlCA.jpg,1,satellite_fake,satellite,root,unknown_fake,seen,1.0,0,base
/ai_paas_jf/pangqs/AIGC/safepp_pytorch/data/test/satellite/fake/oIx0aWrk1wZd.jpg,1,satellite_fake,satellite,root,unknown_fake,seen,1.0,0,base
/ai_paas_jf/pangqs/AIGC/safepp_pytorch/data/test/satellite/fake/oW45BIvf0pDpmYmyU8pbXA.jpg,1,satellite_fake,satellite,root,unknown_fake,seen,1.0,0,base
/ai_paas_jf/pangqs/AIGC/safepp_pytorch/data/test/satellite/fake/oX2q7qsbhxY9RVPwKw7Kzw_grdView_fake_B.png,1,satellite_fake,satellite,root,unknown_fake,seen,1.0,0,base
/ai_paas_jf/pangqs/AIGC/safepp_pytorch/data/test/satellite/fake/qWQZn9wFXCq0rIko6xAZ8w.jpg,1,satellite_fake,satellite,root,unknown_fake,seen,1.0,0,base
/ai_paas_jf/pangqs/AIGC/safepp_pytorch/data/test/satellite/fake/qm4gCML4eDb4rSVihaahOw_grdView_fake_B.png,1,satellite_fake,satellite,root,unknown_fake,seen,1.0,0,base
/ai_paas_jf/pangqs/AIGC/safepp_pytorch/data/test/satellite/fake/qstkq6oUqm4n2UPaAu6thw.jpg,1,satellite_fake,satellite,root,unknown_fake,seen,1.0,0,base
/ai_paas_jf/pangqs/AIGC/safepp_pytorch/data/test/satellite/fake/rJQQ1eOHRqRGHyZ3QgpuKg_grdView_fake_B.png,1,satellite_fake,satellite,root,unknown_fake,seen,1.0,0,base
/ai_paas_jf/pangqs/AIGC/safepp_pytorch/data/test/satellite/fake/rUiHWlorvBGaMe9P5HqBcA_grdView_fake_B.png,1,satellite_fake,satellite,root,unknown_fake,seen,1.0,0,base
/ai_paas_jf/pangqs/AIGC/safepp_pytorch/data/test/satellite/fake/rXfm9I94SDzN8nAbct7VJw_grdView_fake_B.png,1,satellite_fake,satellite,root,unknown_fake,seen,1.0,0,base
/ai_paas_jf/pangqs/AIGC/safepp_pytorch/data/test/satellite/fake/scF0Z4w-DKorXTte8L7utQ.jpg,1,satellite_fake,satellite,root,unknown_fake,seen,1.0,0,base
/ai_paas_jf/pangqs/AIGC/safepp_pytorch/data/test/satellite/fake/tDRpxuMXnz-H2kwhEMpH9Q.jpg,1,satellite_fake,satellite,root,unknown_fake,seen,1.0,0,base
/ai_paas_jf/pangqs/AIGC/safepp_pytorch/data/test/satellite/fake/tXcHmV-4iGyJaCphvdbnDg.jpg,1,satellite_fake,satellite,root,unknown_fake,seen,1.0,0,base
/ai_paas_jf/pangqs/AIGC/safepp_pytorch/data/test/satellite/fake/te9ygoUwByiioPfr5FUPiA_grdView_fake_B.png,1,satellite_fake,satellite,root,unknown_fake,seen,1.0,0,base
/ai_paas_jf/pangqs/AIGC/safepp_pytorch/data/test/satellite/fake/tv2lt9V.jpg,1,satellite_fake,satellite,root,unknown_fake,seen,1.0,0,base
/ai_paas_jf/pangqs/AIGC/safepp_pytorch/data/test/satellite/fake/u01G7Ru2YhFGOlww6SU20g_grdView_fake_B.png,1,satellite_fake,satellite,root,unknown_fake,seen,1.0,0,base
/ai_paas_jf/pangqs/AIGC/safepp_pytorch/data/test/satellite/fake/ud99QF5iFueArjClG7JlNA.jpg,1,satellite_fake,satellite,root,unknown_fake,seen,1.0,0,base
/ai_paas_jf/pangqs/AIGC/safepp_pytorch/data/test/satellite/fake/umG4wlEQMmyeCAg0JmiCHQ.jpg,1,satellite_fake,satellite,root,unknown_fake,seen,1.0,0,base
/ai_paas_jf/pangqs/AIGC/safepp_pytorch/data/test/satellite/fake/vbGPnz6xAidE7mWXsJTr-w_grdView_fake_B.png,1,satellite_fake,satellite,root,unknown_fake,seen,1.0,0,base
/ai_paas_jf/pangqs/AIGC/safepp_pytorch/data/test/satellite/fake/vi9samD5qVtcmAL7cHlXIw_grdView_fake_B.png,1,satellite_fake,satellite,root,unknown_fake,seen,1.0,0,base
/ai_paas_jf/pangqs/AIGC/safepp_pytorch/data/test/satellite/fake/vzI7nhvj4fE9vXmRKIAswQ.jpg,1,satellite_fake,satellite,root,unknown_fake,seen,1.0,0,base
/ai_paas_jf/pangqs/AIGC/safepp_pytorch/data/test/satellite/fake/wWiPtS2hVpm45nECtbDJzw_grdView_fake_B.png,1,satellite_fake,satellite,root,unknown_fake,seen,1.0,0,base
/ai_paas_jf/pangqs/AIGC/safepp_pytorch/data/test/satellite/fake/wdVCq6Ba4sX3egLa5vWtAg_grdView_fake_B.png,1,satellite_fake,satellite,root,unknown_fake,seen,1.0,0,base
/ai_paas_jf/pangqs/AIGC/safepp_pytorch/data/test/satellite/fake/wjRke5ay0qdSv5X3qJIWuA_grdView_fake_B.png,1,satellite_fake,satellite,root,unknown_fake,seen,1.0,0,base
/ai_paas_jf/pangqs/AIGC/safepp_pytorch/data/test/satellite/fake/wl9YuvGe33trI4G2Chsk-A.jpg,1,satellite_fake,satellite,root,unknown_fake,seen,1.0,0,base
/ai_paas_jf/pangqs/AIGC/safepp_pytorch/data/test/satellite/fake/wwX5Z40OLyatAfgq0cSeoA.jpg,1,satellite_fake,satellite,root,unknown_fake,seen,1.0,0,base
/ai_paas_jf/pangqs/AIGC/safepp_pytorch/data/test/satellite/fake/wzsocNdwxRIA3pnLjx8B2g_grdView_fake_B.png,1,satellite_fake,satellite,root,unknown_fake,seen,1.0,0,base
/ai_paas_jf/pangqs/AIGC/safepp_pytorch/data/test/satellite/fake/xkDT4ELMXUBPZpsnx-b7ew.jpg,1,satellite_fake,satellite,root,unknown_fake,seen,1.0,0,base
/ai_paas_jf/pangqs/AIGC/safepp_pytorch/data/test/satellite/fake/xkRyv0SYN7r7q9MWspqpSQ.jpg,1,satellite_fake,satellite,root,unknown_fake,seen,1.0,0,base
/ai_paas_jf/pangqs/AIGC/safepp_pytorch/data/test/satellite/fake/xnGcPhH0zyL0mEu9A6305g.jpg,1,satellite_fake,satellite,root,unknown_fake,seen,1.0,0,base
/ai_paas_jf/pangqs/AIGC/safepp_pytorch/data/test/satellite/fake/y-UmyjB7PEqJOFL9ESYvig_grdView_fake_B.png,1,satellite_fake,satellite,root,unknown_fake,seen,1.0,0,base
/ai_paas_jf/pangqs/AIGC/safepp_pytorch/data/test/satellite/fake/y7A7YPpkRFRwhqBSxhYifA.jpg,1,satellite_fake,satellite,root,unknown_fake,seen,1.0,0,base
/ai_paas_jf/pangqs/AIGC/safepp_pytorch/data/test/satellite/fake/y9xmPR7jdoNF5IEe1bqESQ.jpg,1,satellite_fake,satellite,root,unknown_fake,seen,1.0,0,base
/ai_paas_jf/pangqs/AIGC/safepp_pytorch/data/test/satellite/fake/yRaiKQ29kA6LpGPdQETUWg_grdView_fake_B.png,1,satellite_fake,satellite,root,unknown_fake,seen,1.0,0,base
/ai_paas_jf/pangqs/AIGC/safepp_pytorch/data/test/satellite/fake/ymj14esKuO4Iq0dqhSle0A_grdView_fake_B.png,1,satellite_fake,satellite,root,unknown_fake,seen,1.0,0,base
/ai_paas_jf/pangqs/AIGC/safepp_pytorch/data/test/satellite/fake/ytnJ8GDPLynBEHVZ4RknpQ.jpg,1,satellite_fake,satellite,root,unknown_fake,seen,1.0,0,base
/ai_paas_jf/pangqs/AIGC/safepp_pytorch/data/test/satellite/fake/z5lFcPPu.jpg,1,satellite_fake,satellite,root,unknown_fake,seen,1.0,0,base
/ai_paas_jf/pangqs/AIGC/safepp_pytorch/data/test/satellite/fake/zFzOHhMfqYSi7X-z42dzLg_grdView_fake_B.png,1,satellite_fake,satellite,root,unknown_fake,seen,1.0,0,base
/ai_paas_jf/pangqs/AIGC/safepp_pytorch/data/test/satellite/fake/zYAoKPLqtVMShKZY98tPtQ_grdView_fake_B.png,1,satellite_fake,satellite,root,unknown_fake,seen,1.0,0,base
/ai_paas_jf/pangqs/AIGC/safepp_pytorch/data/test/satellite/fake/zsah85UXnEXykSqLC6VYFw.jpg,1,satellite_fake,satellite,root,unknown_fake,seen,1.0,0,base
/ai_paas_jf/pangqs/AIGC/safepp_pytorch/data/test/satellite/fake/zxQ6v4HX8DnXtAfA8PMn9g_grdView_fake_B.png,1,satellite_fake,satellite,root,unknown_fake,seen,1.0,0,base
G:\shixi\April\test\dataset_futuristic_city\images\00000_Playing_with_AI_image_generating__Neural_Networks__--_See_input_text_in_descript_49248c0f6632.jpg,1,hard,collected,photo,gpt,hard,3.0,1,iter_20260511_001
G:\shixi\April\test\dataset_futuristic_city\images\00001_Playing_with_AI_image_generating__Neural_Networks__--_See_input_text_in_descript_f7703f8e20e0.jpg,1,hard,collected,photo,gpt,hard,3.0,1,iter_20260511_001
G:\shixi\April\test\dataset_futuristic_city\images\00002_Playing_with_AI_image_generating__Neural_Networks__--_See_input_text_in_descript_d7c97abf2223.jpg,1,hard,collected,photo,gpt,hard,3.0,1,iter_20260511_001
G:\shixi\April\test\dataset_futuristic_city\images\00003_Playing_with_AI_image_generating__Neural_Networks__--_See_input_text_in_descript_32c55a15bc4e.jpg,1,hard,collected,photo,gpt,hard,3.0,1,iter_20260511_001
G:\shixi\April\test\dataset_futuristic_city\images\00004_Playing_with_AI_image_generating__Neural_Networks__--_See_input_text_in_descript_014bfa6e323c.jpg,1,hard,collected,photo,gpt,hard,3.0,1,iter_20260511_001
G:\shixi\April\test\gpt image2\1776911240309-k054r1.jpg,1,hard,collected,photo,gpt,hard,3.0,1,iter_20260511_001
G:\shixi\April\test\gpt image2\1776911250039-d6st61.jpg,1,hard,collected,photo,gpt,hard,3.0,1,iter_20260511_001
G:\shixi\April\test\gpt image2\1776911266532-9aib9z.jpg,1,hard,collected,photo,gpt,hard,3.0,1,iter_20260511_001
G:\shixi\April\test\gpt image2\45e12ea3-f4bd-4064-a1c1-dbb64e5c050d.png,1,hard,collected,photo,gpt,hard,3.0,1,iter_20260511_001
G:\shixi\April\test\gpt image2\80df12bf-ceb3-4c52-90d2-838e5f1f4e7f.png,1,hard,collected,photo,gpt,hard,3.0,1,iter_20260511_001
G:\shixi\April\test\gpt image2\81632741-8172-45c1-8a75-b1f3bca4b7df.png,1,hard,collected,photo,gpt,hard,3.0,1,iter_20260511_001
G:\shixi\April\test\gpt image2\apple-park-tim-cook-keynote.jpg,1,hard,collected,photo,gpt,hard,3.0,1,iter_20260511_001
G:\shixi\April\test\gpt image2\ChatGPT Image 2026年4月22日 14_41_13.png,1,hard,collected,photo,gpt,hard,3.0,1,iter_20260511_001
G:\shixi\April\test\gpt image2\ChatGPT Image 2026年4月22日 14_53_09.png,1,hard,collected,photo,gpt,hard,3.0,1,iter_20260511_001
G:\shixi\April\test\gpt image2\ChatGPT Image 2026年4月22日 15_10_35.png,1,hard,collected,photo,gpt,hard,3.0,1,iter_20260511_001
G:\shixi\April\test\gpt image2\ChatGPT Image 2026年4月24日 09_40_48.png,1,hard,collected,photo,gpt,hard,3.0,1,iter_20260511_001
G:\shixi\April\test\gpt image2\ChatGPT Image 2026年4月24日 09_42_20.png,1,hard,collected,photo,gpt,hard,3.0,1,iter_20260511_001
G:\shixi\April\test\gpt image2\ChatGPT Image 2026年4月24日 09_44_27.png,1,hard,collected,photo,gpt,hard,3.0,1,iter_20260511_001
G:\shixi\April\test\gpt image2\ChatGPT Image 2026年4月24日 09_47_34.png,1,hard,collected,photo,gpt,hard,3.0,1,iter_20260511_001
G:\shixi\April\test\gpt image2\ChatGPT Image 2026年4月24日 09_51_39.png,1,hard,collected,photo,gpt,hard,3.0,1,iter_20260511_001
G:\shixi\April\test\gpt image2\ChatGPT Image 2026年4月24日 10_20_59.png,1,hard,collected,photo,gpt,hard,3.0,1,iter_20260511_001
G:\shixi\April\test\gpt image2\ChatGPT Image 2026年4月24日 10_24_54.png,1,hard,collected,photo,gpt,hard,3.0,1,iter_20260511_001
G:\shixi\April\test\gpt image2\ChatGPT Image 2026年4月24日 11_03_24.png,1,hard,collected,photo,gpt,hard,3.0,1,iter_20260511_001
G:\shixi\April\test\gpt image2\de181d96-b17c-4c90-aa39-31a9f0297658.png,1,hard,collected,photo,gpt,hard,3.0,1,iter_20260511_001
G:\shixi\April\test\gpt image2\gpt-image-2-vs-nano-banana-pro-4.jpg,1,hard,collected,photo,gpt,hard,3.0,1,iter_20260511_001
G:\shixi\April\test\gpt image2\model.png,1,hard,collected,photo,gpt,hard,3.0,1,iter_20260511_001
G:\shixi\April\test\gpt image2\OIF-C.jpg,1,hard,collected,photo,gpt,hard,3.0,1,iter_20260511_001
G:\shixi\April\test\gpt image2\sample.png,1,hard,collected,photo,gpt,hard,3.0,1,iter_20260511_001
G:\shixi\April\test\gpt image2\总体设计图.png,1,hard,collected,photo,gpt,hard,3.0,1,iter_20260511_001
G:\shixi\April\test\gpt image2\流程2.png,1,hard,collected,photo,gpt,hard,3.0,1,iter_20260511_001
G:\shixi\April\test\gpt image2\示意图.png,1,hard,collected,photo,gpt,hard,3.0,1,iter_20260511_001
G:\shixi\April\test\page_images\images\00002_0ea1cdf826aa.jpg,1,hard,collected,photo,gpt,hard,3.0,1,iter_20260511_001
G:\shixi\April\test\page_images\images\00003_51ee9acceb4f.jpg,1,hard,collected,photo,gpt,hard,3.0,1,iter_20260511_001
G:\shixi\April\test\page_images\images\00004_652d96c39259.jpg,1,hard,collected,photo,gpt,hard,3.0,1,iter_20260511_001
G:\shixi\April\test\page_images\images\00005_ba550a501d8a.jpg,1,hard,collected,photo,gpt,hard,3.0,1,iter_20260511_001
G:\shixi\April\test\page_images\images\00008_58ffdec7a18b.jpg,1,hard,collected,photo,gpt,hard,3.0,1,iter_20260511_001
G:\shixi\April\test\page_images\images\00010_7db4d86af9bd.jpg,1,hard,collected,photo,gpt,hard,3.0,1,iter_20260511_001
G:\shixi\April\test\page_images\images\00012_f3ce40a01551.jpg,1,hard,collected,photo,gpt,hard,3.0,1,iter_20260511_001
G:\shixi\April\test\page_images\images\00013_d8be2d3e9725.jpg,1,hard,collected,photo,gpt,hard,3.0,1,iter_20260511_001
G:\shixi\April\test\page_images\images\00014_8665a94c7386.jpg,1,hard,collected,photo,gpt,hard,3.0,1,iter_20260511_001
G:\shixi\April\test\page_images\images\00021_eb7cda23e5a1.jpg,1,hard,collected,photo,gpt,hard,3.0,1,iter_20260511_001
G:\shixi\April\test\page_images\images\00022_fcb90479aa2c.jpg,1,hard,collected,photo,gpt,hard,3.0,1,iter_20260511_001
G:\shixi\April\test\page_images\images\00024_617c289d06c3.jpg,1,hard,collected,photo,gpt,hard,3.0,1,iter_20260511_001
G:\shixi\April\test\page_images\images\00028_5726fd75c318.jpg,1,hard,collected,photo,gpt,hard,3.0,1,iter_20260511_001
G:\shixi\April\test\page_images\images\00029_a947975c1316.jpg,1,hard,collected,photo,gpt,hard,3.0,1,iter_20260511_001
G:\shixi\April\test\page_images\images\00030_e4713e3b876c.jpg,1,hard,collected,photo,gpt,hard,3.0,1,iter_20260511_001
G:\shixi\April\test\page_images\images\00031_acf1043a2dd9.jpg,1,hard,collected,photo,gpt,hard,3.0,1,iter_20260511_001
G:\shixi\April\test\page_images\images\00032_6bbb0be28893.jpg,1,hard,collected,photo,gpt,hard,3.0,1,iter_20260511_001
G:\shixi\April\test\page_images\images\00033_271841ee118b.jpg,1,hard,collected,photo,gpt,hard,3.0,1,iter_20260511_001
G:\shixi\April\test\page_images\images\00034_be6dd5bd996e.jpg,1,hard,collected,photo,gpt,hard,3.0,1,iter_20260511_001
G:\shixi\April\test\图片1.png,1,hard,collected,photo,gpt,hard,3.0,1,iter_20260511_001
G:\shixi\April\test\图片2.png,1,hard,collected,photo,gpt,hard,3.0,1,iter_20260511_001
G:\shixi\April\test\搜集\28bbd243a9e8a41b9e60534c2a30a41c510059497.jpg,1,hard,collected,photo,gpt,hard,3.0,1,iter_20260511_001
G:\shixi\April\test\搜集\2e3c40e7d99a8cc63fcc4f326cf80b541778800963 (1).png,1,hard,collected,photo,gpt,hard,3.0,1,iter_20260511_001
G:\shixi\April\test\搜集\488aaf9e43127b1b6ed892d0f02feb0d3537120757025697.jpg,1,hard,collected,photo,gpt,hard,3.0,1,iter_20260511_001
G:\shixi\April\test\搜集\49f0e37c6bcbfbb6a117acf8d063bcaa403879014.jpg,1,hard,collected,photo,gpt,hard,3.0,1,iter_20260511_001
G:\shixi\April\test\搜集\55d678c6de57d82210d91583cace106c599265427.png,1,hard,collected,photo,gpt,hard,3.0,1,iter_20260511_001
G:\shixi\April\test\搜集\6d7bff2b27f7c2bc9bb584db9f43343b289351363.jpg,1,hard,collected,photo,gpt,hard,3.0,1,iter_20260511_001
G:\shixi\April\test\搜集\736e98fba3794f01f6ee717a9da589873494380293851471.png,1,hard,collected,photo,gpt,hard,3.0,1,iter_20260511_001
G:\shixi\April\test\搜集\7581dc7f8a5b6d302524295b86633bad1354835581.jpg,1,hard,collected,photo,gpt,hard,3.0,1,iter_20260511_001
G:\shixi\April\test\搜集\7925624dcc38c9c85ae0646a1f0d884c39689297.png,1,hard,collected,photo,gpt,hard,3.0,1,iter_20260511_001
G:\shixi\April\test\搜集\a2598ee5580159433783959ea6615db91281174497.png,1,hard,collected,photo,gpt,hard,3.0,1,iter_20260511_001
G:\shixi\April\test\搜集\a2a2667c2a98055f59f76837c3d34f2f403879014.jpg,1,hard,collected,photo,gpt,hard,3.0,1,iter_20260511_001
G:\shixi\April\test\搜集\d428030c8960aedacf7a34eccd7ab475647316973.jpg,1,hard,collected,photo,gpt,hard,3.0,1,iter_20260511_001
G:\shixi\April\test\搜集\efa4342b544746d0fe4ecdc3ec3b74043537120757025697.jpg,1,hard,collected,photo,gpt,hard,3.0,1,iter_20260511_001
G:\shixi\April\test\搜集\f5bd91d2042b0ae637e6321697f993e42080150725.png,1,hard,collected,photo,gpt,hard,3.0,1,iter_20260511_001
G:\shixi\April\test\搜集\f61656e0a9b5e9977afad80cfa903d9f484973240.png,1,hard,collected,photo,gpt,hard,3.0,1,iter_20260511_001
